zotero(3)(+0000000): Using data directory E:\Kumiko\pythonProject\Zotero\tmp\zotero-0.6.0-smoke-data

zotero(3)(+0000004): Asynchronously opening database 'zotero'

zotero(3)(+0000005): E:\Kumiko\pythonProject\Zotero\tmp\zotero-0.6.0-smoke-data\zotero.sqlite

Crash Annotation GraphicsCriticalError: |[0][GFX1-]: RenderCompositorSWGL failed mapping default framebuffer, no dt (t=4.6069) zotero(4)(+0000051): Registering notifier observer 'paneHeader_rS' for [item]

[GFX1-]: RenderCompositorSWGL failed mapping default framebuffer, no dt
zotero(3)(+0000223): Creating boolean pref 'extensions.zotero.panes.info.open'

zotero(4)(+0000145): Registering notifier observer 'itemBox_Si' for [item,infobox,tab]

zotero(3)(+0000001): Creating boolean pref 'extensions.zotero.panes.abstract.open'

zotero(4)(+0000001): Registering notifier observer 'abstractBox_K4' for [item,tab]

zotero(3)(+0000001): Creating boolean pref 'extensions.zotero.panes.attachments.open'

zotero(4)(+0000000): Registering notifier observer 'attachmentsBox_Y8' for [item]

zotero(3)(+0000001): Creating boolean pref 'extensions.zotero.panes.notes.open'

zotero(4)(+0000000): Registering notifier observer 'notesBox_xk' for [item]

zotero(3)(+0000001): Creating boolean pref 'extensions.zotero.panes.note-info.open'

zotero(4)(+0000001): Registering notifier observer 'noteBox_86' for [item]

zotero(3)(+0000002): Creating boolean pref 'extensions.zotero.panes.attachment-info.open'

zotero(3)(+0000002): Creating boolean pref 'extensions.zotero.panes.tags.open'

zotero(4)(+0000001): Registering notifier observer 'tagsBox_IS' for [item-tag,setting] with priority 101

zotero(3)(+0000000): Creating boolean pref 'extensions.zotero.panes.libraries-collections.open'

zotero(4)(+0000001): Registering notifier observer 'librariesCollectionsBox_2m' for [item,collection]

zotero(3)(+0000000): Creating boolean pref 'extensions.zotero.panes.related.open'

zotero(4)(+0000001): Registering notifier observer 'relatedbox_Du' for [item]

zotero(4)(+0000000): Registering notifier observer 'noteEditor_bn' for [item,file]

zotero(4)(+0000000): Registering notifier observer 'attachmentbox_eq' for [item]

zotero(3)(+0000001): Creating boolean pref 'extensions.zotero.panes.attachment-annotations.open'

zotero(4)(+0000000): Registering notifier observer 'attachmentAnnotationsBox_MT' for [item]

zotero(4)(+0000001): Registering notifier observer 'librariesCollectionsBox_bA' for [item,collection]

zotero(4)(+0000001): Registering notifier observer 'tagsBox_JH' for [item-tag,setting] with priority 101

zotero(4)(+0000001): Registering notifier observer 'relatedbox_2D' for [item]

zotero(4)(+0000000): Registering notifier observer 'ItemDetails_Yc' for [item,itempane,tab]

zotero(4)(+0000003): Registering notifier observer 'tagsBox_0V' for [item-tag,setting] with priority 101

zotero(4)(+0000000): Registering notifier observer 'librariesCollectionsBox_OU' for [item,collection]

zotero(4)(+0000001): Registering notifier observer 'relatedbox_Dk' for [item]

zotero(4)(+0000000): Registering notifier observer 'noteEditor_t6' for [item,file]

zotero(4)(+0000002): Registering notifier observer 'itemBox_df' for [item,infobox,tab]

zotero(4)(+0000000): Registering notifier observer 'gI' for [item]

zotero(4)(+0000001): Registering notifier observer 'wt' for [item]

zotero(4)(+0000001): Registering notifier observer 'contextPane_5F' for [item]

zotero(4)(+0000001): Registering notifier observer 'contextPane_ey' for [tab] with priority 20

zotero(4)(+0000001): PRAGMA main.locking_mode=EXCLUSIVE

zotero(4)(+0000003): PRAGMA page_size

zotero(4)(+0000007): PRAGMA cache_size=250

zotero(4)(+0000000): PRAGMA foreign_keys=true

zotero(4)(+0000038): SELECT version FROM version WHERE schema='system'

zotero(4)(+0000001): SELECT COUNT(*) FROM sqlite_master WHERE type='table' AND tbl_name=? ['version']

zotero(4)(+0000001): SELECT version FROM version WHERE schema='userdata'

zotero(4)(+0000000): SELECT version FROM version WHERE schema='compatibility'

zotero(3)(+0000001): Proxy required for https://zoteroproxycheck.s3.amazonaws.com/test -- making HEAD request to trigger auth prompt

zotero(3)(+0000000): HTTP HEAD https://zoteroproxycheck.s3.amazonaws.com/test

zotero(4)(+0000001): SELECT COUNT(*) FROM sqlite_master WHERE type='table' AND tbl_name=? ['version']

zotero(4)(+0000000): SELECT COUNT(*) FROM sqlite_master WHERE type='table' AND tbl_name=? ['version']

zotero(3)(+0000000): Database does not exist -- creating


zotero(4)(+0000001): Beginning DB transaction VuVu294m

zotero(4)(+0000001): PRAGMA page_size = 4096

zotero(4)(+0000000): PRAGMA encoding = 'UTF-8'

zotero(4)(+0000001): PRAGMA auto_vacuum = 1

zotero(3)(+0000000): Getting contents of [xpconnect wrapped nsIChannel]

zotero(3)(+0000025): Refreshing item box

zotero(2)(+0000000): No item to refresh

zotero(4)(+0000000): DROP TABLE IF EXISTS fieldFormats

zotero(4)(+0000011): CREATE TABLE fieldFormats (    fieldFormatID INTEGER PRIMARY KEY,    regex TEXT,    isInteger INT)

zotero(4)(+0000002): DROP TABLE IF EXISTS charsets

zotero(4)(+0000002): CREATE TABLE charsets (    charsetID INTEGER PRIMARY KEY,    charset TEXT UNIQUE)

zotero(4)(+0000003): CREATE INDEX charsets_charset ON charsets(charset)

zotero(4)(+0000007): DROP TABLE IF EXISTS fileTypes

zotero(4)(+0000002): CREATE TABLE fileTypes (    fileTypeID INTEGER PRIMARY KEY,    fileType TEXT UNIQUE)

zotero(4)(+0000001): CREATE INDEX fileTypes_fileType ON fileTypes(fileType)

zotero(4)(+0000003): DROP TABLE IF EXISTS fileTypeMimeTypes

zotero(4)(+0000001): CREATE TABLE fileTypeMimeTypes (    fileTypeID INT,    mimeType TEXT,    PRIMARY KEY (fileTypeID, mimeType),    FOREIGN KEY (fileTypeID) REFERENCES fileTypes(fileTypeID))

zotero(4)(+0000000): CREATE INDEX fileTypeMimeTypes_mimeType ON fileTypeMimeTypes(mimeType)

zotero(4)(+0000000): DROP TABLE IF EXISTS syncObjectTypes

zotero(4)(+0000001): CREATE TABLE syncObjectTypes (    syncObjectTypeID INTEGER PRIMARY KEY,    name TEXT)

zotero(4)(+0000000): CREATE INDEX syncObjectTypes_name ON syncObjectTypes(name)

zotero(4)(+0000000): INSERT INTO "fieldFormats" VALUES(1, '.*', 0)

zotero(4)(+0000001): INSERT INTO "fieldFormats" VALUES(2, '[0-9]*', 1)

zotero(4)(+0000000): INSERT INTO "fieldFormats" VALUES(3, '[0-9]{4}', 1)

zotero(4)(+0000000): INSERT INTO "charsets" VALUES (1, 'utf-8')

zotero(4)(+0000000): INSERT INTO "charsets" VALUES (2, 'big5')

zotero(4)(+0000000): INSERT INTO "charsets" VALUES (3, 'euc-jp')

zotero(4)(+0000001): INSERT INTO "charsets" VALUES (4, 'euc-kr')

zotero(4)(+0000000): INSERT INTO "charsets" VALUES (5, 'gb18030')

zotero(4)(+0000000): INSERT INTO "charsets" VALUES (6, 'gbk')

zotero(4)(+0000000): INSERT INTO "charsets" VALUES (7, 'ibm866')

zotero(4)(+0000005): INSERT INTO "charsets" VALUES (8, 'iso-2022-jp')

zotero(4)(+0000003): INSERT INTO "charsets" VALUES (9, 'iso-8859-2')

zotero(4)(+0000000): INSERT INTO "charsets" VALUES (10, 'iso-8859-3')

zotero(4)(+0000000): INSERT INTO "charsets" VALUES (11, 'iso-8859-4')

zotero(4)(+0000000): INSERT INTO "charsets" VALUES (12, 'iso-8859-5')

zotero(4)(+0000001): INSERT INTO "charsets" VALUES (13, 'iso-8859-6')

zotero(4)(+0000000): INSERT INTO "charsets" VALUES (14, 'iso-8859-7')

zotero(4)(+0000000): INSERT INTO "charsets" VALUES (15, 'iso-8859-8')

zotero(4)(+0000000): INSERT INTO "charsets" VALUES (16, 'iso-8859-8-i')

zotero(4)(+0000000): INSERT INTO "charsets" VALUES (17, 'iso-8859-10')

zotero(4)(+0000000): INSERT INTO "charsets" VALUES (18, 'iso-8859-13')

zotero(4)(+0000000): INSERT INTO "charsets" VALUES (19, 'iso-8859-14')

zotero(4)(+0000001): INSERT INTO "charsets" VALUES (20, 'iso-8859-15')

zotero(4)(+0000000): INSERT INTO "charsets" VALUES (21, 'iso-8859-16')

zotero(4)(+0000000): INSERT INTO "charsets" VALUES (22, 'koi8-r')

zotero(4)(+0000000): INSERT INTO "charsets" VALUES (23, 'koi8-u')

zotero(4)(+0000000): INSERT INTO "charsets" VALUES (24, 'macintosh')

zotero(4)(+0000001): INSERT INTO "charsets" VALUES (25, 'replacement')

zotero(4)(+0000000): INSERT INTO "charsets" VALUES (26, 'shift_jis')

zotero(4)(+0000000): INSERT INTO "charsets" VALUES (27, 'utf-16be')

zotero(4)(+0000000): INSERT INTO "charsets" VALUES (28, 'utf-16le')

zotero(4)(+0000000): INSERT INTO "charsets" VALUES (29, 'windows-874')

zotero(4)(+0000000): INSERT INTO "charsets" VALUES (30, 'windows-1250')

zotero(4)(+0000001): INSERT INTO "charsets" VALUES (31, 'windows-1251')

zotero(4)(+0000000): INSERT INTO "charsets" VALUES (32, 'windows-1252')

zotero(4)(+0000000): INSERT INTO "charsets" VALUES (33, 'windows-1253')

zotero(4)(+0000001): INSERT INTO "charsets" VALUES (34, 'windows-1254')

zotero(4)(+0000000): INSERT INTO "charsets" VALUES (35, 'windows-1255')

zotero(4)(+0000000): INSERT INTO "charsets" VALUES (36, 'windows-1256')

zotero(4)(+0000000): INSERT INTO "charsets" VALUES (37, 'windows-1257')

zotero(4)(+0000000): INSERT INTO "charsets" VALUES (38, 'windows-1258')

zotero(4)(+0000001): INSERT INTO "charsets" VALUES (39, 'x-mac-cyrillic')

zotero(4)(+0000000): INSERT INTO "charsets" VALUES (40, 'x-user-defined')

zotero(4)(+0000000): INSERT INTO "fileTypes" VALUES(1, 'webpage')

zotero(4)(+0000000): INSERT INTO "fileTypes" VALUES(2, 'image')

zotero(4)(+0000000): INSERT INTO "fileTypes" VALUES(3, 'pdf')

zotero(4)(+0000000): INSERT INTO "fileTypes" VALUES(4, 'audio')

zotero(4)(+0000001): INSERT INTO "fileTypes" VALUES(5, 'video')

zotero(4)(+0000000): INSERT INTO "fileTypes" VALUES(6, 'document')

zotero(4)(+0000000): INSERT INTO "fileTypes" VALUES(7, 'presentation')

zotero(4)(+0000000): INSERT INTO "fileTypes" VALUES(8, 'ebook')

zotero(4)(+0000000): INSERT INTO "fileTypeMIMETypes" VALUES(1, 'text/html')

zotero(4)(+0000000): INSERT INTO "fileTypeMIMETypes" VALUES(2, 'image/')

zotero(4)(+0000001): INSERT INTO "fileTypeMIMETypes" VALUES(2, 'application/vnd.oasis.opendocument.graphics')

zotero(4)(+0000000): INSERT INTO "fileTypeMIMETypes" VALUES(2, 'application/vnd.oasis.opendocument.image')

zotero(4)(+0000000): INSERT INTO "fileTypeMIMETypes" VALUES(3, 'application/pdf')

zotero(4)(+0000000): INSERT INTO "fileTypeMIMETypes" VALUES(4, 'audio/')

zotero(4)(+0000000): INSERT INTO "fileTypeMIMETypes" VALUES(4, 'x-pn-realaudio')

zotero(4)(+0000000): INSERT INTO "fileTypeMIMETypes" VALUES(4, 'application/ogg')

zotero(4)(+0000000): INSERT INTO "fileTypeMIMETypes" VALUES(4, 'application/x-killustrator')

zotero(4)(+0000000): INSERT INTO "fileTypeMIMETypes" VALUES(5, 'video/')

zotero(4)(+0000001): INSERT INTO "fileTypeMIMETypes" VALUES(5, 'application/x-shockwave-flash')

zotero(4)(+0000000): INSERT INTO "fileTypeMIMETypes" VALUES(6, 'text/plain')

zotero(4)(+0000000): INSERT INTO "fileTypeMIMETypes" VALUES(6, 'application/rtf')

zotero(4)(+0000000): INSERT INTO "fileTypeMIMETypes" VALUES(6, 'application/msword')

zotero(4)(+0000000): INSERT INTO "fileTypeMIMETypes" VALUES(6, 'text/xml')

zotero(4)(+0000000): INSERT INTO "fileTypeMIMETypes" VALUES(6, 'application/postscript')

zotero(4)(+0000000): INSERT INTO "fileTypeMIMETypes" VALUES(6, 'application/wordperfect5.1')

zotero(4)(+0000000): INSERT INTO "fileTypeMIMETypes" VALUES(6, 'application/x-latex')

zotero(4)(+0000001): INSERT INTO "fileTypeMIMETypes" VALUES(6, 'application/x-tex')

zotero(4)(+0000000): INSERT INTO "fileTypeMIMETypes" VALUES(6, 'application/x-kword')

zotero(4)(+0000000): INSERT INTO "fileTypeMIMETypes" VALUES(6, 'application/x-kspread')

zotero(4)(+0000000): INSERT INTO "fileTypeMIMETypes" VALUES(6, 'application/x-kchart')

zotero(4)(+0000000): INSERT INTO "fileTypeMIMETypes" VALUES(6, 'application/vnd.oasis.opendocument.chart')

zotero(4)(+0000000): INSERT INTO "fileTypeMIMETypes" VALUES(6, 'application/vnd.oasis.opendocument.database')

zotero(4)(+0000001): INSERT INTO "fileTypeMIMETypes" VALUES(6, 'application/vnd.oasis.opendocument.formula')

zotero(4)(+0000000): INSERT INTO "fileTypeMIMETypes" VALUES(6, 'application/vnd.oasis.opendocument.spreadsheet')

zotero(4)(+0000000): INSERT INTO "fileTypeMIMETypes" VALUES(6, 'application/vnd.oasis.opendocument.text')

zotero(4)(+0000001): INSERT INTO "fileTypeMIMETypes" VALUES(7, 'application/powerpoint')

zotero(4)(+0000000): INSERT INTO "fileTypeMIMETypes" VALUES(7, 'application/vnd.oasis.opendocument.presentation')

zotero(4)(+0000000): INSERT INTO "fileTypeMIMETypes" VALUES(7, 'application/x-kpresenter')

zotero(4)(+0000000): INSERT INTO "fileTypeMIMETypes" VALUES(7, 'application/vnd.ms-powerpoint')

zotero(4)(+0000000): INSERT INTO "fileTypeMIMETypes" VALUES(8, 'application/epub+zip')

zotero(4)(+0000000): INSERT INTO "fileTypeMIMETypes" VALUES(8, 'application/epub')

zotero(4)(+0000000):  INSERT INTO "syncObjectTypes" VALUES(1, 'collection')

zotero(4)(+0000001): INSERT INTO "syncObjectTypes" VALUES(2, 'creator')

zotero(4)(+0000000): INSERT INTO "syncObjectTypes" VALUES(3, 'item')

zotero(4)(+0000000): INSERT INTO "syncObjectTypes" VALUES(4, 'search')

zotero(4)(+0000000): INSERT INTO "syncObjectTypes" VALUES(5, 'tag')

zotero(4)(+0000001): INSERT INTO "syncObjectTypes" VALUES(6, 'relation')

zotero(4)(+0000000): INSERT INTO "syncObjectTypes" VALUES(7, 'setting')

zotero(3)(+0000000): Getting contents of [xpconnect wrapped nsIChannel]

zotero(4)(+0000001): CREATE TABLE itemTypes (    itemTypeID INTEGER PRIMARY KEY,    typeName TEXT,    templateItemTypeID INT,    display INT DEFAULT 1 )

zotero(4)(+0000000): CREATE TABLE itemTypesCombined (    itemTypeID INT NOT NULL,    typeName TEXT NOT NULL,    display INT DEFAULT 1 NOT NULL,    custom INT NOT NULL,    PRIMARY KEY (itemTypeID))

zotero(4)(+0000000): CREATE TABLE fields (    fieldID INTEGER PRIMARY KEY,    fieldName TEXT,    fieldFormatID INT,    FOREIGN KEY (fieldFormatID) REFERENCES fieldFormats(fieldFormatID))

zotero(4)(+0000000): CREATE TABLE fieldsCombined (    fieldID INT NOT NULL,    fieldName TEXT NOT NULL,    label TEXT,    fieldFormatID INT,    custom INT NOT NULL,    PRIMARY KEY (fieldID))

zotero(4)(+0000000): CREATE TABLE itemTypeFields (    itemTypeID INT,    fieldID INT,    hide INT,    orderIndex INT,    PRIMARY KEY (itemTypeID, orderIndex),    UNIQUE (itemTypeID, fieldID),    FOREIGN KEY (itemTypeID) REFERENCES itemTypes(itemTypeID),    FOREIGN KEY (fieldID) REFERENCES fields(fieldID))

zotero(4)(+0000000): CREATE INDEX itemTypeFields_fieldID ON itemTypeFields(fieldID)

zotero(4)(+0000001): CREATE TABLE itemTypeFieldsCombined (    itemTypeID INT NOT NULL,    fieldID INT NOT NULL,    hide INT,    orderIndex INT NOT NULL,    PRIMARY KEY (itemTypeID, orderIndex),    UNIQUE (itemTypeID, fieldID))

zotero(4)(+0000000): CREATE INDEX itemTypeFieldsCombined_fieldID ON itemTypeFieldsCombined(fieldID)

zotero(4)(+0000000): CREATE TABLE baseFieldMappings (    itemTypeID INT,    baseFieldID INT,    fieldID INT,    PRIMARY KEY (itemTypeID, baseFieldID, fieldID),    FOREIGN KEY (itemTypeID) REFERENCES itemTypes(itemTypeID),    FOREIGN KEY (baseFieldID) REFERENCES fields(fieldID),    FOREIGN KEY (fieldID) REFERENCES fields(fieldID))

zotero(4)(+0000000): CREATE INDEX baseFieldMappings_baseFieldID ON baseFieldMappings(baseFieldID)

zotero(4)(+0000001): CREATE INDEX baseFieldMappings_fieldID ON baseFieldMappings(fieldID)

zotero(4)(+0000000): CREATE TABLE baseFieldMappingsCombined (    itemTypeID INT,    baseFieldID INT,    fieldID INT,    PRIMARY KEY (itemTypeID, baseFieldID, fieldID))

zotero(4)(+0000000): CREATE INDEX baseFieldMappingsCombined_baseFieldID ON baseFieldMappingsCombined(baseFieldID)

zotero(4)(+0000001): CREATE INDEX baseFieldMappingsCombined_fieldID ON baseFieldMappingsCombined(fieldID)

zotero(4)(+0000000): CREATE TABLE creatorTypes (    creatorTypeID INTEGER PRIMARY KEY,    creatorType TEXT)

zotero(4)(+0000000): CREATE TABLE itemTypeCreatorTypes (    itemTypeID INT,    creatorTypeID INT,    primaryField INT,    PRIMARY KEY (itemTypeID, creatorTypeID),    FOREIGN KEY (itemTypeID) REFERENCES itemTypes(itemTypeID),    FOREIGN KEY (creatorTypeID) REFERENCES creatorTypes(creatorTypeID))

zotero(4)(+0000001): CREATE INDEX itemTypeCreatorTypes_creatorTypeID ON itemTypeCreatorTypes(creatorTypeID)

zotero(4)(+0000000): CREATE TABLE version (    schema TEXT PRIMARY KEY,    version INT NOT NULL)

zotero(4)(+0000000): CREATE INDEX schema ON version(schema)

zotero(4)(+0000001): CREATE TABLE settings (    setting TEXT,    key TEXT,    value,    PRIMARY KEY (setting, key))

zotero(4)(+0000000): CREATE TABLE syncedSettings (    setting TEXT NOT NULL,    libraryID INT NOT NULL,    value NOT NULL,    version INT NOT NULL DEFAULT 0,    synced INT NOT NULL DEFAULT 0,    PRIMARY KEY (setting, libraryID),    FOREIGN KEY (libraryID) REFERENCES libraries(libraryID) ON DELETE CASCADE)

zotero(4)(+0000000): CREATE TABLE items (    itemID INTEGER PRIMARY KEY,    itemTypeID INT NOT NULL,    dateAdded TIMESTAMP NOT NULL DEFAULT CURRENT_TIMESTAMP,    dateModified TIMESTAMP NOT NULL DEFAULT CURRENT_TIMESTAMP,    clientDateModified TIMESTAMP NOT NULL DEFAULT CURRENT_TIMESTAMP,    libraryID INT NOT NULL,    key TEXT NOT NULL,    version INT NOT NULL DEFAULT 0,    synced INT NOT NULL DEFAULT 0,    UNIQUE (libraryID, key),    FOREIGN KEY (libraryID) REFERENCES libraries(libraryID) ON DELETE CASCADE)

zotero(4)(+0000000): CREATE INDEX items_synced ON items(synced)

zotero(4)(+0000000): CREATE TABLE itemDataValues (    valueID INTEGER PRIMARY KEY,    value UNIQUE)

zotero(4)(+0000001): CREATE TABLE itemData (    itemID INT,    fieldID INT,    valueID,    PRIMARY KEY (itemID, fieldID),    FOREIGN KEY (itemID) REFERENCES items(itemID) ON DELETE CASCADE,    FOREIGN KEY (fieldID) REFERENCES fieldsCombined(fieldID),    FOREIGN KEY (valueID) REFERENCES itemDataValues(valueID))

zotero(4)(+0000000): CREATE INDEX itemData_fieldID ON itemData(fieldID)

zotero(4)(+0000000): CREATE INDEX itemData_valueID ON itemData(valueID)

zotero(4)(+0000000): CREATE TABLE itemNotes (    itemID INTEGER PRIMARY KEY,    parentItemID INT,    note TEXT,    title TEXT,    FOREIGN KEY (itemID) REFERENCES items(itemID) ON DELETE CASCADE,    FOREIGN KEY (parentItemID) REFERENCES items(itemID) ON DELETE CASCADE)

zotero(4)(+0000000): CREATE INDEX itemNotes_parentItemID ON itemNotes(parentItemID)

zotero(4)(+0000001): CREATE TABLE itemAttachments (    itemID INTEGER PRIMARY KEY,    parentItemID INT,    linkMode INT,    contentType TEXT,    charsetID INT,    path TEXT,    syncState INT DEFAULT 0,    storageModTime INT,    storageHash TEXT,    lastProcessedModificationTime INT,    lastRead INT,    FOREIGN KEY (itemID) REFERENCES items(itemID) ON DELETE CASCADE,    FOREIGN KEY (parentItemID) REFERENCES items(itemID) ON DELETE CASCADE,    FOREIGN KEY (charsetID) REFERENCES charsets(charsetID) ON DELETE SET NULL)

zotero(4)(+0000000): CREATE INDEX itemAttachments_parentItemID ON itemAttachments(parentItemID)

zotero(4)(+0000000): CREATE INDEX itemAttachments_charsetID ON itemAttachments(charsetID)

zotero(4)(+0000000): CREATE INDEX itemAttachments_contentType ON itemAttachments(contentType)

zotero(4)(+0000000): CREATE INDEX itemAttachments_syncState ON itemAttachments(syncState)

zotero(4)(+0000000): CREATE INDEX itemAttachments_lastProcessedModificationTime ON itemAttachments(lastProcessedModificationTime)

zotero(4)(+0000001): CREATE INDEX itemAttachments_lastRead ON itemAttachments(lastRead)

zotero(4)(+0000000): CREATE TABLE itemAnnotations (    itemID INTEGER PRIMARY KEY,    parentItemID INT NOT NULL,    type INTEGER NOT NULL,    authorName TEXT,    text TEXT,    comment TEXT,    color TEXT,    pageLabel TEXT,    sortIndex TEXT NOT NULL,    position TEXT NOT NULL,    isExternal INT NOT NULL,    FOREIGN KEY (itemID) REFERENCES items(itemID) ON DELETE CASCADE,    FOREIGN KEY (parentItemID) REFERENCES itemAttachments(itemID))

zotero(4)(+0000000): CREATE INDEX itemAnnotations_parentItemID ON itemAnnotations(parentItemID)

zotero(4)(+0000000): CREATE TABLE tags (    tagID INTEGER PRIMARY KEY,    name TEXT NOT NULL UNIQUE)

zotero(4)(+0000000): CREATE TABLE itemRelations (    itemID INT NOT NULL,    predicateID INT NOT NULL,    object TEXT NOT NULL,    PRIMARY KEY (itemID, predicateID, object),    FOREIGN KEY (itemID) REFERENCES items(itemID) ON DELETE CASCADE,    FOREIGN KEY (predicateID) REFERENCES relationPredicates(predicateID) ON DELETE CASCADE)

zotero(4)(+0000001): CREATE INDEX itemRelations_predicateID ON itemRelations(predicateID)

zotero(4)(+0000000): CREATE INDEX itemRelations_object ON itemRelations(object)

zotero(4)(+0000000): CREATE TABLE itemTags (    itemID INT NOT NULL,    tagID INT NOT NULL,    type INT NOT NULL,    PRIMARY KEY (itemID, tagID),    FOREIGN KEY (itemID) REFERENCES items(itemID) ON DELETE CASCADE,    FOREIGN KEY (tagID) REFERENCES tags(tagID) ON DELETE CASCADE)

zotero(4)(+0000000): CREATE INDEX itemTags_tagID ON itemTags(tagID)

zotero(4)(+0000000): CREATE TABLE creators (    creatorID INTEGER PRIMARY KEY,    firstName TEXT,    lastName TEXT,    fieldMode INT,    UNIQUE (lastName, firstName, fieldMode))

zotero(4)(+0000001): CREATE TABLE itemCreators (    itemID INT NOT NULL,    creatorID INT NOT NULL,    creatorTypeID INT NOT NULL DEFAULT 1,    orderIndex INT NOT NULL DEFAULT 0,    PRIMARY KEY (itemID, creatorID, creatorTypeID, orderIndex),    UNIQUE (itemID, orderIndex),    FOREIGN KEY (itemID) REFERENCES items(itemID) ON DELETE CASCADE,    FOREIGN KEY (creatorID) REFERENCES creators(creatorID) ON DELETE CASCADE,    FOREIGN KEY (creatorTypeID) REFERENCES creatorTypes(creatorTypeID))

zotero(4)(+0000000): CREATE INDEX itemCreators_creatorTypeID ON itemCreators(creatorTypeID)

zotero(4)(+0000001): CREATE TABLE collections (    collectionID INTEGER PRIMARY KEY,    collectionName TEXT NOT NULL,    parentCollectionID INT DEFAULT NULL,    clientDateModified TIMESTAMP NOT NULL DEFAULT CURRENT_TIMESTAMP,    libraryID INT NOT NULL,    key TEXT NOT NULL,    version INT NOT NULL DEFAULT 0,    synced INT NOT NULL DEFAULT 0,    UNIQUE (libraryID, key),    FOREIGN KEY (libraryID) REFERENCES libraries(libraryID) ON DELETE CASCADE,    FOREIGN KEY (parentCollectionID) REFERENCES collections(collectionID) ON DELETE CASCADE)

zotero(4)(+0000000): CREATE INDEX collections_synced ON collections(synced)

zotero(4)(+0000000): CREATE TABLE collectionItems (    collectionID INT NOT NULL,    itemID INT NOT NULL,    orderIndex INT NOT NULL DEFAULT 0,    PRIMARY KEY (collectionID, itemID),    FOREIGN KEY (collectionID) REFERENCES collections(collectionID) ON DELETE CASCADE,    FOREIGN KEY (itemID) REFERENCES items(itemID) ON DELETE CASCADE)

zotero(4)(+0000000): CREATE INDEX collectionItems_itemID ON collectionItems(itemID)

zotero(4)(+0000000): CREATE TABLE collectionRelations (    collectionID INT NOT NULL,    predicateID INT NOT NULL,    object TEXT NOT NULL,    PRIMARY KEY (collectionID, predicateID, object),    FOREIGN KEY (collectionID) REFERENCES collections(collectionID) ON DELETE CASCADE,    FOREIGN KEY (predicateID) REFERENCES relationPredicates(predicateID) ON DELETE CASCADE)

zotero(4)(+0000001): CREATE INDEX collectionRelations_predicateID ON collectionRelations(predicateID)

zotero(4)(+0000000): CREATE INDEX collectionRelations_object ON collectionRelations(object)

zotero(4)(+0000000): CREATE TABLE feeds (    libraryID INTEGER PRIMARY KEY,    name TEXT NOT NULL,    url TEXT NOT NULL UNIQUE,    lastUpdate TIMESTAMP,    lastCheck TIMESTAMP,    lastCheckError TEXT,    cleanupReadAfter INT,    cleanupUnreadAfter INT,    refreshInterval INT,    FOREIGN KEY (libraryID) REFERENCES libraries(libraryID) ON DELETE CASCADE)

zotero(4)(+0000000): CREATE TABLE feedItems (    itemID INTEGER PRIMARY KEY,    guid TEXT NOT NULL UNIQUE,    readTime TIMESTAMP,    translatedTime TIMESTAMP,    FOREIGN KEY (itemID) REFERENCES items(itemID) ON DELETE CASCADE)

zotero(4)(+0000000): CREATE TABLE savedSearches (    savedSearchID INTEGER PRIMARY KEY,    savedSearchName TEXT NOT NULL,    clientDateModified TIMESTAMP NOT NULL DEFAULT CURRENT_TIMESTAMP,    libraryID INT NOT NULL,    key TEXT NOT NULL,    version INT NOT NULL DEFAULT 0,    synced INT NOT NULL DEFAULT 0,    UNIQUE (libraryID, key),    FOREIGN KEY (libraryID) REFERENCES libraries(libraryID) ON DELETE CASCADE)

zotero(4)(+0000001): CREATE INDEX savedSearches_synced ON savedSearches(synced)

zotero(4)(+0000033): CREATE TABLE savedSearchConditions (    savedSearchID INT NOT NULL,    searchConditionID INT NOT NULL,    condition TEXT NOT NULL,    operator TEXT,    value TEXT,    required NONE,    PRIMARY KEY (savedSearchID, searchConditionID),    FOREIGN KEY (savedSearchID) REFERENCES savedSearches(savedSearchID) ON DELETE CASCADE)

zotero(4)(+0000002): Registering notifier observer 'tab_9b' for [tab]

zotero(4)(+0000001): CREATE TABLE deletedCollections (    collectionID INTEGER PRIMARY KEY,    dateDeleted DEFAULT CURRENT_TIMESTAMP NOT NULL,    FOREIGN KEY (collectionID) REFERENCES collections(collectionID) ON DELETE CASCADE)

zotero(4)(+0000000): CREATE INDEX deletedCollections_dateDeleted ON deletedCollections(dateDeleted)

zotero(4)(+0000000): CREATE TABLE deletedItems (    itemID INTEGER PRIMARY KEY,    dateDeleted DEFAULT CURRENT_TIMESTAMP NOT NULL,    FOREIGN KEY (itemID) REFERENCES items(itemID) ON DELETE CASCADE)

zotero(4)(+0000000): CREATE INDEX deletedItems_dateDeleted ON deletedItems(dateDeleted)

zotero(4)(+0000001): CREATE TABLE deletedSearches (    savedSearchID INTEGER PRIMARY KEY,    dateDeleted DEFAULT CURRENT_TIMESTAMP NOT NULL,    FOREIGN KEY (savedSearchID) REFERENCES savedSearches(savedSearchID) ON DELETE CASCADE)

zotero(4)(+0000000): CREATE INDEX deletedSearches_dateDeleted ON deletedItems(dateDeleted)

zotero(4)(+0000000): CREATE TABLE libraries (    libraryID INTEGER PRIMARY KEY,    type TEXT NOT NULL,    editable INT NOT NULL,    filesEditable INT NOT NULL,    version INT NOT NULL DEFAULT 0,    storageVersion INT NOT NULL DEFAULT 0,    lastSync INT NOT NULL DEFAULT 0,    archived INT NOT NULL DEFAULT 0,    isAdmin INT NOT NULL DEFAULT 0)

zotero(4)(+0000000): CREATE TABLE users (    userID INTEGER PRIMARY KEY,    name TEXT NOT NULL)

zotero(4)(+0000000): CREATE TABLE groups (    groupID INTEGER PRIMARY KEY,    libraryID INT NOT NULL UNIQUE,    name TEXT NOT NULL,    description TEXT NOT NULL,    version INT NOT NULL,    FOREIGN KEY (libraryID) REFERENCES libraries(libraryID) ON DELETE CASCADE)

zotero(4)(+0000001): CREATE TABLE groupItems (    itemID INTEGER PRIMARY KEY,    createdByUserID INT,    lastModifiedByUserID INT,    FOREIGN KEY (itemID) REFERENCES items(itemID) ON DELETE CASCADE,    FOREIGN KEY (createdByUserID) REFERENCES users(userID) ON DELETE SET NULL,    FOREIGN KEY (lastModifiedByUserID) REFERENCES users(userID) ON DELETE SET NULL)

zotero(4)(+0000000): CREATE TABLE publicationsItems (    itemID INTEGER PRIMARY KEY)

zotero(4)(+0000000): CREATE TABLE retractedItems (	itemID INTEGER PRIMARY KEY,	data TEXT,	flag INT DEFAULT 0,	FOREIGN KEY (itemID) REFERENCES items(itemID) ON DELETE CASCADE)

zotero(4)(+0000006): CREATE TABLE fulltextItems (    itemID INTEGER PRIMARY KEY,    indexedPages INT,    totalPages INT,    indexedChars INT,    totalChars INT,    version INT NOT NULL DEFAULT 0,    synced INT NOT NULL DEFAULT 0,    FOREIGN KEY (itemID) REFERENCES items(itemID) ON DELETE CASCADE)

zotero(4)(+0000000): CREATE INDEX fulltextItems_synced ON fulltextItems(synced)

zotero(4)(+0000001): CREATE INDEX fulltextItems_version ON fulltextItems(version)

zotero(4)(+0000001): CREATE TABLE fulltextWords (    wordID INTEGER PRIMARY KEY,    word TEXT UNIQUE)

zotero(4)(+0000000): CREATE TABLE fulltextItemWords (    wordID INT,    itemID INT,    PRIMARY KEY (wordID, itemID),    FOREIGN KEY (wordID) REFERENCES fulltextWords(wordID),    FOREIGN KEY (itemID) REFERENCES items(itemID) ON DELETE CASCADE)

zotero(4)(+0000001): CREATE INDEX fulltextItemWords_itemID ON fulltextItemWords(itemID)

zotero(4)(+0000000): CREATE TABLE syncCache (    libraryID INT NOT NULL,    key TEXT NOT NULL,    syncObjectTypeID INT NOT NULL,    version INT NOT NULL,    data TEXT,    PRIMARY KEY (libraryID, key, syncObjectTypeID, version),    FOREIGN KEY (libraryID) REFERENCES libraries(libraryID) ON DELETE CASCADE,    FOREIGN KEY (syncObjectTypeID) REFERENCES syncObjectTypes(syncObjectTypeID))

zotero(4)(+0000000): CREATE TABLE syncDeleteLog (    syncObjectTypeID INT NOT NULL,    libraryID INT NOT NULL,    key TEXT NOT NULL,    dateDeleted TEXT NOT NULL DEFAULT CURRENT_TIMESTAMP,    UNIQUE (syncObjectTypeID, libraryID, key),    FOREIGN KEY (syncObjectTypeID) REFERENCES syncObjectTypes(syncObjectTypeID),    FOREIGN KEY (libraryID) REFERENCES libraries(libraryID) ON DELETE CASCADE)

zotero(4)(+0000001): CREATE TABLE syncQueue (    libraryID INT NOT NULL,    key TEXT NOT NULL,    syncObjectTypeID INT NOT NULL,    lastCheck TIMESTAMP,    tries INT,    PRIMARY KEY (libraryID, key, syncObjectTypeID),    FOREIGN KEY (libraryID) REFERENCES libraries(libraryID) ON DELETE CASCADE,    FOREIGN KEY (syncObjectTypeID) REFERENCES syncObjectTypes(syncObjectTypeID) ON DELETE CASCADE)

zotero(4)(+0000000): CREATE TABLE storageDeleteLog (    libraryID INT NOT NULL,    key TEXT NOT NULL,    dateDeleted TEXT NOT NULL DEFAULT CURRENT_TIMESTAMP,    PRIMARY KEY (libraryID, key),    FOREIGN KEY (libraryID) REFERENCES libraries(libraryID) ON DELETE CASCADE)

zotero(4)(+0000000): CREATE TABLE proxies (    proxyID INTEGER PRIMARY KEY,    multiHost INT,    autoAssociate INT,    scheme TEXT)

zotero(4)(+0000001): CREATE TABLE proxyHosts (    hostID INTEGER PRIMARY KEY,    proxyID INTEGER,    hostname TEXT,    FOREIGN KEY (proxyID) REFERENCES proxies(proxyID))

zotero(4)(+0000000): CREATE INDEX proxyHosts_proxyID ON proxyHosts(proxyID)

zotero(4)(+0000000): CREATE TABLE relationPredicates (    predicateID INTEGER PRIMARY KEY,    predicate TEXT UNIQUE)

zotero(4)(+0000001): CREATE TABLE customItemTypes (    customItemTypeID INTEGER PRIMARY KEY,    typeName TEXT,    label TEXT,    display INT DEFAULT 1,     icon TEXT)

zotero(4)(+0000000): CREATE TABLE customFields (    customFieldID INTEGER PRIMARY KEY,    fieldName TEXT,    label TEXT)

zotero(4)(+0000000): CREATE TABLE customItemTypeFields (    customItemTypeID INT NOT NULL,    fieldID INT,    customFieldID INT,    hide INT NOT NULL,    orderIndex INT NOT NULL,    PRIMARY KEY (customItemTypeID, orderIndex),    FOREIGN KEY (customItemTypeID) REFERENCES customItemTypes(customItemTypeID),    FOREIGN KEY (fieldID) REFERENCES fields(fieldID),    FOREIGN KEY (customFieldID) REFERENCES customFields(customFieldID))

zotero(4)(+0000001): CREATE INDEX customItemTypeFields_fieldID ON customItemTypeFields(fieldID)

zotero(4)(+0000000): CREATE INDEX customItemTypeFields_customFieldID ON customItemTypeFields(customFieldID)

zotero(4)(+0000000): CREATE TABLE customBaseFieldMappings (    customItemTypeID INT,    baseFieldID INT,    customFieldID INT,    PRIMARY KEY (customItemTypeID, baseFieldID, customFieldID),    FOREIGN KEY (customItemTypeID) REFERENCES customItemTypes(customItemTypeID),    FOREIGN KEY (baseFieldID) REFERENCES fields(fieldID),    FOREIGN KEY (customFieldID) REFERENCES customFields(customFieldID))

zotero(4)(+0000001): CREATE INDEX customBaseFieldMappings_baseFieldID ON customBaseFieldMappings(baseFieldID)

zotero(4)(+0000000): CREATE INDEX customBaseFieldMappings_customFieldID ON customBaseFieldMappings(customFieldID)

zotero(4)(+0000001): CREATE TABLE translatorCache (    fileName TEXT PRIMARY KEY,    metadataJSON TEXT,    lastModifiedTime INT)

zotero(4)(+0000000): CREATE TABLE dbDebug1 (    a INTEGER PRIMARY KEY)

zotero(3)(+0000000): Getting contents of [xpconnect wrapped nsIChannel]

zotero(4)(+0000001): DROP TRIGGER IF EXISTS insert_creatorData

zotero(4)(+0000000): CREATE TRIGGER insert_creators BEFORE INSERT ON creators  FOR EACH ROW WHEN NEW.firstName='' AND NEW.lastName=''  BEGIN    SELECT RAISE (ABORT, 'Creator names cannot be empty');  END

zotero(4)(+0000000): DROP TRIGGER IF EXISTS update_creatorData

zotero(4)(+0000000): CREATE TRIGGER update_creators BEFORE UPDATE ON creators  FOR EACH ROW WHEN NEW.firstName='' AND NEW.lastName=''  BEGIN    SELECT RAISE (ABORT, 'Creator names cannot be empty');  END

zotero(4)(+0000001): DROP TRIGGER IF EXISTS fki_collections_parentCollectionID_libraryID

zotero(4)(+0000000): CREATE TRIGGER fki_collections_parentCollectionID_libraryID  BEFORE INSERT ON collections  FOR EACH ROW BEGIN    SELECT RAISE(ABORT, 'insert on table "collections" violates foreign key constraint "fki_collections_parentCollectionID_libraryID"')    WHERE NEW.parentCollectionID IS NOT NULL AND    NEW.libraryID != (SELECT libraryID FROM collections WHERE collectionID = NEW.parentCollectionID);  END

zotero(4)(+0000000): DROP TRIGGER IF EXISTS fku_collections_parentCollectionID_libraryID

zotero(4)(+0000000): CREATE TRIGGER fku_collections_parentCollectionID_libraryID  BEFORE UPDATE ON collections  FOR EACH ROW BEGIN    SELECT RAISE(ABORT, 'update on table "collections" violates foreign key constraint "fku_collections_parentCollectionID_libraryID"')    WHERE NEW.parentCollectionID IS NOT NULL AND    NEW.libraryID != (SELECT libraryID FROM collections WHERE collectionID = NEW.parentCollectionID);  END

zotero(4)(+0000001): DROP TRIGGER IF EXISTS fki_collectionItems_libraryID

zotero(4)(+0000000): CREATE TRIGGER fki_collectionItems_libraryID  BEFORE INSERT ON collectionItems  FOR EACH ROW BEGIN    SELECT RAISE(ABORT, 'insert on table "collectionItems" violates foreign key constraint "fki_collectionItems_libraryID"')    WHERE (SELECT libraryID FROM collections WHERE collectionID = NEW.collectionID) != (SELECT libraryID FROM items WHERE itemID = NEW.itemID);  END

zotero(4)(+0000000): DROP TRIGGER IF EXISTS fku_collectionItems_libraryID

zotero(4)(+0000000): CREATE TRIGGER fku_collectionItems_libraryID  BEFORE UPDATE ON collectionItems  FOR EACH ROW BEGIN    SELECT RAISE(ABORT, 'update on table "collectionItems" violates foreign key constraint "fku_collectionItems_libraryID"')    WHERE (SELECT libraryID FROM collections WHERE collectionID = NEW.collectionID) != (SELECT libraryID FROM items WHERE itemID = NEW.itemID);  END

zotero(4)(+0000000): DROP TRIGGER IF EXISTS fki_collectionItems_itemID_parentItemID

zotero(4)(+0000001): CREATE TRIGGER fki_collectionItems_itemID_parentItemID  BEFORE INSERT ON collectionItems  FOR EACH ROW BEGIN    SELECT RAISE(ABORT, 'insert on table "collectionItems" violates foreign key constraint "fki_collectionItems_itemID_parentItemID"')    WHERE NEW.itemID IN (SELECT itemID FROM itemAttachments WHERE parentItemID IS NOT NULL UNION SELECT itemID FROM itemNotes WHERE parentItemID IS NOT NULL);  END

zotero(4)(+0000000): DROP TRIGGER IF EXISTS fku_collectionItems_itemID_parentItemID

zotero(4)(+0000000): CREATE TRIGGER fku_collectionItems_itemID_parentItemID  BEFORE UPDATE OF itemID ON collectionItems  FOR EACH ROW BEGIN    SELECT RAISE(ABORT, 'update on table "collectionItems" violates foreign key constraint "fku_collectionItems_itemID_parentItemID"')    WHERE NEW.itemID IN (SELECT itemID FROM itemAttachments WHERE parentItemID IS NOT NULL UNION SELECT itemID FROM itemNotes WHERE parentItemID IS NOT NULL);  END

zotero(4)(+0000000): DROP TRIGGER IF EXISTS fku_itemAttachments_parentItemID_collectionItems_itemID

zotero(4)(+0000000): CREATE TRIGGER fku_itemAttachments_parentItemID_collectionItems_itemID  BEFORE UPDATE OF parentItemID ON itemAttachments  FOR EACH ROW WHEN OLD.parentItemID IS NULL AND NEW.parentItemID IS NOT NULL BEGIN    DELETE FROM collectionItems WHERE itemID = NEW.itemID;  END

zotero(4)(+0000000): DROP TRIGGER IF EXISTS fku_itemNotes_parentItemID_collectionItems_itemID

zotero(4)(+0000001): CREATE TRIGGER fku_itemNotes_parentItemID_collectionItems_itemID  BEFORE UPDATE OF parentItemID ON itemNotes  FOR EACH ROW WHEN OLD.parentItemID IS NULL AND NEW.parentItemID IS NOT NULL BEGIN    DELETE FROM collectionItems WHERE itemID = NEW.itemID;  END

zotero(4)(+0000000): DROP TRIGGER IF EXISTS fki_tags

zotero(4)(+0000000): CREATE TRIGGER fki_tagsBEFORE INSERT ON tags  FOR EACH ROW BEGIN    SELECT RAISE(ABORT, 'Tag cannot be blank')    WHERE TRIM(NEW.name)='';  END

zotero(4)(+0000000): DROP TRIGGER IF EXISTS fku_tags

zotero(4)(+0000000): CREATE TRIGGER fku_tags  BEFORE UPDATE OF name ON tags  FOR EACH ROW BEGIN      SELECT RAISE(ABORT, 'Tag cannot be blank')      WHERE TRIM(NEW.name)='';  END

zotero(3)(+0000001): Getting contents of [xpconnect wrapped nsIChannel]

zotero(3)(+0000002): Updating global schema to version 42

zotero(4)(+0000000): SELECT COALESCE(MAX(collectionID) + 1, 1) FROM collections

zotero(4)(+0000001): SELECT COALESCE(MAX(creatorID) + 1, 1) FROM creators

zotero(4)(+0000000): SELECT COALESCE(MAX(creatorTypeID) + 1, 1) FROM creatorTypes

zotero(4)(+0000000): SELECT COALESCE(MAX(customFieldID) + 1, 1) FROM customFields

zotero(4)(+0000000): SELECT COALESCE(MAX(customItemTypeID) + 1, 1) FROM customItemTypes

zotero(4)(+0000001): SELECT COALESCE(MAX(fieldID) + 1, 1) FROM fields

zotero(4)(+0000000): SELECT COALESCE(MAX(valueID) + 1, 1) FROM itemDataValues

zotero(4)(+0000000): SELECT COALESCE(MAX(itemTypeID) + 1, 1) FROM itemTypes

zotero(4)(+0000000): SELECT COALESCE(MAX(itemID) + 1, 1) FROM items

zotero(4)(+0000000): SELECT COALESCE(MAX(libraryID) + 1, 1) FROM libraries

zotero(4)(+0000000): SELECT COALESCE(MAX(proxyID) + 1, 1) FROM proxies

zotero(4)(+0000000): SELECT COALESCE(MAX(savedSearchID) + 1, 1) FROM savedSearches

zotero(4)(+0000001): SELECT COALESCE(MAX(tagID) + 1, 1) FROM tags

zotero(4)(+0000000): SELECT itemTypeID AS id, typeName AS name FROM itemTypes

zotero(4)(+0000000): SELECT fieldID AS id, fieldName AS name FROM fields

zotero(4)(+0000000): SELECT creatorTypeID AS id, creatorType AS name FROM creatorTypes

zotero(4)(+0000001): INSERT INTO fields VALUES (?, ?, NULL), (?, ?, NULL), (?, ?, NULL), (?, ?, NULL), (?, ?, NULL), (?, ?, NULL), (?, ?, NULL), (?, ?, NULL), (?, ?, NULL), (?, ?, NULL), (?, ?, NULL), (?, ?, NULL), (?, ?, NULL), (?, ?, NULL), (?, ?, NULL), (?, ?, NULL), (?, ?, NULL), (?, ?, NULL), (?, ?, NULL), (?, ?, NULL), (?, ?, NULL), (?, ?, NULL), (?, ?, NULL), (?, ?, NULL), (?, ?, NULL), (?, ?, NULL), (?, ?, NULL), (?, ?, NULL), (?, ?, NULL), (?, ?, NULL), (?, ?, NULL), (?, ?, NULL), (?, ?, NULL), (?, ?, NULL), (?, ?, NULL), (?, ?, NULL), (?, ?, NULL), (?, ?, NULL), (?, ?, NULL), (?, ?, NULL), (?, ?, NULL), (?, ?, NULL), (?, ?, NULL), (?, ?, NULL), (?, ?, NULL), (?, ?, NULL), (?, ?, NULL), (?, ?, NULL), (?, ?, NULL), (?, ?, NULL), (?, ?, NULL), (?, ?, NULL), (?, ?, NULL), (?, ?, NULL), (?, ?, NULL), (?, ?, NULL), (?, ?, NULL), (?, ?, NULL), (?, ?, NULL), (?, ?, NULL), (?, ?, NULL), (?, ?, NULL), (?, ?, NULL), (?, ?, NULL), (?, ?, NULL), (?, ?, NULL), (?, ?, NULL), (?, ?, NULL), (?, ?, NULL), (?, ?, NULL), (?, ?, NULL), (?, ?, NULL), (?, ?, NULL), (?, ?, NULL), (?, ?, NULL), (?, ?, NULL), (?, ?, NULL), (?, ?, NULL), (?, ?, NULL), (?, ?, NULL), (?, ?, NULL), (?, ?, NULL), (?, ?, NULL), (?, ?, NULL), (?, ?, NULL), (?, ?, NULL), (?, ?, NULL), (?, ?, NULL), (?, ?, NULL), (?, ?, NULL), (?, ?, NULL), (?, ?, NULL), (?, ?, NULL), (?, ?, NULL), (?, ?, NULL), (?, ?, NULL), (?, ?, NULL), (?, ?, NULL), (?, ?, NULL), (?, ?, NULL), (?, ?, NULL), (?, ?, NULL), (?, ?, NULL), (?, ?, NULL), (?, ?, NULL), (?, ?, NULL), (?, ?, NULL), (?, ?, NULL), (?, ?, NULL), (?, ?, NULL), (?, ?, NULL), (?, ?, NULL), (?, ?, NULL), (?, ?, NULL), (?, ?, NULL), (?, ?, NULL), (?, ?, NULL), (?, ?, NULL), (?, ?, NULL), (?, ?, NULL), (?, ?, NULL), (?, ?, NULL), (?, ?, NULL) [1, 'title', 2, 'abstractNote', 3, 'artworkMedium', 4, 'medium', 5, 'artworkSize', 6, 'date', 7, 'eventPlace', 8, 'DOI', 9, 'citationKey', 10, 'url', 11, 'accessDate', 12, 'archive', 13, 'archiveLocation', 14, 'shortTitle', 15, 'language', 16, 'libraryCatalog', 17, 'callNumber', 18, 'rights', 19, 'extra', 20, 'audioRecordingFormat', 21, 'seriesTitle', 22, 'volume', 23, 'numberOfVolumes', 24, 'label', 25, 'publisher', 26, 'place', 27, 'runningTime', 28, 'ISBN', 29, 'billNumber', 30, 'number', 31, 'code', 32, 'codeVolume', 33, 'section', 34, 'codePages', 35, 'pages', 36, 'legislativeBody', 37, 'authority', 38, 'session', 39, 'history', 40, 'blogTitle', 41, 'publicationTitle', 42, 'websiteType', 43, 'type', 44, 'ISSN', 45, 'series', 46, 'seriesNumber', 47, 'edition', 48, 'originalDate', 49, 'originalPublisher', 50, 'originalPlace', 51, 'format', 52, 'numPages', 53, 'bookTitle', 54, 'caseName', 55, 'court', 56, 'dateDecided', 57, 'docketNumber', 58, 'reporter', 59, 'reporterVolume', 60, 'firstPage', 61, 'versionNumber', 62, 'system', 63, 'company', 64, 'programmingLanguage', 65, 'proceedingsTitle', 66, 'conferenceName', 67, 'issue', 68, 'identifier', 69, 'repository', 70, 'repositoryLocation', 71, 'dictionaryTitle', 72, 'subject', 73, 'encyclopediaTitle', 74, 'distributor', 75, 'genre', 76, 'videoRecordingFormat', 77, 'forumTitle', 78, 'postType', 79, 'committee', 80, 'documentNumber', 81, 'interviewMedium', 82, 'partNumber', 83, 'partTitle', 84, 'seriesText', 85, 'journalAbbreviation', 86, 'PMID', 87, 'PMCID', 88, 'letterType', 89, 'manuscriptType', 90, 'institution', 91, 'mapType', 92, 'scale', 93, 'country', 94, 'assignee', 95, 'issuingAuthority', 96, 'patentNumber', 97, 'filingDate', 98, 'applicationNumber', 99, 'priorityNumbers', 100, 'issueDate', 101, 'priorityDate', 102, 'references', 103, 'legalStatus', 104, 'status', 105, 'episodeNumber', 106, 'audioFileType', 107, 'archiveID', 108, 'presentationType', 109, 'meetingName', 110, 'sessionTitle', 111, 'programTitle', 112, 'network', 113, 'reportNumber', 114, 'reportType', 115, 'organization', 116, 'nameOfAct', 117, 'codeNumber', 118, 'publicLawNumber', 119, 'dateEnacted', 120, 'thesisType', 121, 'university', 122, 'studio', 123, 'websiteTitle']

zotero(4)(+0000000): INSERT INTO creatorTypes VALUES (?, ?), (?, ?), (?, ?), (?, ?), (?, ?), (?, ?), (?, ?), (?, ?), (?, ?), (?, ?), (?, ?), (?, ?), (?, ?), (?, ?), (?, ?), (?, ?), (?, ?), (?, ?), (?, ?), (?, ?), (?, ?), (?, ?), (?, ?), (?, ?), (?, ?), (?, ?), (?, ?), (?, ?), (?, ?), (?, ?), (?, ?), (?, ?), (?, ?), (?, ?), (?, ?), (?, ?), (?, ?) [1, 'artist', 2, 'contributor', 3, 'performer', 4, 'originalCreator', 5, 'composer', 6, 'wordsBy', 7, 'translator', 8, 'sponsor', 9, 'cosponsor', 10, 'author', 11, 'commenter', 12, 'editor', 13, 'seriesEditor', 14, 'bookAuthor', 15, 'counsel', 16, 'programmer', 17, 'reviewedAuthor', 18, 'recipient', 19, 'director', 20, 'producer', 21, 'scriptwriter', 22, 'castMember', 23, 'host', 24, 'guest', 25, 'narrator', 26, 'interviewee', 27, 'interviewer', 28, 'cartographer', 29, 'inventor', 30, 'attorneyAgent', 31, 'podcaster', 32, 'executiveProducer', 33, 'seriesCreator', 34, 'presenter', 35, 'chair', 36, 'organizer', 37, 'creator']

zotero(4)(+0000000): INSERT INTO itemTypes VALUES (?, ?, NULL, 1) [1, 'annotation']

zotero(4)(+0000000): INSERT INTO itemTypes VALUES (?, ?, NULL, 1) [2, 'artwork']

zotero(4)(+0000001): INSERT INTO itemTypes VALUES (?, ?, NULL, 1) [3, 'attachment']

zotero(4)(+0000000): INSERT INTO itemTypes VALUES (?, ?, NULL, 1) [4, 'audioRecording']

zotero(4)(+0000001): INSERT INTO itemTypes VALUES (?, ?, NULL, 1) [5, 'bill']

zotero(4)(+0000000): INSERT INTO itemTypes VALUES (?, ?, NULL, 1) [6, 'blogPost']

zotero(4)(+0000000): INSERT INTO itemTypes VALUES (?, ?, NULL, 1) [7, 'book']

zotero(4)(+0000001): INSERT INTO itemTypes VALUES (?, ?, NULL, 1) [8, 'bookSection']

zotero(4)(+0000000): INSERT INTO itemTypes VALUES (?, ?, NULL, 1) [9, 'case']

zotero(4)(+0000000): INSERT INTO itemTypes VALUES (?, ?, NULL, 1) [10, 'computerProgram']

zotero(4)(+0000000): INSERT INTO itemTypes VALUES (?, ?, NULL, 1) [11, 'conferencePaper']

zotero(4)(+0000000): INSERT INTO itemTypes VALUES (?, ?, NULL, 1) [12, 'dataset']

zotero(4)(+0000001): INSERT INTO itemTypes VALUES (?, ?, NULL, 1) [13, 'dictionaryEntry']

zotero(4)(+0000000): INSERT INTO itemTypes VALUES (?, ?, NULL, 1) [14, 'document']

zotero(4)(+0000000): INSERT INTO itemTypes VALUES (?, ?, NULL, 1) [15, 'email']

zotero(4)(+0000000): INSERT INTO itemTypes VALUES (?, ?, NULL, 1) [16, 'encyclopediaArticle']

zotero(4)(+0000001): INSERT INTO itemTypes VALUES (?, ?, NULL, 1) [17, 'film']

zotero(4)(+0000000): INSERT INTO itemTypes VALUES (?, ?, NULL, 1) [18, 'forumPost']

zotero(4)(+0000000): INSERT INTO itemTypes VALUES (?, ?, NULL, 1) [19, 'hearing']

zotero(4)(+0000000): INSERT INTO itemTypes VALUES (?, ?, NULL, 1) [20, 'instantMessage']

zotero(4)(+0000000): INSERT INTO itemTypes VALUES (?, ?, NULL, 1) [21, 'interview']

zotero(4)(+0000000): INSERT INTO itemTypes VALUES (?, ?, NULL, 1) [22, 'journalArticle']

zotero(4)(+0000000): INSERT INTO itemTypes VALUES (?, ?, NULL, 1) [23, 'letter']

zotero(4)(+0000000): INSERT INTO itemTypes VALUES (?, ?, NULL, 1) [24, 'magazineArticle']

zotero(4)(+0000001): INSERT INTO itemTypes VALUES (?, ?, NULL, 1) [25, 'manuscript']

zotero(4)(+0000000): INSERT INTO itemTypes VALUES (?, ?, NULL, 1) [26, 'map']

zotero(4)(+0000000): INSERT INTO itemTypes VALUES (?, ?, NULL, 1) [27, 'newspaperArticle']

zotero(4)(+0000000): INSERT INTO itemTypes VALUES (?, ?, NULL, 1) [28, 'note']

zotero(4)(+0000000): INSERT INTO itemTypes VALUES (?, ?, NULL, 1) [29, 'patent']

zotero(4)(+0000000): INSERT INTO itemTypes VALUES (?, ?, NULL, 1) [30, 'podcast']

zotero(4)(+0000000): INSERT INTO itemTypes VALUES (?, ?, NULL, 1) [31, 'preprint']

zotero(4)(+0000000): INSERT INTO itemTypes VALUES (?, ?, NULL, 1) [32, 'presentation']

zotero(4)(+0000000): INSERT INTO itemTypes VALUES (?, ?, NULL, 1) [33, 'radioBroadcast']

zotero(4)(+0000001): INSERT INTO itemTypes VALUES (?, ?, NULL, 1) [34, 'report']

zotero(4)(+0000000): INSERT INTO itemTypes VALUES (?, ?, NULL, 1) [35, 'standard']

zotero(4)(+0000000): INSERT INTO itemTypes VALUES (?, ?, NULL, 1) [36, 'statute']

zotero(4)(+0000000): INSERT INTO itemTypes VALUES (?, ?, NULL, 1) [37, 'thesis']

zotero(4)(+0000000): INSERT INTO itemTypes VALUES (?, ?, NULL, 1) [38, 'tvBroadcast']

zotero(4)(+0000000): INSERT INTO itemTypes VALUES (?, ?, NULL, 1) [39, 'videoRecording']

zotero(4)(+0000000): INSERT INTO itemTypes VALUES (?, ?, NULL, 1) [40, 'webpage']

zotero(4)(+0000000): DELETE FROM itemTypeFields

zotero(4)(+0000001): DELETE FROM baseFieldMappings

zotero(4)(+0000000): DELETE FROM itemTypeCreatorTypes

zotero(4)(+0000001): INSERT INTO itemTypeFields VALUES (2, 1, 0, 0), (2, 2, 0, 1), (2, 3, 0, 2), (2, 5, 0, 3), (2, 6, 0, 4), (2, 7, 0, 5), (2, 8, 0, 6), (2, 9, 0, 7), (2, 10, 0, 8), (2, 11, 0, 9), (2, 12, 0, 10), (2, 13, 0, 11), (2, 14, 0, 12), (2, 15, 0, 13), (2, 16, 0, 14), (2, 17, 0, 15), (2, 18, 0, 16), (2, 19, 0, 17), (3, 1, 0, 0), (3, 11, 0, 1), (3, 10, 0, 2), (4, 1, 0, 0), (4, 2, 0, 1), (4, 20, 0, 2), (4, 21, 0, 3), (4, 22, 0, 4), (4, 23, 0, 5), (4, 24, 0, 6), (4, 26, 0, 7), (4, 6, 0, 8), (4, 27, 0, 9), (4, 28, 0, 10), (4, 8, 0, 11), (4, 9, 0, 12), (4, 10, 0, 13), (4, 11, 0, 14), (4, 12, 0, 15), (4, 13, 0, 16), (4, 14, 0, 17), (4, 15, 0, 18), (4, 16, 0, 19), (4, 17, 0, 20), (4, 18, 0, 21), (4, 19, 0, 22), (5, 1, 0, 0), (5, 2, 0, 1), (5, 29, 0, 2), (5, 31, 0, 3), (5, 32, 0, 4), (5, 33, 0, 5), (5, 34, 0, 6), (5, 36, 0, 7), (5, 38, 0, 8), (5, 39, 0, 9), (5, 6, 0, 10), (5, 8, 0, 11), (5, 9, 0, 12), (5, 10, 0, 13), (5, 11, 0, 14), (5, 14, 0, 15), (5, 15, 0, 16), (5, 18, 0, 17), (5, 19, 0, 18), (6, 1, 0, 0), (6, 2, 0, 1), (6, 40, 0, 2), (6, 42, 0, 3), (6, 6, 0, 4), (6, 8, 0, 5), (6, 9, 0, 6), (6, 10, 0, 7), (6, 11, 0, 8), (6, 44, 0, 9), (6, 14, 0, 10), (6, 15, 0, 11), (6, 18, 0, 12), (6, 19, 0, 13), (7, 1, 0, 0), (7, 2, 0, 1), (7, 45, 0, 2), (7, 46, 0, 3), (7, 22, 0, 4), (7, 23, 0, 5), (7, 47, 0, 6), (7, 6, 0, 7), (7, 25, 0, 8), (7, 26, 0, 9), (7, 48, 0, 10), (7, 49, 0, 11), (7, 50, 0, 12), (7, 51, 0, 13), (7, 52, 0, 14), (7, 28, 0, 15), (7, 8, 0, 16), (7, 9, 0, 17), (7, 10, 0, 18), (7, 11, 0, 19), (7, 44, 0, 20), (7, 12, 0, 21), (7, 13, 0, 22), (7, 14, 0, 23), (7, 15, 0, 24), (7, 16, 0, 25), (7, 17, 0, 26), (7, 18, 0, 27), (7, 19, 0, 28), (8, 1, 0, 0), (8, 2, 0, 1), (8, 53, 0, 2), (8, 45, 0, 3), (8, 46, 0, 4), (8, 22, 0, 5), (8, 23, 0, 6), (8, 47, 0, 7), (8, 6, 0, 8), (8, 25, 0, 9), (8, 26, 0, 10), (8, 48, 0, 11), (8, 49, 0, 12), (8, 50, 0, 13), (8, 51, 0, 14), (8, 35, 0, 15), (8, 28, 0, 16), (8, 8, 0, 17), (8, 9, 0, 18), (8, 10, 0, 19), (8, 11, 0, 20), (8, 44, 0, 21), (8, 12, 0, 22), (8, 13, 0, 23), (8, 14, 0, 24), (8, 15, 0, 25), (8, 16, 0, 26), (8, 17, 0, 27), (8, 18, 0, 28), (8, 19, 0, 29), (9, 54, 0, 0), (9, 2, 0, 1), (9, 55, 0, 2), (9, 56, 0, 3), (9, 57, 0, 4), (9, 58, 0, 5), (9, 59, 0, 6), (9, 60, 0, 7), (9, 39, 0, 8), (9, 8, 0, 9), (9, 9, 0, 10), (9, 10, 0, 11), (9, 11, 0, 12), (9, 14, 0, 13), (9, 15, 0, 14), (9, 18, 0, 15), (9, 19, 0, 16), (10, 1, 0, 0), (10, 2, 0, 1), (10, 21, 0, 2), (10, 61, 0, 3), (10, 6, 0, 4), (10, 62, 0, 5), (10, 63, 0, 6), (10, 26, 0, 7), (10, 64, 0, 8), (10, 18, 0, 9), (10, 9, 0, 10), (10, 10, 0, 11), (10, 11, 0, 12), (10, 8, 0, 13), (10, 28, 0, 14), (10, 12, 0, 15), (10, 13, 0, 16), (10, 16, 0, 17), (10, 17, 0, 18), (10, 14, 0, 19), (10, 19, 0, 20), (11, 1, 0, 0), (11, 2, 0, 1), (11, 65, 0, 2), (11, 66, 0, 3), (11, 25, 0, 4), (11, 26, 0, 5), (11, 6, 0, 6), (11, 7, 0, 7), (11, 22, 0, 8), (11, 67, 0, 9), (11, 23, 0, 10), (11, 35, 0, 11), (11, 45, 0, 12), (11, 46, 0, 13), (11, 8, 0, 14), (11, 28, 0, 15), (11, 9, 0, 16), (11, 10, 0, 17), (11, 11, 0, 18), (11, 44, 0, 19), (11, 12, 0, 20), (11, 13, 0, 21), (11, 14, 0, 22), (11, 15, 0, 23), (11, 16, 0, 24), (11, 17, 0, 25), (11, 18, 0, 26), (11, 19, 0, 27), (12, 1, 0, 0), (12, 2, 0, 1), (12, 68, 0, 2), (12, 43, 0, 3), (12, 61, 0, 4), (12, 6, 0, 5), (12, 69, 0, 6), (12, 70, 0, 7), (12, 51, 0, 8), (12, 8, 0, 9), (12, 9, 0, 10), (12, 10, 0, 11), (12, 11, 0, 12), (12, 12, 0, 13), (12, 13, 0, 14), (12, 14, 0, 15), (12, 15, 0, 16), (12, 16, 0, 17), (12, 17, 0, 18), (12, 18, 0, 19), (12, 19, 0, 20), (13, 1, 0, 0), (13, 2, 0, 1), (13, 71, 0, 2), (13, 45, 0, 3), (13, 46, 0, 4), (13, 22, 0, 5), (13, 23, 0, 6), (13, 47, 0, 7), (13, 6, 0, 8), (13, 25, 0, 9), (13, 26, 0, 10), (13, 35, 0, 11), (13, 28, 0, 12), (13, 8, 0, 13), (13, 9, 0, 14), (13, 10, 0, 15), (13, 11, 0, 16), (13, 12, 0, 17), (13, 13, 0, 18), (13, 14, 0, 19), (13, 15, 0, 20), (13, 16, 0, 21), (13, 17, 0, 22), (13, 18, 0, 23), (13, 19, 0, 24), (14, 1, 0, 0), (14, 2, 0, 1), (14, 43, 0, 2), (14, 6, 0, 3), (14, 25, 0, 4), (14, 26, 0, 5), (14, 8, 0, 6), (14, 9, 0, 7), (14, 10, 0, 8), (14, 11, 0, 9), (14, 12, 0, 10), (14, 13, 0, 11), (14, 14, 0, 12), (14, 15, 0, 13), (14, 16, 0, 14), (14, 17, 0, 15), (14, 18, 0, 16), (14, 19, 0, 17), (15, 72, 0, 0), (15, 2, 0, 1), (15, 6, 0, 2), (15, 8, 0, 3), (15, 9, 0, 4), (15, 10, 0, 5), (15, 11, 0, 6), (15, 14, 0, 7), (15, 15, 0, 8), (15, 18, 0, 9), (15, 19, 0, 10), (16, 1, 0, 0), (16, 2, 0, 1), (16, 73, 0, 2), (16, 45, 0, 3), (16, 46, 0, 4), (16, 22, 0, 5), (16, 23, 0, 6), (16, 47, 0, 7), (16, 6, 0, 8), (16, 25, 0, 9), (16, 26, 0, 10), (16, 35, 0, 11), (16, 28, 0, 12), (16, 8, 0, 13), (16, 9, 0, 14), (16, 10, 0, 15), (16, 11, 0, 16), (16, 12, 0, 17), (16, 13, 0, 18), (16, 14, 0, 19), (16, 15, 0, 20), (16, 16, 0, 21), (16, 17, 0, 22), (16, 18, 0, 23), (16, 19, 0, 24), (17, 1, 0, 0), (17, 2, 0, 1), (17, 74, 0, 2), (17, 26, 0, 3), (17, 6, 0, 4), (17, 75, 0, 5), (17, 76, 0, 6), (17, 27, 0, 7), (17, 8, 0, 8), (17, 9, 0, 9), (17, 10, 0, 10), (17, 11, 0, 11), (17, 12, 0, 12), (17, 13, 0, 13), (17, 14, 0, 14), (17, 15, 0, 15), (17, 16, 0, 16), (17, 17, 0, 17), (17, 18, 0, 18), (17, 19, 0, 19), (18, 1, 0, 0), (18, 2, 0, 1), (18, 77, 0, 2), (18, 78, 0, 3), (18, 6, 0, 4), (18, 8, 0, 5), (18, 9, 0, 6), (18, 10, 0, 7), (18, 11, 0, 8), (18, 14, 0, 9), (18, 15, 0, 10), (18, 18, 0, 11), (18, 19, 0, 12), (19, 1, 0, 0), (19, 2, 0, 1), (19, 79, 0, 2), (19, 25, 0, 3), (19, 23, 0, 4), (19, 80, 0, 5), (19, 35, 0, 6), (19, 36, 0, 7), (19, 38, 0, 8), (19, 39, 0, 9), (19, 6, 0, 10), (19, 26, 0, 11), (19, 8, 0, 12), (19, 9, 0, 13), (19, 10, 0, 14), (19, 11, 0, 15), (19, 14, 0, 16), (19, 15, 0, 17), (19, 18, 0, 18), (19, 19, 0, 19), (20, 1, 0, 0), (20, 2, 0, 1), (20, 6, 0, 2), (20, 8, 0, 3), (20, 9, 0, 4), (20, 10, 0, 5), (20, 11, 0, 6), (20, 14, 0, 7), (20, 15, 0, 8), (20, 18, 0, 9), (20, 19, 0, 10), (21, 1, 0, 0), (21, 2, 0, 1), (21, 81, 0, 2), (21, 6, 0, 3), (21, 25, 0, 4), (21, 26, 0, 5), (21, 8, 0, 6), (21, 9, 0, 7), (21, 10, 0, 8), (21, 11, 0, 9), (21, 12, 0, 10), (21, 13, 0, 11), (21, 14, 0, 12), (21, 15, 0, 13), (21, 16, 0, 14), (21, 17, 0, 15), (21, 18, 0, 16), (21, 19, 0, 17), (22, 1, 0, 0), (22, 2, 0, 1), (22, 41, 0, 2), (22, 25, 0, 3), (22, 26, 0, 4), (22, 6, 0, 5), (22, 22, 0, 6), (22, 67, 0, 7), (22, 33, 0, 8), (22, 82, 0, 9), (22, 83, 0, 10), (22, 35, 0, 11), (22, 45, 0, 12), (22, 21, 0, 13), (22, 84, 0, 14), (22, 85, 0, 15), (22, 8, 0, 16), (22, 9, 0, 17), (22, 10, 0, 18), (22, 11, 0, 19), (22, 86, 0, 20), (22, 87, 0, 21), (22, 44, 0, 22), (22, 12, 0, 23), (22, 13, 0, 24), (22, 14, 0, 25), (22, 15, 0, 26), (22, 16, 0, 27), (22, 17, 0, 28), (22, 18, 0, 29), (22, 19, 0, 30), (23, 1, 0, 0), (23, 2, 0, 1), (23, 88, 0, 2), (23, 6, 0, 3), (23, 7, 0, 4), (23, 8, 0, 5), (23, 9, 0, 6), (23, 10, 0, 7), (23, 11, 0, 8), (23, 12, 0, 9), (23, 13, 0, 10), (23, 14, 0, 11), (23, 15, 0, 12), (23, 16, 0, 13), (23, 17, 0, 14), (23, 18, 0, 15), (23, 19, 0, 16), (24, 1, 0, 0), (24, 2, 0, 1), (24, 41, 0, 2), (24, 25, 0, 3), (24, 26, 0, 4), (24, 6, 0, 5), (24, 22, 0, 6), (24, 67, 0, 7), (24, 35, 0, 8), (24, 44, 0, 9), (24, 8, 0, 10), (24, 9, 0, 11), (24, 10, 0, 12), (24, 11, 0, 13), (24, 12, 0, 14), (24, 13, 0, 15), (24, 14, 0, 16), (24, 15, 0, 17), (24, 16, 0, 18), (24, 17, 0, 19), (24, 18, 0, 20), (24, 19, 0, 21), (25, 1, 0, 0), (25, 2, 0, 1), (25, 89, 0, 2), (25, 90, 0, 3), (25, 26, 0, 4), (25, 6, 0, 5), (25, 52, 0, 6), (25, 30, 0, 7), (25, 8, 0, 8), (25, 9, 0, 9), (25, 10, 0, 10), (25, 11, 0, 11), (25, 12, 0, 12), (25, 13, 0, 13), (25, 14, 0, 14), (25, 15, 0, 15), (25, 16, 0, 16), (25, 17, 0, 17), (25, 18, 0, 18), (25, 19, 0, 19), (26, 1, 0, 0), (26, 2, 0, 1), (26, 91, 0, 2), (26, 92, 0, 3), (26, 21, 0, 4), (26, 47, 0, 5), (26, 25, 0, 6), (26, 26, 0, 7), (26, 6, 0, 8), (26, 8, 0, 9), (26, 28, 0, 10), (26, 9, 0, 11), (26, 10, 0, 12), (26, 11, 0, 13), (26, 12, 0, 14), (26, 13, 0, 15), (26, 14, 0, 16), (26, 15, 0, 17), (26, 16, 0, 18), (26, 17, 0, 19), (26, 18, 0, 20), (26, 19, 0, 21), (27, 1, 0, 0), (27, 2, 0, 1), (27, 41, 0, 2), (27, 25, 0, 3), (27, 26, 0, 4), (27, 6, 0, 5), (27, 22, 0, 6), (27, 67, 0, 7), (27, 47, 0, 8), (27, 33, 0, 9), (27, 35, 0, 10), (27, 44, 0, 11), (27, 8, 0, 12), (27, 9, 0, 13), (27, 10, 0, 14), (27, 11, 0, 15), (27, 12, 0, 16), (27, 13, 0, 17), (27, 14, 0, 18), (27, 15, 0, 19), (27, 16, 0, 20), (27, 17, 0, 21), (27, 18, 0, 22), (27, 19, 0, 23), (29, 1, 0, 0), (29, 2, 0, 1), (29, 26, 0, 2), (29, 93, 0, 3), (29, 94, 0, 4), (29, 95, 0, 5), (29, 96, 0, 6), (29, 97, 0, 7), (29, 35, 0, 8), (29, 98, 0, 9), (29, 99, 0, 10), (29, 100, 0, 11), (29, 101, 0, 12), (29, 102, 0, 13), (29, 103, 0, 14), (29, 8, 0, 15), (29, 9, 0, 16), (29, 10, 0, 17), (29, 11, 0, 18), (29, 14, 0, 19), (29, 15, 0, 20), (29, 18, 0, 21), (29, 19, 0, 22), (30, 1, 0, 0), (30, 2, 0, 1), (30, 21, 0, 2), (30, 105, 0, 3), (30, 106, 0, 4), (30, 6, 0, 5), (30, 25, 0, 6), (30, 26, 0, 7), (30, 27, 0, 8), (30, 8, 0, 9), (30, 9, 0, 10), (30, 10, 0, 11), (30, 11, 0, 12), (30, 14, 0, 13), (30, 15, 0, 14), (30, 18, 0, 15), (30, 19, 0, 16), (31, 1, 0, 0), (31, 2, 0, 1), (31, 75, 0, 2), (31, 69, 0, 3), (31, 107, 0, 4), (31, 26, 0, 5), (31, 6, 0, 6), (31, 45, 0, 7), (31, 46, 0, 8), (31, 8, 0, 9), (31, 9, 0, 10), (31, 10, 0, 11), (31, 11, 0, 12), (31, 12, 0, 13), (31, 13, 0, 14), (31, 14, 0, 15), (31, 15, 0, 16), (31, 16, 0, 17), (31, 17, 0, 18), (31, 18, 0, 19), (31, 19, 0, 20), (32, 1, 0, 0), (32, 2, 0, 1), (32, 108, 0, 2), (32, 6, 0, 3), (32, 109, 0, 4), (32, 26, 0, 5), (32, 45, 0, 6), (32, 110, 0, 7), (32, 8, 0, 8), (32, 9, 0, 9), (32, 10, 0, 10), (32, 11, 0, 11), (32, 14, 0, 12), (32, 15, 0, 13), (32, 18, 0, 14), (32, 19, 0, 15), (33, 1, 0, 0), (33, 2, 0, 1), (33, 111, 0, 2), (33, 105, 0, 3), (33, 20, 0, 4), (33, 112, 0, 5), (33, 26, 0, 6), (33, 6, 0, 7), (33, 27, 0, 8), (33, 8, 0, 9), (33, 9, 0, 10), (33, 10, 0, 11), (33, 11, 0, 12), (33, 12, 0, 13), (33, 13, 0, 14), (33, 14, 0, 15), (33, 15, 0, 16), (33, 16, 0, 17), (33, 17, 0, 18), (33, 18, 0, 19), (33, 19, 0, 20), (34, 1, 0, 0), (34, 2, 0, 1), (34, 113, 0, 2), (34, 114, 0, 3), (34, 90, 0, 4), (34, 26, 0, 5), (34, 6, 0, 6), (34, 21, 0, 7), (34, 46, 0, 8), (34, 35, 0, 9), (34, 8, 0, 10), (34, 28, 0, 11), (34, 9, 0, 12), (34, 10, 0, 13), (34, 11, 0, 14), (34, 44, 0, 15), (34, 12, 0, 16), (34, 13, 0, 17), (34, 14, 0, 18), (34, 15, 0, 19), (34, 16, 0, 20), (34, 17, 0, 21), (34, 18, 0, 22), (34, 19, 0, 23), (35, 1, 0, 0), (35, 2, 0, 1), (35, 115, 0, 2), (35, 79, 0, 3), (35, 43, 0, 4), (35, 30, 0, 5), (35, 61, 0, 6), (35, 47, 0, 7), (35, 104, 0, 8), (35, 6, 0, 9), (35, 25, 0, 10), (35, 26, 0, 11), (35, 82, 0, 12), (35, 83, 0, 13), (35, 28, 0, 14), (35, 8, 0, 15), (35, 9, 0, 16), (35, 10, 0, 17), (35, 11, 0, 18), (35, 12, 0, 19), (35, 13, 0, 20), (35, 14, 0, 21), (35, 52, 0, 22), (35, 15, 0, 23), (35, 16, 0, 24), (35, 17, 0, 25), (35, 18, 0, 26), (35, 19, 0, 27), (36, 116, 0, 0), (36, 2, 0, 1), (36, 31, 0, 2), (36, 117, 0, 3), (36, 118, 0, 4), (36, 119, 0, 5), (36, 35, 0, 6), (36, 33, 0, 7), (36, 38, 0, 8), (36, 39, 0, 9), (36, 8, 0, 10), (36, 9, 0, 11), (36, 10, 0, 12), (36, 11, 0, 13), (36, 14, 0, 14), (36, 15, 0, 15), (36, 18, 0, 16), (36, 19, 0, 17), (37, 1, 0, 0), (37, 2, 0, 1), (37, 120, 0, 2), (37, 121, 0, 3), (37, 26, 0, 4), (37, 6, 0, 5), (37, 45, 0, 6), (37, 46, 0, 7), (37, 52, 0, 8), (37, 8, 0, 9), (37, 28, 0, 10), (37, 9, 0, 11), (37, 10, 0, 12), (37, 11, 0, 13), (37, 44, 0, 14), (37, 12, 0, 15), (37, 13, 0, 16), (37, 14, 0, 17), (37, 15, 0, 18), (37, 16, 0, 19), (37, 17, 0, 20), (37, 18, 0, 21), (37, 19, 0, 22), (38, 1, 0, 0), (38, 2, 0, 1), (38, 111, 0, 2), (38, 105, 0, 3), (38, 76, 0, 4), (38, 112, 0, 5), (38, 26, 0, 6), (38, 6, 0, 7), (38, 27, 0, 8), (38, 8, 0, 9), (38, 9, 0, 10), (38, 10, 0, 11), (38, 11, 0, 12), (38, 12, 0, 13), (38, 13, 0, 14), (38, 14, 0, 15), (38, 15, 0, 16), (38, 16, 0, 17), (38, 17, 0, 18), (38, 18, 0, 19), (38, 19, 0, 20), (39, 1, 0, 0), (39, 2, 0, 1), (39, 76, 0, 2), (39, 21, 0, 3), (39, 22, 0, 4), (39, 23, 0, 5), (39, 122, 0, 6), (39, 26, 0, 7), (39, 6, 0, 8), (39, 27, 0, 9), (39, 28, 0, 10), (39, 8, 0, 11), (39, 9, 0, 12), (39, 10, 0, 13), (39, 11, 0, 14), (39, 12, 0, 15), (39, 13, 0, 16), (39, 14, 0, 17), (39, 15, 0, 18), (39, 16, 0, 19), (39, 17, 0, 20), (39, 18, 0, 21), (39, 19, 0, 22), (40, 1, 0, 0), (40, 2, 0, 1), (40, 123, 0, 2), (40, 42, 0, 3), (40, 6, 0, 4), (40, 25, 0, 5), (40, 26, 0, 6), (40, 8, 0, 7), (40, 9, 0, 8), (40, 10, 0, 9), (40, 11, 0, 10), (40, 14, 0, 11), (40, 15, 0, 12), (40, 18, 0, 13), (40, 19, 0, 14)

zotero(4)(+0000001): INSERT INTO baseFieldMappings VALUES (2, 4, 3), (4, 4, 20), (4, 25, 24), (5, 30, 29), (5, 22, 32), (5, 35, 34), (5, 37, 36), (6, 41, 40), (6, 43, 42), (7, 4, 51), (8, 41, 53), (8, 4, 51), (9, 1, 54), (9, 37, 55), (9, 6, 56), (9, 30, 57), (9, 22, 59), (9, 35, 60), (10, 25, 63), (11, 41, 65), (12, 30, 68), (12, 25, 69), (12, 26, 70), (12, 4, 51), (13, 41, 71), (15, 1, 72), (16, 41, 73), (17, 25, 74), (17, 43, 75), (17, 4, 76), (18, 41, 77), (18, 43, 78), (19, 30, 80), (19, 37, 36), (21, 4, 81), (23, 43, 88), (25, 43, 89), (25, 25, 90), (26, 43, 91), (29, 37, 95), (29, 30, 96), (29, 6, 100), (29, 48, 101), (29, 104, 103), (30, 30, 105), (30, 4, 106), (31, 43, 75), (31, 25, 69), (31, 30, 107), (32, 43, 108), (32, 41, 110), (33, 41, 111), (33, 30, 105), (33, 4, 20), (33, 25, 112), (34, 30, 113), (34, 43, 114), (34, 25, 90), (35, 37, 115), (36, 1, 116), (36, 30, 118), (36, 6, 119), (37, 43, 120), (37, 25, 121), (38, 41, 111), (38, 30, 105), (38, 4, 76), (38, 25, 112), (39, 4, 76), (39, 25, 122), (40, 41, 123), (40, 43, 42)

zotero(4)(+0000000): INSERT INTO itemTypeCreatorTypes VALUES (2, 1, 1), (2, 2, 0), (4, 3, 1), (4, 4, 0), (4, 5, 0), (4, 6, 0), (4, 7, 0), (4, 2, 0), (5, 8, 1), (5, 9, 0), (5, 2, 0), (6, 10, 1), (6, 7, 0), (6, 11, 0), (6, 2, 0), (7, 10, 1), (7, 2, 0), (7, 12, 0), (7, 7, 0), (7, 13, 0), (8, 10, 1), (8, 2, 0), (8, 12, 0), (8, 14, 0), (8, 7, 0), (8, 13, 0), (9, 10, 1), (9, 15, 0), (9, 2, 0), (10, 16, 1), (10, 2, 0), (11, 10, 1), (11, 2, 0), (11, 12, 0), (11, 7, 0), (11, 13, 0), (12, 10, 1), (12, 2, 0), (13, 10, 1), (13, 2, 0), (13, 12, 0), (13, 7, 0), (13, 13, 0), (14, 10, 1), (14, 2, 0), (14, 12, 0), (14, 7, 0), (14, 17, 0), (15, 10, 1), (15, 7, 0), (15, 2, 0), (15, 18, 0), (16, 10, 1), (16, 2, 0), (16, 12, 0), (16, 7, 0), (16, 13, 0), (17, 19, 1), (17, 20, 0), (17, 21, 0), (17, 22, 0), (17, 23, 0), (17, 24, 0), (17, 25, 0), (17, 7, 0), (17, 2, 0), (18, 10, 1), (18, 2, 0), (19, 2, 1), (20, 10, 1), (20, 2, 0), (20, 18, 0), (21, 26, 1), (21, 2, 0), (21, 27, 0), (21, 7, 0), (22, 10, 1), (22, 2, 0), (22, 12, 0), (22, 7, 0), (22, 17, 0), (23, 10, 1), (23, 18, 0), (23, 2, 0), (23, 7, 0), (24, 10, 1), (24, 2, 0), (24, 7, 0), (24, 17, 0), (25, 10, 1), (25, 2, 0), (25, 7, 0), (26, 28, 1), (26, 2, 0), (26, 13, 0), (27, 10, 1), (27, 2, 0), (27, 7, 0), (27, 17, 0), (29, 29, 1), (29, 30, 0), (29, 2, 0), (30, 31, 1), (30, 24, 0), (30, 20, 0), (30, 32, 0), (30, 33, 0), (30, 19, 0), (30, 21, 0), (30, 22, 0), (30, 7, 0), (30, 2, 0), (31, 10, 1), (31, 2, 0), (31, 12, 0), (31, 7, 0), (31, 17, 0), (32, 34, 1), (32, 35, 0), (32, 36, 0), (32, 2, 0), (32, 7, 0), (33, 37, 1), (33, 23, 0), (33, 24, 0), (33, 20, 0), (33, 32, 0), (33, 33, 0), (33, 19, 0), (33, 21, 0), (33, 22, 0), (33, 7, 0), (33, 2, 0), (34, 10, 1), (34, 12, 0), (34, 2, 0), (34, 7, 0), (34, 13, 0), (35, 10, 1), (35, 12, 0), (35, 2, 0), (36, 10, 1), (36, 2, 0), (37, 10, 1), (37, 2, 0), (38, 19, 1), (38, 20, 0), (38, 32, 0), (38, 33, 0), (38, 21, 0), (38, 22, 0), (38, 23, 0), (38, 24, 0), (38, 25, 0), (38, 7, 0), (38, 2, 0), (39, 37, 1), (39, 19, 0), (39, 20, 0), (39, 21, 0), (39, 32, 0), (39, 22, 0), (39, 23, 0), (39, 24, 0), (39, 25, 0), (39, 7, 0), (39, 2, 0), (40, 10, 1), (40, 2, 0), (40, 7, 0)

zotero(4)(+0000019): REPLACE INTO settings VALUES ('globalSchema', 'data', :data)

zotero(4)(+0000001): REPLACE INTO version (schema,version) VALUES (?,?) ['globalSchema', 42]

zotero(3)(+0000000): Getting contents of [xpconnect wrapped nsIChannel]

zotero(3)(+0000003): Updating custom tables

zotero(4)(+0000000): DELETE FROM itemTypesCombined

zotero(4)(+0000000): DELETE FROM fieldsCombined

zotero(4)(+0000000): DELETE FROM itemTypeFieldsCombined

zotero(4)(+0000000): DELETE FROM baseFieldMappingsCombined

zotero(4)(+0000001): INSERT INTO itemTypesCombined SELECT itemTypeID, typeName, display, 0 AS custom FROM itemTypes UNION SELECT customItemTypeID + 10000 AS itemTypeID, typeName, display, 1 AS custom FROM customItemTypes

zotero(4)(+0000000): INSERT INTO fieldsCombined SELECT fieldID, fieldName, NULL AS label, fieldFormatID, 0 AS custom FROM fields UNION SELECT customFieldID + 10000 AS fieldID, fieldName, label, NULL, 1 AS custom FROM customFields

zotero(4)(+0000000): INSERT INTO itemTypeFieldsCombined SELECT itemTypeID, fieldID, hide, orderIndex FROM itemTypeFields UNION SELECT customItemTypeID + 10000 AS itemTypeID, COALESCE(fieldID, customFieldID + 10000) AS fieldID, hide, orderIndex FROM customItemTypeFields

zotero(4)(+0000000): INSERT INTO baseFieldMappingsCombined SELECT itemTypeID, baseFieldID, fieldID FROM baseFieldMappings UNION SELECT customItemTypeID + 10000 AS itemTypeID, baseFieldID, customFieldID + 10000 AS fieldID FROM customBaseFieldMappings

zotero(4)(+0000001): SELECT itemTypeID AS id, typeName AS name, custom FROM itemTypesCombined

zotero(4)(+0000000): SELECT itemTypeID AS id, typeName AS name, custom FROM itemTypesCombined WHERE typeName IN ('webpage', 'attachment', 'note', 'annotation')

zotero(4)(+0000000): SELECT customItemTypeID AS id, label, icon FROM customItemTypes

zotero(4)(+0000001): SELECT * FROM fieldFormats

zotero(4)(+0000001): SELECT * FROM fieldsCombined

zotero(4)(+0000001): SELECT fieldID, itemTypeID FROM itemTypeFieldsCombined

zotero(4)(+0000002): SELECT DISTINCT baseFieldID FROM baseFieldMappingsCombined

zotero(4)(+0000001): SELECT IT.itemTypeID, F.fieldID AS baseFieldID, BFM.fieldID FROM itemTypesCombined IT LEFT JOIN fieldsCombined F LEFT JOIN baseFieldMappingsCombined BFM ON (IT.itemTypeID=BFM.itemTypeID AND F.fieldID=BFM.baseFieldID)

zotero(4)(+0000006): SELECT DISTINCT baseFieldID FROM baseFieldMappingsCombined

zotero(4)(+0000012): SELECT itemTypeID, baseFieldID, fieldID, fieldName FROM baseFieldMappingsCombined JOIN fieldsCombined USING (fieldID)

zotero(4)(+0000001): SELECT DISTINCT fieldID FROM baseFieldMappingsCombined

zotero(4)(+0000001): SELECT itemTypeID, fieldID FROM itemTypeFieldsCombined ORDER BY orderIndex

zotero(4)(+0000001): SELECT creatorTypeID AS id, creatorType AS name FROM creatorTypes

zotero(4)(+0000001): SELECT itemTypeID, creatorTypeID AS id, creatorType AS name, primaryField FROM itemTypeCreatorTypes NATURAL JOIN creatorTypes

zotero(4)(+0000002): SELECT itemTypeID, creatorTypeID FROM itemTypeCreatorTypes WHERE primaryField=1

zotero(4)(+0000001): SELECT fieldName FROM fieldsCombined WHERE fieldName NOT IN ('accessDate', 'date', 'pages', 'section','seriesNumber','issue')

zotero(1)(+0000000): Unknown item type 'nsfReviewer'

zotero(1)(+0000000): Unknown item type 'nsfReviewer'

zotero(1)(+0000000): Localized string not available for search-conditions-dateAdded

zotero(1)(+0000001): Localized string not available for search-conditions-title

zotero(1)(+0000000): Localized string not available for search-conditions-abstractNote

zotero(1)(+0000000): Localized string not available for search-conditions-medium

zotero(1)(+0000000): Localized string not available for search-conditions-artworkSize

zotero(1)(+0000000): Localized string not available for search-conditions-eventPlace

zotero(1)(+0000000): Localized string not available for search-conditions-DOI

zotero(1)(+0000000): Localized string not available for search-conditions-citationKey

zotero(1)(+0000000): Localized string not available for search-conditions-url

zotero(1)(+0000001): Localized string not available for search-conditions-archive

zotero(1)(+0000000): Localized string not available for search-conditions-archiveLocation

zotero(1)(+0000000): Localized string not available for search-conditions-shortTitle

zotero(1)(+0000000): Localized string not available for search-conditions-language

zotero(1)(+0000000): Localized string not available for search-conditions-libraryCatalog

zotero(1)(+0000000): Localized string not available for search-conditions-callNumber

zotero(1)(+0000000): Localized string not available for search-conditions-rights

zotero(1)(+0000000): Localized string not available for search-conditions-extra

zotero(1)(+0000000): Localized string not available for search-conditions-seriesTitle

zotero(1)(+0000001): Localized string not available for search-conditions-volume

zotero(1)(+0000000): Localized string not available for search-conditions-numberOfVolumes

zotero(1)(+0000000): Localized string not available for search-conditions-publisher

zotero(1)(+0000000): Localized string not available for search-conditions-place

zotero(1)(+0000000): Localized string not available for search-conditions-runningTime

zotero(1)(+0000000): Localized string not available for search-conditions-ISBN

zotero(1)(+0000000): Localized string not available for search-conditions-number

zotero(1)(+0000000): Localized string not available for search-conditions-code

zotero(1)(+0000000): Localized string not available for search-conditions-authority

zotero(1)(+0000000): Localized string not available for search-conditions-session

zotero(1)(+0000000): Localized string not available for search-conditions-history

zotero(1)(+0000001): Localized string not available for search-conditions-publicationTitle

zotero(1)(+0000000): Localized string not available for search-conditions-type

zotero(1)(+0000000): Localized string not available for search-conditions-ISSN

zotero(1)(+0000000): Localized string not available for search-conditions-series

zotero(1)(+0000000): Localized string not available for search-conditions-edition

zotero(1)(+0000000): Localized string not available for search-conditions-originalDate

zotero(1)(+0000000): Localized string not available for search-conditions-originalPublisher

zotero(1)(+0000000): Localized string not available for search-conditions-originalPlace

zotero(1)(+0000000): Localized string not available for search-conditions-numPages

zotero(1)(+0000000): Localized string not available for search-conditions-reporter

zotero(1)(+0000001): Localized string not available for search-conditions-versionNumber

zotero(1)(+0000000): Localized string not available for search-conditions-system

zotero(1)(+0000000): Localized string not available for search-conditions-conferenceName

zotero(1)(+0000000): Localized string not available for search-conditions-committee

zotero(1)(+0000000): Localized string not available for search-conditions-partNumber

zotero(1)(+0000000): Localized string not available for search-conditions-partTitle

zotero(1)(+0000000): Localized string not available for search-conditions-seriesText

zotero(1)(+0000000): Localized string not available for search-conditions-journalAbbreviation

zotero(1)(+0000001): Localized string not available for search-conditions-PMID

zotero(1)(+0000000): Localized string not available for search-conditions-PMCID

zotero(1)(+0000000): Localized string not available for search-conditions-scale

zotero(1)(+0000000): Localized string not available for search-conditions-country

zotero(1)(+0000000): Localized string not available for search-conditions-assignee

zotero(1)(+0000000): Localized string not available for search-conditions-filingDate

zotero(1)(+0000000): Localized string not available for search-conditions-applicationNumber

zotero(1)(+0000000): Localized string not available for search-conditions-priorityNumbers

zotero(1)(+0000000): Localized string not available for search-conditions-references

zotero(1)(+0000000): Localized string not available for search-conditions-status

zotero(1)(+0000000): Localized string not available for search-conditions-meetingName

zotero(1)(+0000000): Localized string not available for search-conditions-codeNumber

zotero(1)(+0000001): Localized string not available for search-conditions-accessDate

zotero(1)(+0000000): Localized string not available for search-conditions-date

zotero(1)(+0000000): Localized string not available for search-conditions-pages

zotero(1)(+0000000): Localized string not available for search-conditions-section

zotero(1)(+0000000): Localized string not available for search-conditions-seriesNumber

zotero(1)(+0000000): Localized string not available for search-conditions-issue

zotero(4)(+0000000): REPLACE INTO settings VALUES ('globalSchema', 'migrateExtra', 1)

zotero(3)(+0000001): Getting contents of [xpconnect wrapped nsIChannel]

zotero(4)(+0000000): REPLACE INTO version (schema,version) VALUES (?,?) ['system', 32]

zotero(3)(+0000001): Getting contents of [xpconnect wrapped nsIChannel]

zotero(4)(+0000000): REPLACE INTO version (schema,version) VALUES (?,?) ['userdata', 125]

zotero(3)(+0000000): Getting contents of [xpconnect wrapped nsIChannel]

zotero(4)(+0000000): REPLACE INTO version (schema,version) VALUES (?,?) ['triggers', 18]

zotero(4)(+0000001): INSERT INTO libraries (libraryID, type, editable, filesEditable) VALUES (?, 'user', 1, 1) [1]

zotero(4)(+0000000): REPLACE INTO settings (setting, key, value) VALUES ('client', 'lastVersion', ?) ['9.0.6']

zotero(4)(+0000000): REPLACE INTO settings VALUES ('client', 'lastCompatibleVersion', ?) ['9.0.6']

zotero(4)(+0000000): REPLACE INTO version (schema,version) VALUES (?,?) ['compatibility', 7]

zotero(4)(+0000012): Committed DB transaction VuVu294m

zotero(4)(+0000002): SELECT key, value FROM settings WHERE setting='account'

zotero(4)(+0000000): INSERT INTO settings VALUES ('account', 'localUserKey', ?) ['t9kz3UgD']

zotero(4)(+0000007): SELECT userID, name FROM users

zotero(4)(+0000001): SELECT L.libraryID, L.type AS _libraryType, L.editable AS _libraryEditable, L.filesEditable AS _libraryFilesEditable, L.version AS _libraryVersion, L.storageVersion AS _libraryStorageVersion, L.lastSync AS _libraryLastSync, L.archived AS _libraryArchived, L.isAdmin AS _libraryIsAdmin, (SELECT COUNT(*)>0 FROM collections C WHERE C.libraryID=L.libraryID) AS hasCollections, (SELECT COUNT(*)>0 FROM savedSearches S WHERE S.libraryID=L.libraryID) AS hasSearches FROM libraries L WHERE type NOT IN (?,?) ['feed', 'group']

zotero(4)(+0000000): SELECT L.libraryID, L.type AS _libraryType, L.editable AS _libraryEditable, L.filesEditable AS _libraryFilesEditable, L.version AS _libraryVersion, L.storageVersion AS _libraryStorageVersion, L.lastSync AS _libraryLastSync, L.archived AS _libraryArchived, L.isAdmin AS _libraryIsAdmin, (SELECT COUNT(*)>0 FROM collections C WHERE C.libraryID=L.libraryID) AS hasCollections, (SELECT COUNT(*)>0 FROM savedSearches S WHERE S.libraryID=L.libraryID) AS hasSearches, F.name AS _feedName, F.url AS _feedUrl, F.lastUpdate AS _feedLastUpdate, F.lastCheck AS _feedLastCheck, F.lastCheckError AS _feedLastCheckError, F.cleanupUnreadAfter AS _feedCleanupUnreadAfter, F.cleanupReadAfter AS _feedCleanupReadAfter, F.refreshInterval AS _feedRefreshInterval, (SELECT COUNT(*) FROM items I JOIN feedItems FI USING (itemID) WHERE I.libraryID=F.libraryID AND FI.readTime IS NULL) AS _feedUnreadCount FROM feeds F JOIN libraries L USING (libraryID)

zotero(4)(+0000001): SELECT L.libraryID, L.type AS _libraryType, L.editable AS _libraryEditable, L.filesEditable AS _libraryFilesEditable, L.version AS _libraryVersion, L.storageVersion AS _libraryStorageVersion, L.lastSync AS _libraryLastSync, L.archived AS _libraryArchived, L.isAdmin AS _libraryIsAdmin, (SELECT COUNT(*)>0 FROM collections C WHERE C.libraryID=L.libraryID) AS hasCollections, (SELECT COUNT(*)>0 FROM savedSearches S WHERE S.libraryID=L.libraryID) AS hasSearches, G.groupID, G.name AS _groupName, G.description AS _groupDescription, G.version AS _groupVersion FROM groups G JOIN libraries L USING (libraryID)

zotero(4)(+0000000): SELECT COALESCE(MAX(collectionID) + 1, 1) FROM collections

zotero(4)(+0000000): SELECT COALESCE(MAX(creatorID) + 1, 1) FROM creators

zotero(4)(+0000001): SELECT COALESCE(MAX(creatorTypeID) + 1, 1) FROM creatorTypes

zotero(4)(+0000000): SELECT COALESCE(MAX(customFieldID) + 1, 1) FROM customFields

zotero(4)(+0000000): SELECT COALESCE(MAX(customItemTypeID) + 1, 1) FROM customItemTypes

zotero(4)(+0000000): SELECT COALESCE(MAX(fieldID) + 1, 1) FROM fields

zotero(4)(+0000000): SELECT COALESCE(MAX(valueID) + 1, 1) FROM itemDataValues

zotero(4)(+0000000): SELECT COALESCE(MAX(itemTypeID) + 1, 1) FROM itemTypes

zotero(4)(+0000001): SELECT COALESCE(MAX(itemID) + 1, 1) FROM items

zotero(4)(+0000000): SELECT COALESCE(MAX(libraryID) + 1, 1) FROM libraries

zotero(4)(+0000000): SELECT COALESCE(MAX(proxyID) + 1, 1) FROM proxies

zotero(4)(+0000000): SELECT COALESCE(MAX(savedSearchID) + 1, 1) FROM savedSearches

zotero(4)(+0000000): SELECT COALESCE(MAX(tagID) + 1, 1) FROM tags

zotero(4)(+0000000): SELECT itemTypeID AS id, typeName AS name, custom FROM itemTypesCombined

zotero(4)(+0000001): SELECT itemTypeID AS id, typeName AS name, custom FROM itemTypesCombined WHERE typeName IN ('webpage', 'attachment', 'note', 'annotation')

zotero(4)(+0000000): SELECT customItemTypeID AS id, label, icon FROM customItemTypes

zotero(4)(+0000000): SELECT * FROM fieldFormats

zotero(4)(+0000001): SELECT * FROM fieldsCombined

zotero(4)(+0000000): SELECT fieldID, itemTypeID FROM itemTypeFieldsCombined

zotero(4)(+0000002): SELECT DISTINCT baseFieldID FROM baseFieldMappingsCombined

zotero(4)(+0000001): SELECT IT.itemTypeID, F.fieldID AS baseFieldID, BFM.fieldID FROM itemTypesCombined IT LEFT JOIN fieldsCombined F LEFT JOIN baseFieldMappingsCombined BFM ON (IT.itemTypeID=BFM.itemTypeID AND F.fieldID=BFM.baseFieldID)

zotero(4)(+0000006): SELECT DISTINCT baseFieldID FROM baseFieldMappingsCombined

zotero(4)(+0000012): SELECT itemTypeID, baseFieldID, fieldID, fieldName FROM baseFieldMappingsCombined JOIN fieldsCombined USING (fieldID)

zotero(4)(+0000001): SELECT DISTINCT fieldID FROM baseFieldMappingsCombined

zotero(4)(+0000000): SELECT itemTypeID, fieldID FROM itemTypeFieldsCombined ORDER BY orderIndex

zotero(4)(+0000003): SELECT creatorTypeID AS id, creatorType AS name FROM creatorTypes

zotero(4)(+0000000): SELECT itemTypeID, creatorTypeID AS id, creatorType AS name, primaryField FROM itemTypeCreatorTypes NATURAL JOIN creatorTypes

zotero(4)(+0000001): SELECT itemTypeID, creatorTypeID FROM itemTypeCreatorTypes WHERE primaryField=1

zotero(4)(+0000001): SELECT fileTypeID AS id, fileType AS name FROM fileTypes

zotero(4)(+0000000): SELECT charsetID AS id, charset AS name FROM charsets

zotero(4)(+0000000): SELECT predicateID AS id, predicate AS name FROM relationPredicates

zotero(3)(+0000000): Getting contents of E:\Kumiko\pythonProject\Zotero\tmp\zotero-0.6.0-smoke-profile\session.json

zotero(3)(+0000001): Running unlock callbacks

zotero(3)(+0000000): HTTP server listening on 127.0.0.1:23119

zotero(4)(+0000000): ATTACH ':memory:' AS 'indexing'

zotero(4)(+0000001): CREATE TABLE indexing.fulltextWords (word NOT NULL)

zotero(4)(+0000000): Registering notifier observer 'tags_rs' for [setting]

zotero(4)(+0000000): Registering notifier observer 'autoRenameFileFromParent_vz' for [item] with priority 150

zotero(4)(+0000000): SELECT version FROM version WHERE schema='lastsync'

zotero(4)(+0000000): SELECT version FROM version WHERE schema='lastlocalsync'

zotero(4)(+0000000): SELECT name, syncObjectTypeID AS id FROM syncObjectTypes

zotero(4)(+0000001): Registering notifier observer 'storageLocal_wV' for [group]

zotero(3)(+0000000): FileChangeWatcher: rdcw backend initialized

zotero(4)(+0000000): Registering notifier observer 'deleteLog_LZ' for [collection,item,search,setting]

zotero(4)(+0000001): Registering notifier observer 'autosync_l9' for all types

zotero(3)(+0000000): Registering auto-sync idle observer

zotero(4)(+0000000): Registering notifier observer 'storageFileOpen_qk' for [file]

zotero(4)(+0000000): Registering notifier observer 'streamer_te' for [api-key]

zotero(3)(+0000000): Registering nsIObserver

zotero(4)(+0000000): SELECT * FROM proxies

zotero(4)(+0000002): SELECT ROWID AS id, libraryID, key FROM collections

zotero(4)(+0000000): SELECT ROWID AS id, libraryID, key FROM items

zotero(4)(+0000000): SELECT ROWID AS id, libraryID, key FROM savedSearches

zotero(4)(+0000001): SELECT fieldName FROM fieldsCombined WHERE fieldName NOT IN ('accessDate', 'date', 'pages', 'section','seriesNumber','issue')

zotero(3)(+0000000): HTTP GET resource://zotero/schema/engines.json

zotero(1)(+0000000): Unknown item type 'nsfReviewer'

zotero(1)(+0000000): Unknown item type 'nsfReviewer'

zotero(1)(+0000000): Localized string not available for search-conditions-dateAdded

zotero(1)(+0000001): Localized string not available for search-conditions-title

zotero(1)(+0000000): Localized string not available for search-conditions-abstractNote

zotero(1)(+0000000): Localized string not available for search-conditions-medium

zotero(1)(+0000000): Localized string not available for search-conditions-artworkSize

zotero(1)(+0000000): Localized string not available for search-conditions-eventPlace

zotero(1)(+0000000): Localized string not available for search-conditions-DOI

zotero(1)(+0000000): Localized string not available for search-conditions-citationKey

zotero(1)(+0000000): Localized string not available for search-conditions-url

zotero(1)(+0000000): Localized string not available for search-conditions-archive

zotero(1)(+0000000): Localized string not available for search-conditions-archiveLocation

zotero(1)(+0000001): Localized string not available for search-conditions-shortTitle

zotero(1)(+0000000): Localized string not available for search-conditions-language

zotero(1)(+0000000): Localized string not available for search-conditions-libraryCatalog

zotero(1)(+0000000): Localized string not available for search-conditions-callNumber

zotero(1)(+0000000): Localized string not available for search-conditions-rights

zotero(1)(+0000000): Localized string not available for search-conditions-extra

zotero(1)(+0000000): Localized string not available for search-conditions-seriesTitle

zotero(1)(+0000000): Localized string not available for search-conditions-volume

zotero(1)(+0000000): Localized string not available for search-conditions-numberOfVolumes

zotero(1)(+0000000): Localized string not available for search-conditions-publisher

zotero(1)(+0000000): Localized string not available for search-conditions-place

zotero(1)(+0000000): Localized string not available for search-conditions-runningTime

zotero(1)(+0000000): Localized string not available for search-conditions-ISBN

zotero(1)(+0000001): Localized string not available for search-conditions-number

zotero(1)(+0000000): Localized string not available for search-conditions-code

zotero(1)(+0000000): Localized string not available for search-conditions-authority

zotero(1)(+0000000): Localized string not available for search-conditions-session

zotero(1)(+0000000): Localized string not available for search-conditions-history

zotero(1)(+0000000): Localized string not available for search-conditions-publicationTitle

zotero(1)(+0000000): Localized string not available for search-conditions-type

zotero(1)(+0000000): Localized string not available for search-conditions-ISSN

zotero(1)(+0000000): Localized string not available for search-conditions-series

zotero(1)(+0000001): Localized string not available for search-conditions-edition

zotero(1)(+0000000): Localized string not available for search-conditions-originalDate

zotero(1)(+0000000): Localized string not available for search-conditions-originalPublisher

zotero(1)(+0000000): Localized string not available for search-conditions-originalPlace

zotero(1)(+0000000): Localized string not available for search-conditions-numPages

zotero(1)(+0000000): Localized string not available for search-conditions-reporter

zotero(1)(+0000000): Localized string not available for search-conditions-versionNumber

zotero(1)(+0000001): Localized string not available for search-conditions-system

zotero(1)(+0000000): Localized string not available for search-conditions-conferenceName

zotero(1)(+0000000): Localized string not available for search-conditions-committee

zotero(1)(+0000000): Localized string not available for search-conditions-partNumber

zotero(1)(+0000000): Localized string not available for search-conditions-partTitle

zotero(1)(+0000000): Localized string not available for search-conditions-seriesText

zotero(1)(+0000000): Localized string not available for search-conditions-journalAbbreviation

zotero(1)(+0000000): Localized string not available for search-conditions-PMID

zotero(1)(+0000000): Localized string not available for search-conditions-PMCID

zotero(1)(+0000000): Localized string not available for search-conditions-scale

zotero(1)(+0000001): Localized string not available for search-conditions-country

zotero(1)(+0000000): Localized string not available for search-conditions-assignee

zotero(1)(+0000000): Localized string not available for search-conditions-filingDate

zotero(1)(+0000000): Localized string not available for search-conditions-applicationNumber

zotero(1)(+0000000): Localized string not available for search-conditions-priorityNumbers

zotero(1)(+0000000): Localized string not available for search-conditions-references

zotero(1)(+0000000): Localized string not available for search-conditions-status

zotero(1)(+0000000): Localized string not available for search-conditions-meetingName

zotero(1)(+0000000): Localized string not available for search-conditions-codeNumber

zotero(1)(+0000000): Localized string not available for search-conditions-accessDate

zotero(1)(+0000001): Localized string not available for search-conditions-date

zotero(1)(+0000000): Localized string not available for search-conditions-pages

zotero(1)(+0000000): Localized string not available for search-conditions-section

zotero(1)(+0000000): Localized string not available for search-conditions-seriesNumber

zotero(1)(+0000000): Localized string not available for search-conditions-issue

zotero(4)(+0000000): SELECT tagID, name FROM tags

zotero(4)(+0000001): SELECT * FROM creators

zotero(3)(+0000000): HTTP GET resource://zotero/schema/engines.json succeeded with 200

zotero(3)(+0000000): Loading collection relations

zotero(4)(+0000001): SELECT * FROM collectionRelations JOIN relationPredicates USING (predicateID)

zotero(3)(+0000000): Loaded collection relations in 1 ms

zotero(3)(+0000000): Loading item relations

zotero(4)(+0000000): SELECT * FROM itemRelations JOIN relationPredicates USING (predicateID)

zotero(3)(+0000000): Loaded item relations in 0 ms

zotero(4)(+0000000): SELECT itemID AS id, fieldID, value FROM itemData JOIN itemDataValues USING (valueID) WHERE fieldID IN (?, ?) [8, 19]

zotero(3)(+0000001): Getting contents of E:\Kumiko\pythonProject\Zotero\tmp\zotero-0.6.0-smoke-data\locate\engines.json

zotero(4)(+0000000): Registering notifier observer 'retractions_re' for [item,group] with priority 20

zotero(3)(+0000001): Saving chrome://zotero/skin/logos/google-scholar.ico to C:\Users\Kumiko\AppData\Local\Temp\Zotero\AwxkrPNw

zotero(4)(+0000001): SELECT libraryID, itemID, DI.itemID IS NOT NULL AS deleted, RI.flag FROM items JOIN retractedItems RI USING (itemID) LEFT JOIN deletedItems DI USING (itemID)

zotero(4)(+0000000): Registering notifier observer 'attachmentReadObserver_QE' for [file,setting]

zotero(3)(+0000003): Loading synced settings for library 1

zotero(4)(+0000000): SELECT setting, value, synced, version FROM syncedSettings WHERE libraryID=? [1]

zotero(3)(+0000000): Loading all collections in 我的文库

zotero(3)(+0000000): Loading primaryData for collections in 我的文库

zotero(4)(+0000000): SELECT O.collectionID, O.collectionName AS name, O.libraryID, O.key, O.version, O.synced, DC.collectionID IS NOT NULL AS deleted, O.parentCollectionID AS parentID, CP.key AS parentKey, (SELECT COUNT(*) FROM collections WHERE parentCollectionID=O.collectionID) != 0 AS hasChildCollections, (SELECT COUNT(*) FROM collectionItems WHERE collectionID=O.collectionID) != 0 AS hasChildItems FROM collections O LEFT JOIN deletedCollections DC ON (O.collectionID=DC.collectionID)LEFT JOIN collections CP ON (O.parentCollectionID=CP.collectionID)  WHERE 1 AND O.libraryID=? [1]

zotero(3)(+0000001): Detected MIME type image/vnd.microsoft.icon

zotero(3)(+0000000): Loaded primaryData in 我的文库 in 1 ms

zotero(3)(+0000000): Loading childCollections for collections in 我的文库

zotero(4)(+0000000): SELECT C1.collectionID, C2.collectionID AS childCollectionID FROM collections C1 LEFT JOIN collections C2 ON (C1.collectionID=C2.parentCollectionID) WHERE C1.libraryID=? [1]

zotero(3)(+0000000): Loaded childCollections in 我的文库 in 0 ms

zotero(3)(+0000000): Loading childItems for collections in 我的文库

zotero(4)(+0000000): SELECT collectionID, itemID FROM collections LEFT JOIN collectionItems USING (collectionID) WHERE libraryID=? [1]

zotero(3)(+0000001): Loaded childItems in 我的文库 in 1 ms

zotero(3)(+0000000): Loading relations for collections in 我的文库

zotero(4)(+0000000): SELECT collectionID, predicate, object FROM collections LEFT JOIN collectionRelations USING (collectionID) LEFT JOIN relationPredicates USING (predicateID) WHERE libraryID=? [1]

zotero(3)(+0000000): Loaded relations in 我的文库 in 0 ms

zotero(3)(+0000001): Loaded collections in 我的文库 in 3 ms

zotero(3)(+0000000): Loading all searches in 我的文库

zotero(3)(+0000000): Loading primaryData for searches in 我的文库

zotero(4)(+0000000): SELECT O.savedSearchID, O.savedSearchName AS name, O.libraryID, O.key, O.version, O.synced, DS.savedSearchID IS NOT NULL AS deleted FROM savedSearches O LEFT JOIN deletedSearches DS ON (O.savedSearchID=DS.savedSearchID) WHERE 1 AND O.libraryID=? [1]

zotero(3)(+0000001): Loaded primaryData in 我的文库 in 1 ms

zotero(3)(+0000000): Loading conditions for searches in 我的文库

zotero(4)(+0000000): SELECT savedSearchID, searchConditionID, condition, operator, value, required FROM savedSearches LEFT JOIN savedSearchConditions USING (savedSearchID) WHERE libraryID=?ORDER BY savedSearchID, searchConditionID [1]

zotero(3)(+0000000): Loaded conditions in 我的文库 in 0 ms

zotero(3)(+0000000): Loaded searches in 我的文库 in 1 ms

zotero(3)(+0000000): Initializing Quick Copy

zotero(4)(+0000000): Registering notifier observer 'feedsUpdate_Ex' for [sync]

zotero(3)(+0000000): Running initialization callbacks

zotero(3)(+0000001): Triggering "zotero-loaded" event

zotero(3)(+0000000): Initializing Word Processor plugins

zotero(3)(+0000002): PluginInstaller LibreOffice: Fetching addon info

zotero(3)(+0000000): HTTP GET resource://zotero-libreoffice-integration/version.txt

zotero(3)(+0000001): PluginInstaller Microsoft Word: Fetching addon info

zotero(3)(+0000000): HTTP GET resource://zotero-winword-integration/version.txt

zotero(3)(+0000000): LibreOfficePlugin: Communication server listening on 127.0.0.1:23116

zotero(3)(+0000001): LibreOfficePlugin: Registering shutdown listener

zotero(3)(+0000001): Initializing Zotero pane

zotero(3)(+0000011): Initializing React CollectionTree

zotero(4)(+0000017): Registering notifier observer 'collectionTree_ek' for [collection,search,feed,share,group,trash,bucket] with priority 25

zotero(3)(+0000002): Refreshing collections pane

zotero(4)(+0000000): SELECT savedSearchID FROM savedSearches WHERE libraryID=? [1]

zotero(4)(+0000000): Registering notifier observer 'tagSelector_Cb' for [collection-item,item,item-tag,tag,setting]

zotero(3)(+0000001): Rendering tag selector

zotero(3)(+0000000): Rendering tag list

zotero(3)(+0000001): React CollectionTree initialized

zotero(3)(+0000005): Initializing React ItemTree main

zotero(3)(+0000002): HTTP GET resource://zotero-libreoffice-integration/version.txt succeeded with 200

zotero(3)(+0000000): PluginInstaller LibreOffice: Addon info fetched. version: 9.0.0.SOURCE, file version: 9.0.0pre, installed version: attempted: 

zotero(3)(+0000000): PluginInstaller LibreOffice: New version since last attempt to install. Will display prompt upon failure.

zotero(3)(+0000000): HTTP GET resource://zotero-winword-integration/version.txt succeeded with 200

zotero(3)(+0000001): PluginInstaller Microsoft Word: Addon info fetched. version: 9.0.0.SOURCE, file version: 9.0.0pre, installed version: attempted: 

zotero(3)(+0000000): PluginInstaller Microsoft Word: New version since last attempt to install. Will display prompt upon failure.

zotero(4)(+0000002): SELECT itemID FROM items JOIN deletedItems USING (itemID) WHERE libraryID=? [1]

zotero(4)(+0000002): Registering notifier observer 'itemTreeView_2h' for [item,collection-item,item-tag,share-items,bucket,feedItem,search,itemtree,collection] with priority 50

zotero(3)(+0000000): itemTree.render(). Displaying Item Pane Message

zotero(3)(+0000001): React ItemTree main initialized

zotero(3)(+0000000): User interface ready in 1086 ms

zotero(3)(+0000003): Connecting to streaming server at wss://stream.zotero.org/

zotero(4)(+0000001): SELECT collectionID FROM collections JOIN deletedCollections USING (collectionID) WHERE libraryID=? [1]

zotero(3)(+0000001): itemTree.render(). Displaying Item Pane Message

zotero(4)(+0000000): Registering notifier observer 'Vh' for [api-key]

zotero(4)(+0000000): Registering notifier observer 'syncReminder_tH' for [item]

zotero(4)(+0000002): SELECT savedSearchID FROM savedSearches JOIN deletedSearches USING (savedSearchID) WHERE libraryID=? [1]

zotero(3)(+0000000): Getting contents of [xpconnect wrapped nsIChannel]

zotero(3)(+0000003): CollectionTree.selectWait(): selectEventsSuppressed. Not waiting to select row 0

zotero(3)(+0000001): Waiting for items to load for library 1

zotero(3)(+0000000): Loading all items in 我的文库

zotero(3)(+0000000): Loading primaryData for items in 我的文库

zotero(4)(+0000000): SELECT O.itemID, O.itemTypeID, O.dateAdded, O.dateModified, O.libraryID, O.key, O.version, O.synced, createdByUserID, lastModifiedByUserID, COALESCE(CASE (SELECT COUNT(*) FROM itemCreators IC LEFT JOIN itemTypeCreatorTypes ITCT ON (IC.creatorTypeID=ITCT.creatorTypeID AND ITCT.itemTypeID=O.itemTypeID) WHERE itemID=O.itemID AND primaryField=1) WHEN 0 THEN NULL WHEN 1 THEN (SELECT lastName FROM itemCreators IC NATURAL JOIN creators LEFT JOIN itemTypeCreatorTypes ITCT ON (IC.creatorTypeID=ITCT.creatorTypeID AND ITCT.itemTypeID=O.itemTypeID) WHERE itemID=O.itemID AND primaryField=1) WHEN 2 THEN (SELECT PRINTF('%s和%s', (SELECT '⁨' || lastName || '⁩' FROM itemCreators IC NATURAL JOIN creators LEFT JOIN itemTypeCreatorTypes ITCT ON (IC.creatorTypeID=ITCT.creatorTypeID AND ITCT.itemTypeID=O.itemTypeID) WHERE itemID=O.itemID AND primaryField=1 ORDER BY orderIndex LIMIT 1), (SELECT '⁨' || lastName || '⁩' FROM itemCreators IC NATURAL JOIN creators LEFT JOIN itemTypeCreatorTypes ITCT ON (IC.creatorTypeID=ITCT.creatorTypeID AND ITCT.itemTypeID=O.itemTypeID) WHERE itemID=O.itemID AND primaryField=1 ORDER BY orderIndex LIMIT 1,1) )) ELSE (SELECT (SELECT lastName FROM itemCreators IC NATURAL JOIN creators LEFT JOIN itemTypeCreatorTypes ITCT ON (IC.creatorTypeID=ITCT.creatorTypeID AND ITCT.itemTypeID=O.itemTypeID) WHERE itemID=O.itemID AND primaryField=1 ORDER BY orderIndex LIMIT 1) || ' 等' ) END, CASE (SELECT COUNT(*) FROM itemCreators IC WHERE itemID=O.itemID AND creatorTypeID=12) WHEN 0 THEN NULL WHEN 1 THEN (SELECT lastName FROM itemCreators IC NATURAL JOIN creators WHERE itemID=O.itemID AND creatorTypeID=12) WHEN 2 THEN (SELECT PRINTF('%s和%s', (SELECT '⁨' || lastName || '⁩' FROM itemCreators IC NATURAL JOIN creators WHERE itemID=O.itemID AND creatorTypeID=12 ORDER BY orderIndex LIMIT 1), (SELECT '⁨' || lastName || '⁩' FROM itemCreators IC NATURAL JOIN creators WHERE itemID=O.itemID AND creatorTypeID=12 ORDER BY orderIndex LIMIT 1,1) )) ELSE (SELECT (SELECT lastName FROM itemCreators IC NATURAL JOIN creators WHERE itemID=O.itemID AND creatorTypeID=12 ORDER BY orderIndex LIMIT 1) || ' 等' ) END, CASE (SELECT COUNT(*) FROM itemCreators IC WHERE itemID=O.itemID AND creatorTypeID=19) WHEN 0 THEN NULL WHEN 1 THEN (SELECT lastName FROM itemCreators IC NATURAL JOIN creators WHERE itemID=O.itemID AND creatorTypeID=19) WHEN 2 THEN (SELECT PRINTF('%s和%s', (SELECT '⁨' || lastName || '⁩' FROM itemCreators IC NATURAL JOIN creators WHERE itemID=O.itemID AND creatorTypeID=19 ORDER BY orderIndex LIMIT 1), (SELECT '⁨' || lastName || '⁩' FROM itemCreators IC NATURAL JOIN creators WHERE itemID=O.itemID AND creatorTypeID=19 ORDER BY orderIndex LIMIT 1,1) )) ELSE (SELECT (SELECT lastName FROM itemCreators IC NATURAL JOIN creators WHERE itemID=O.itemID AND creatorTypeID=19 ORDER BY orderIndex LIMIT 1) || ' 等' ) END, CASE (SELECT COUNT(*) FROM itemCreators IC WHERE itemID=O.itemID AND creatorTypeID=2) WHEN 0 THEN NULL WHEN 1 THEN (SELECT lastName FROM itemCreators IC NATURAL JOIN creators WHERE itemID=O.itemID AND creatorTypeID=2) WHEN 2 THEN (SELECT PRINTF('%s和%s', (SELECT '⁨' || lastName || '⁩' FROM itemCreators IC NATURAL JOIN creators WHERE itemID=O.itemID AND creatorTypeID=2 ORDER BY orderIndex LIMIT 1), (SELECT '⁨' || lastName || '⁩' FROM itemCreators IC NATURAL JOIN creators WHERE itemID=O.itemID AND creatorTypeID=2 ORDER BY orderIndex LIMIT 1,1) )) ELSE (SELECT (SELECT lastName FROM itemCreators IC NATURAL JOIN creators WHERE itemID=O.itemID AND creatorTypeID=2 ORDER BY orderIndex LIMIT 1) || ' 等' ) END) AS firstCreator, COALESCE(CASE (SELECT COUNT(*) FROM itemCreators IC LEFT JOIN itemTypeCreatorTypes ITCT ON (IC.creatorTypeID=ITCT.creatorTypeID AND ITCT.itemTypeID=O.itemTypeID) WHERE itemID=O.itemID AND primaryField=1) WHEN 0 THEN NULL WHEN 1 THEN (SELECT lastName || ' ' || firstName FROM itemCreators IC NATURAL JOIN creators LEFT JOIN itemTypeCreatorTypes ITCT ON (IC.creatorTypeID=ITCT.creatorTypeID AND ITCT.itemTypeID=O.itemTypeID) WHERE itemID=O.itemID AND primaryField=1) WHEN 2 THEN (SELECT (SELECT lastName || ' ' || firstName FROM itemCreators IC NATURAL JOIN creators LEFT JOIN itemTypeCreatorTypes ITCT ON (IC.creatorTypeID=ITCT.creatorTypeID AND ITCT.itemTypeID=O.itemTypeID) WHERE itemID=O.itemID AND primaryField=1 ORDER BY orderIndex LIMIT 1) || ' ' || (SELECT lastName || ' ' || firstName FROM itemCreators IC NATURAL JOIN creators LEFT JOIN itemTypeCreatorTypes ITCT ON (IC.creatorTypeID=ITCT.creatorTypeID AND ITCT.itemTypeID=O.itemTypeID) WHERE itemID=O.itemID AND primaryField=1 ORDER BY orderIndex LIMIT 1,1)) ELSE (SELECT (SELECT lastName || ' ' || firstName FROM itemCreators IC NATURAL JOIN creators LEFT JOIN itemTypeCreatorTypes ITCT ON (IC.creatorTypeID=ITCT.creatorTypeID AND ITCT.itemTypeID=O.itemTypeID) WHERE itemID=O.itemID AND primaryField=1 ORDER BY orderIndex LIMIT 1) || ' ' || (SELECT lastName || ' ' || firstName FROM itemCreators IC NATURAL JOIN creators LEFT JOIN itemTypeCreatorTypes ITCT ON (IC.creatorTypeID=ITCT.creatorTypeID AND ITCT.itemTypeID=O.itemTypeID) WHERE itemID=O.itemID AND primaryField=1 ORDER BY orderIndex LIMIT 1,1) || ' ' || (SELECT lastName || ' ' || firstName FROM itemCreators IC NATURAL JOIN creators LEFT JOIN itemTypeCreatorTypes ITCT ON (IC.creatorTypeID=ITCT.creatorTypeID AND ITCT.itemTypeID=O.itemTypeID) WHERE itemID=O.itemID AND primaryField=1 ORDER BY orderIndex LIMIT 2,1)) END, CASE (SELECT COUNT(*) FROM itemCreators IC WHERE itemID=O.itemID AND creatorTypeID=12) WHEN 0 THEN NULL WHEN 1 THEN (SELECT lastName || ' ' || firstName FROM itemCreators IC NATURAL JOIN creators WHERE itemID=O.itemID AND creatorTypeID=12) WHEN 2 THEN (SELECT (SELECT lastName || ' ' || firstName FROM itemCreators IC NATURAL JOIN creators WHERE itemID=O.itemID AND creatorTypeID=12 ORDER BY orderIndex LIMIT 1) || ' ' || (SELECT lastName || ' ' || firstName FROM itemCreators IC NATURAL JOIN creators WHERE itemID=O.itemID AND creatorTypeID=12 ORDER BY orderIndex LIMIT 1,1)) ELSE (SELECT (SELECT lastName || ' ' || firstName FROM itemCreators IC NATURAL JOIN creators WHERE itemID=O.itemID AND creatorTypeID=12 ORDER BY orderIndex LIMIT 1) || ' ' || (SELECT lastName || ' ' || firstName FROM itemCreators IC NATURAL JOIN creators WHERE itemID=O.itemID AND creatorTypeID=12 ORDER BY orderIndex LIMIT 1,1) || ' ' || (SELECT lastName || ' ' || firstName FROM itemCreators IC NATURAL JOIN creators WHERE itemID=O.itemID AND creatorTypeID=12 ORDER BY orderIndex LIMIT 2,1)) END, CASE (SELECT COUNT(*) FROM itemCreators IC WHERE itemID=O.itemID AND creatorTypeID=19) WHEN 0 THEN NULL WHEN 1 THEN (SELECT lastName || ' ' || firstName FROM itemCreators IC NATURAL JOIN creators WHERE itemID=O.itemID AND creatorTypeID=19) WHEN 2 THEN (SELECT (SELECT lastName || ' ' || firstName FROM itemCreators IC NATURAL JOIN creators WHERE itemID=O.itemID AND creatorTypeID=19 ORDER BY orderIndex LIMIT 1) || ' ' || (SELECT lastName || ' ' || firstName FROM itemCreators IC NATURAL JOIN creators WHERE itemID=O.itemID AND creatorTypeID=19 ORDER BY orderIndex LIMIT 1,1)) ELSE (SELECT (SELECT lastName || ' ' || firstName FROM itemCreators IC NATURAL JOIN creators WHERE itemID=O.itemID AND creatorTypeID=19 ORDER BY orderIndex LIMIT 1) || ' ' || (SELECT lastName || ' ' || firstName FROM itemCreators IC NATURAL JOIN creators WHERE itemID=O.itemID AND creatorTypeID=19 ORDER BY orderIndex LIMIT 1,1) || ' ' || (SELECT lastName || ' ' || firstName FROM itemCreators IC NATURAL JOIN creators WHERE itemID=O.itemID AND creatorTypeID=19 ORDER BY orderIndex LIMIT 2,1)) END, CASE (SELECT COUNT(*) FROM itemCreators IC WHERE itemID=O.itemID AND creatorTypeID=2) WHEN 0 THEN NULL WHEN 1 THEN (SELECT lastName || ' ' || firstName FROM itemCreators IC NATURAL JOIN creators WHERE itemID=O.itemID AND creatorTypeID=2) WHEN 2 THEN (SELECT (SELECT lastName || ' ' || firstName FROM itemCreators IC NATURAL JOIN creators WHERE itemID=O.itemID AND creatorTypeID=2 ORDER BY orderIndex LIMIT 1) || ' ' || (SELECT lastName || ' ' || firstName FROM itemCreators IC NATURAL JOIN creators WHERE itemID=O.itemID AND creatorTypeID=2 ORDER BY orderIndex LIMIT 1,1)) ELSE (SELECT (SELECT lastName || ' ' || firstName FROM itemCreators IC NATURAL JOIN creators WHERE itemID=O.itemID AND creatorTypeID=2 ORDER BY orderIndex LIMIT 1) || ' ' || (SELECT lastName || ' ' || firstName FROM itemCreators IC NATURAL JOIN creators WHERE itemID=O.itemID AND creatorTypeID=2 ORDER BY orderIndex LIMIT 1,1) || ' ' || (SELECT lastName || ' ' || firstName FROM itemCreators IC NATURAL JOIN creators WHERE itemID=O.itemID AND creatorTypeID=2 ORDER BY orderIndex LIMIT 2,1)) END) AS sortCreator, DI.itemID IS NOT NULL AS deleted, PI.itemID IS NOT NULL AS inPublications, (CASE O.itemTypeID WHEN 3 THEN IAP.itemID WHEN 28 THEN INoP.itemID WHEN 1 THEN IAnP.itemID END) AS parentID, (CASE O.itemTypeID WHEN 3 THEN IAP.key WHEN 28 THEN INoP.key WHEN 1 THEN IAnP.key END) AS parentKey, CS.charset AS attachmentCharset, IA.linkMode AS attachmentLinkMode, IA.contentType AS attachmentContentType, IA.path AS attachmentPath, IA.syncState AS attachmentSyncState, IA.storageModTime AS attachmentSyncedModificationTime, IA.storageHash AS attachmentSyncedHash, IA.lastProcessedModificationTime AS attachmentLastProcessedModificationTime, IA.lastRead AS attachmentLastRead, FI.guid AS feedItemGUID, FI.readTime AS feedItemReadTime, FI.translatedTime AS feedItemTranslatedTime FROM items O LEFT JOIN itemAttachments IA USING (itemID) LEFT JOIN items IAP ON (IA.parentItemID=IAP.itemID) LEFT JOIN itemNotes INo ON (O.itemID=INo.itemID) LEFT JOIN items INoP ON (INo.parentItemID=INoP.itemID) LEFT JOIN itemAnnotations IAn ON (O.itemID=IAn.itemID) LEFT JOIN items IAnP ON (IAn.parentItemID=IAnP.itemID) LEFT JOIN deletedItems DI ON (O.itemID=DI.itemID) LEFT JOIN publicationsItems PI ON (O.itemID=PI.itemID) LEFT JOIN charsets CS ON (IA.charsetID=CS.charsetID)LEFT JOIN groupItems GI ON (O.itemID=GI.itemID) LEFT JOIN feedItems FI ON (FI.itemID=O.itemID) WHERE 1 AND O.libraryID=? [1]

zotero(3)(+0000008): Loaded primaryData in 我的文库 in 8 ms

zotero(3)(+0000000): Loading creators for items in 我的文库

zotero(4)(+0000000): SELECT itemID, creatorID, creatorTypeID, orderIndex FROM items LEFT JOIN itemCreators USING (itemID) WHERE libraryID=? ORDER BY itemID, orderIndex [1]

zotero(3)(+0000001): Getting contents of [xpconnect wrapped nsIChannel]

zotero(3)(+0000005): Loaded creators in 我的文库 in 6 ms

zotero(3)(+0000001): Loading tags for items in 我的文库

zotero(4)(+0000000): SELECT itemID, name, type FROM items LEFT JOIN itemTags USING (itemID) LEFT JOIN tags USING (tagID) WHERE libraryID=? [1]

zotero(3)(+0000004): Calling bootstrap method 'startup' for plugin reader-text-highlighter@local.kumiko version 0.6.0 with reason APP_STARTUP

zotero(4)(+0000000): Beginning DB transaction mKKWAtTi

zotero(3)(+0000001): [reader-text-highlighter@local.kumiko] registered item pane section reader-text-highlighter-pane

zotero(3)(+0000000): [paper-assistant-translations] Asynchronously opening database 'paper-assistant-translations'

zotero(3)(+0000000): E:\Kumiko\pythonProject\Zotero\tmp\zotero-0.6.0-smoke-data\paper-assistant-translations.sqlite

zotero(3)(+0000000): [reader-text-highlighter@local.kumiko] started

zotero(3)(+0000002): Loaded tags in 我的文库 in 7 ms

zotero(3)(+0000000): Loading annotation for items in 我的文库

zotero(4)(+0000000): SELECT itemID, IA.parentItemID, IA.type, IA.authorName, IA.text, IA.comment, IA.color, IA.sortIndex, IA.isExternal FROM items JOIN itemAnnotations IA USING (itemID) WHERE libraryID=? [1]

zotero(3)(+0000003): Notifier.trigger('refresh', 'itempane', [], {}) queued 

zotero(3)(+0000001): Loaded annotation in 我的文库 in 4 ms

zotero(3)(+0000000): Loading itemData for items in 我的文库

zotero(4)(+0000000): SELECT itemID, fieldID, value FROM items JOIN itemData USING (itemID) JOIN itemDataValues USING (valueID) WHERE libraryID=? AND itemTypeID!=? [1, 28]

zotero(4)(+0000000): Committed DB transaction mKKWAtTi

zotero(3)(+0000000): Committing notifier event queue [refresh-itempane: 0]

zotero(3)(+0000000): Notifier.trigger('refresh', 'itempane', [], {}) called [observers: 2]

zotero(4)(+0000001): 
        CREATE TABLE IF NOT EXISTS translations (
          library_id INTEGER NOT NULL,
          attachment_key TEXT NOT NULL,
          page_index INTEGER NOT NULL,
          position_signature TEXT NOT NULL,
          source_hash TEXT NOT NULL,
          model TEXT NOT NULL,
          prompt_version TEXT NOT NULL,
          zh_text TEXT NOT NULL DEFAULT '',
          status TEXT NOT NULL,
          created_at INTEGER NOT NULL,
          PRIMARY KEY (
            library_id, attachment_key, page_index, position_signature,
            source_hash, model, prompt_version
          )
        )
      

zotero(4)(+0000000): SELECT itemID FROM items WHERE libraryID=? [1]

zotero(4)(+0000000): SELECT itemID, title FROM items JOIN itemNotes USING (itemID) WHERE libraryID=? AND itemID NOT IN (SELECT itemID FROM itemAttachments) [1]

zotero(3)(+0000003): Loaded itemData in 我的文库 in 4 ms

zotero(3)(+0000001): Loading note for items in 我的文库

zotero(4)(+0000001): SELECT itemID, note FROM items JOIN itemNotes USING (itemID) WHERE libraryID=? [1]

zotero(4)(+0000005): SELECT itemID FROM items WHERE libraryID=? AND itemTypeID IN (?, ?) AND itemID NOT IN (SELECT itemID FROM itemNotes) [1, 28, 3]

zotero(3)(+0000002): Loaded note in 我的文库 in 8 ms

zotero(3)(+0000000): Loading annotationDeferred for items in 我的文库

zotero(4)(+0000000): SELECT itemID, IA.position, IA.pageLabel FROM items JOIN itemAnnotations IA USING (itemID) WHERE libraryID=? [1]

zotero(3)(+0000000): Loaded annotationDeferred in 我的文库 in 0 ms

zotero(3)(+0000000): Loading childItems for items in 我的文库

zotero(4)(+0000001): SELECT parentItemID, A.itemID, value AS title, CASE WHEN DI.itemID IS NULL THEN 0 ELSE 1 END AS trashed FROM itemAttachments A JOIN items I ON (A.parentItemID=I.itemID) LEFT JOIN itemData ID ON (fieldID=1 AND A.itemID=ID.itemID) LEFT JOIN itemDataValues IDV USING (valueID) LEFT JOIN deletedItems DI USING (itemID) WHERE libraryID=? ORDER BY parentItemID [1]

zotero(4)(+0000001): SELECT parentItemID, N.itemID, title, CASE WHEN DI.itemID IS NULL THEN 0 ELSE 1 END AS trashed FROM itemNotes N JOIN items I ON (N.parentItemID=I.itemID) LEFT JOIN deletedItems DI USING (itemID) WHERE libraryID=? ORDER BY parentItemID [1]

zotero(4)(+0000000): SELECT parentItemID, IAn.itemID, text || ' - ' || comment AS title, CASE WHEN DI.itemID IS NULL THEN 0 ELSE 1 END AS trashed FROM itemAnnotations IAn JOIN items I ON (IAn.parentItemID=I.itemID) LEFT JOIN deletedItems DI USING (itemID) WHERE libraryID=? ORDER BY parentItemID, sortIndex [1]

zotero(4)(+0000001): SELECT itemID FROM items I WHERE libraryID=? [1]

zotero(3)(+0000000): Loaded childItems in 我的文库 in 3 ms

zotero(3)(+0000000): Loading collections for items in 我的文库

zotero(4)(+0000000): SELECT itemID, collectionID FROM items LEFT JOIN collectionItems USING (itemID) WHERE libraryID=? [1]

zotero(3)(+0000001): Loaded collections in 我的文库 in 1 ms

zotero(3)(+0000000): Loading relations for items in 我的文库

zotero(4)(+0000000): SELECT itemID, predicate, object FROM items LEFT JOIN itemRelations USING (itemID) LEFT JOIN relationPredicates USING (predicateID) WHERE libraryID=? [1]

zotero(3)(+0000000): Loaded relations in 我的文库 in 0 ms

zotero(3)(+0000001): Loaded items in 我的文库 in 44 ms

zotero(3)(+0000000): itemTree.changeCollectionTreeRow(): L1

zotero(3)(+0000000): Getting contents of E:\Kumiko\pythonProject\Zotero\tmp\zotero-0.6.0-smoke-profile\treePrefs.json

zotero(3)(+0000000): Creating string pref 'extensions.zotero.lastViewedFolder'

zotero(3)(+0000000): React CollectionTree loaded

zotero(3)(+0000001): Writing column prefs of length 2 to file E:\Kumiko\pythonProject\Zotero\tmp\zotero-0.6.0-smoke-profile\treePrefs.json

zotero(3)(+0000001): Getting contents of E:\Kumiko\pythonProject\Zotero\tmp\zotero-0.6.0-smoke-profile\treePrefs.json

zotero(3)(+0000000): Refreshing items list for item-tree-main-default

zotero(4)(+0000001): CREATE TEMPORARY TABLE tmpSearchResults_bM2CyeDz AS SELECT itemID FROM items WHERE (itemID NOT  IN (SELECT itemID FROM deletedItems UNION SELECT itemID FROM itemNotes WHERE parentItemID IS NOT NULL AND parentItemID IN (SELECT itemID FROM deletedItems) UNION SELECT itemID FROM itemAttachments WHERE parentItemID IS NOT NULL AND parentItemID IN (SELECT itemID FROM deletedItems)UNION SELECT itemID FROM itemAnnotations WHERE parentItemID IN (SELECT itemID FROM deletedItems)UNION SELECT itemID FROM itemAnnotations WHERE parentItemID IN (SELECT itemID FROM itemAttachments WHERE parentItemID IN (SELECT itemID FROM deletedItems)))) AND (itemID NOT IN (SELECT itemID FROM itemNotes WHERE parentItemID IS NOT NULL) AND itemID NOT IN (SELECT itemID FROM itemAttachments WHERE parentItemID IS NOT NULL) AND itemID NOT IN (SELECT itemID FROM itemAnnotations WHERE parentItemID IS NOT NULL)) AND (itemID IN (SELECT itemID FROM items WHERE libraryID=?)) [1]

zotero(4)(+0000002): CREATE INDEX tmpSearchResults_bM2CyeDz_itemID ON tmpSearchResults_bM2CyeDz(itemID)

zotero(4)(+0000001): SELECT GROUP_CONCAT(itemID) FROM items WHERE itemID IN (SELECT itemID FROM items WHERE (itemID NOT  IN (SELECT itemID FROM deletedItems UNION SELECT itemID FROM itemNotes WHERE parentItemID IS NOT NULL AND parentItemID IN (SELECT itemID FROM deletedItems) UNION SELECT itemID FROM itemAttachments WHERE parentItemID IS NOT NULL AND parentItemID IN (SELECT itemID FROM deletedItems)UNION SELECT itemID FROM itemAnnotations WHERE parentItemID IN (SELECT itemID FROM deletedItems)UNION SELECT itemID FROM itemAnnotations WHERE parentItemID IN (SELECT itemID FROM itemAttachments WHERE parentItemID IN (SELECT itemID FROM deletedItems)))) AND (itemID IN (SELECT itemID FROM items WHERE libraryID=?))) AND (itemID IN (SELECT itemID FROM tmpSearchResults_bM2CyeDz) OR itemID IN (SELECT itemID FROM itemAttachments WHERE parentItemID IN (SELECT itemID FROM tmpSearchResults_bM2CyeDz)) OR itemID IN (SELECT itemID FROM itemNotes WHERE parentItemID IN (SELECT itemID FROM tmpSearchResults_bM2CyeDz)) OR itemID IN ( SELECT itemID FROM itemAnnotations WHERE  parentItemID IN ( SELECT itemID FROM itemAttachments WHERE  parentItemID IN ( SELECT itemID FROM tmpSearchResults_bM2CyeDz))) OR itemID IN (SELECT itemID FROM itemAnnotations WHERE parentItemID IN (SELECT itemID FROM tmpSearchResults_bM2CyeDz))) [1]

zotero(4)(+0000003): DROP TABLE IF EXISTS tmpSearchResults_bM2CyeDz

zotero(3)(+0000000): Refreshed open parents in 0 ms

zotero(3)(+0000000): Updating tag selector from current view

zotero(3)(+0000000): Creating tmpSearchResults_R0K4fktk with 0 items

zotero(4)(+0000001): SELECT DISTINCT tagID || ':' || type FROM itemTags JOIN tags USING (tagID) WHERE 1 AND itemID IN (SELECT itemID FROM tmpSearchResults_R0K4fktk UNION SELECT itemID FROM itemAnnotations WHERE parentItemID IN (SELECT itemID FROM tmpSearchResults_R0K4fktk)) ORDER BY name COLLATE NOCASE

zotero(3)(+0000007): Tags haven't changed

zotero(3)([31;40m+0000608[0m): WinWordIntegration[install]: Looking for Word in HKCU

zotero(3)(+0000003): Potential Word startup location C:\Users\Kumiko\AppData\Local\Packages\Microsoft.Office.Desktop_8wekyb3d8bbwe\LocalCache\Roaming\Microsoft\Word\Startup does not exist. Skipping

zotero(3)(+0000000): PluginInstaller Microsoft Word: Installation was successful. Version 9.0.0.SOURCE

zotero(3)([31;40m+0000609[0m): HTTP HEAD https://zoteroproxycheck.s3.amazonaws.com/test succeeded with 200

zotero(4)(+0000000): Sync not enabled -- skipping auto-sync

zotero(3)(+0000001): Pausing feed updating

zotero(4)(+0000000): SELECT COUNT(*) FROM settings WHERE setting='globalSchema' AND key='migrateExtra'

zotero(3)(+0000000): Migrating fields from Extra

zotero(4)(+0000000): SELECT itemID, value FROM itemData JOIN itemDataValues USING (valueID) WHERE fieldID=? [19]

zotero(3)(+0000001): 0 items to migrate

zotero(4)(+0000000): DELETE FROM settings WHERE setting='globalSchema' AND key='migrateExtra'

zotero(3)(+0000006): Migrated fields from Extra for 0 items in 7 ms

zotero(3)(+0000001): Resuming feed updating

zotero(3)(+0000000): Scheduling next feed update

zotero(4)(+0000000): SELECT ( CASE WHEN lastCheck IS NULL THEN 0 ELSE strftime('%s', lastCheck) + refreshInterval * 60 - strftime('%s', 'now') END ) AS nextCheck FROM feeds WHERE refreshInterval IS NOT NULL ORDER BY nextCheck ASC LIMIT 1

zotero(3)(+0000000): No feeds with auto-update

zotero(3)(+0000031): WebSocket error

zotero(1)(+0000000): WebSocket connection closed: 1006 

zotero(3)(+0000001): Delaying 2000 ms

zotero(3)([31;40m+0000965[0m): Updating bundled files

zotero(3)(+0000001): Initializing translators

zotero(4)(+0000000): SELECT rowid, fileName, metadataJSON, lastModifiedTime FROM translatorCache

zotero(3)(+0000001): Cached 0 translators in 1 ms

zotero(3)(+0000001): Getting contents of [xpconnect wrapped nsIChannel]

zotero(4)(+0000001): SELECT version FROM version WHERE schema='delete'

zotero(3)(+0000000): Getting contents of input stream

zotero(4)(+0000001): SELECT version FROM version WHERE schema=? ['translators']

zotero(3)(+0000000): Updating installed translators from XPI

zotero(3)(+0000000): Getting contents of input stream

zotero(4)(+0000002): SELECT rowid, fileName, metadataJSON FROM translatorCache

zotero(3)(+0000000): Installing translator 'ABC News Australia'

zotero(3)(+0000002): Installing translator 'Access Engineering'

zotero(3)(+0000002): Installing translator 'Access Medicine'

zotero(3)(+0000002): Installing translator 'Access Science'

zotero(3)(+0000002): Installing translator 'ACLS Humanities EBook'

zotero(3)(+0000002): Installing translator 'ACLWeb'

zotero(3)(+0000002): Installing translator 'ACM Digital Library'

zotero(3)(+0000002): Installing translator 'ACM Queue'

zotero(3)(+0000002): Installing translator 'ACS Publications'

zotero(3)(+0000003): Installing translator 'Adam Matthew Digital'

zotero(3)(+0000002): Installing translator 'ADS Bibcode'

zotero(3)(+0000002): Installing translator 'AEA Web'

zotero(3)(+0000002): Installing translator 'Agencia del ISBN'

zotero(3)(+0000002): Installing translator 'AGRIS'

zotero(3)(+0000002): Installing translator 'Ahval News'

zotero(3)(+0000003): Installing translator 'AIP'

zotero(3)(+0000002): Installing translator 'Air University Journals'

zotero(3)(+0000002): Installing translator 'Airiti'

zotero(3)(+0000002): Installing translator 'Alexander Street Press'

zotero(3)(+0000003): Installing translator 'AllAfrica'

zotero(3)(+0000002): Installing translator 'Alsharekh'

zotero(3)(+0000002): Installing translator 'AlterNet'

zotero(3)(+0000002): Installing translator 'Aluka'

zotero(3)(+0000002): Installing translator 'Amazon'

zotero(3)(+0000002): Installing translator 'American Archive of Public Broadcasting'

zotero(3)(+0000002): Installing translator 'American Institute of Aeronautics and Astronautics'

zotero(3)(+0000002): Installing translator 'American Prospect'

zotero(3)(+0000002): Installing translator 'AMS Journals'

zotero(3)(+0000002): Installing translator 'AMS MathSciNet (Legacy)'

zotero(3)(+0000002): Installing translator 'AMS MathSciNet'

zotero(3)(+0000002): Installing translator 'Anarchist Library'

zotero(3)(+0000001): Installing translator 'Ancestry.com US Federal Census'

zotero(3)(+0000002): Installing translator 'Annual Reviews'

zotero(3)(+0000002): Installing translator 'Antikvarium.hu'

zotero(3)(+0000002): Installing translator 'APA PsycNet'

zotero(3)(+0000002): Installing translator 'APN.ru'

zotero(3)(+0000003): Installing translator 'APS-Physics'

zotero(3)(+0000002): Installing translator 'APS'

zotero(3)(+0000002): Installing translator 'AquaDocs'

zotero(3)(+0000002): Installing translator 'Archeion'

zotero(3)(+0000002): Installing translator 'Archiv fuer Sozialgeschichte'

zotero(3)(+0000002): Installing translator 'Archive Ouverte en Sciences de l'Information et de la Communication  (AOSIC)'

zotero(3)(+0000003): Installing translator 'Archives Canada'

zotero(3)(+0000002): Installing translator 'Ariana News'

zotero(3)(+0000001): Installing translator 'Art Institute of Chicago'

zotero(3)(+0000002): Installing translator 'Artefacts Canada'

zotero(3)(+0000002): Installing translator 'ARTFL Encyclopedie'

zotero(3)(+0000002): Installing translator 'Artforum'

zotero(3)(+0000002): Installing translator 'artnet'

zotero(3)(+0000002): Installing translator 'ARTnews'

zotero(3)(+0000002): Installing translator 'ARTstor'

zotero(3)(+0000002): Installing translator 'arXiv.org'

zotero(3)(+0000002): Installing translator 'ASCE'

zotero(3)(+0000002): Installing translator 'ASCO Meeting Library'

zotero(3)(+0000002): Installing translator 'ASTIS'

zotero(3)(+0000002): Installing translator 'Atlanta Journal-Constitution'

zotero(3)(+0000002): Installing translator 'ATS International Journal'

zotero(3)(+0000002): Installing translator 'Atypon Journals'

zotero(3)(+0000003): Installing translator 'AustLII and NZLII'

zotero(3)(+0000002): Installing translator 'Australian Dictionary of Biography'

zotero(3)(+0000002): Installing translator 'Baidu Scholar'

zotero(3)(+0000002): Installing translator 'BAILII'

zotero(3)(+0000002): Installing translator 'Bangkok Post'

zotero(3)(+0000002): Installing translator 'Baruch Foundation'

zotero(3)(+0000002): Installing translator 'BBC Genome'

zotero(3)(+0000002): Installing translator 'BBC'

zotero(3)(+0000002): Installing translator 'beck-online'

zotero(3)(+0000002): Installing translator 'Beobachter'

zotero(3)(+0000002): Installing translator 'Bezneng Gajit'

zotero(3)(+0000002): Installing translator 'BibLaTeX'

zotero(3)(+0000003): Installing translator 'Biblio.com'

zotero(3)(+0000002): Installing translator 'Bibliontology RDF'

zotero(3)(+0000003): Installing translator 'Biblioteca Nacional de Maestros'

zotero(3)(+0000002): Installing translator 'Bibliotheque et Archives Nationale du Quebec (Pistard)'

zotero(3)(+0000002): Installing translator 'Bibliothèque et Archives Nationales du Québec'

zotero(3)(+0000002): Installing translator 'Bibliothèque nationale de France'

zotero(3)(+0000002): Installing translator 'BIBSYS'

zotero(3)(+0000003): Installing translator 'BibTeX'

zotero(3)(+0000002): Installing translator 'Bioconductor'

zotero(3)(+0000002): Installing translator 'BioMed Central'

zotero(3)(+0000002): Installing translator 'BioOne'

zotero(3)(+0000002): Installing translator 'Blaetter fuer deutsche und internationale Politik'

zotero(3)(+0000003): Installing translator 'Blogger'

zotero(3)(+0000002): Installing translator 'Bloomberg'

zotero(3)(+0000002): Installing translator 'Bloomsbury Food Library'

zotero(3)(+0000002): Installing translator 'Bluesky'

zotero(3)(+0000005): Installing translator 'BnF ISBN'

zotero(3)(+0000004): Installing translator 'BOCC'

zotero(3)(+0000002): Installing translator 'BOE'

zotero(3)(+0000003): Installing translator 'BOFiP-Impôts'

zotero(3)(+0000002): Installing translator 'Bookmarks'

zotero(3)(+0000003): Installing translator 'Bookshop.org'

zotero(3)(+0000002): Installing translator 'Boston Review'

zotero(3)(+0000004): Installing translator 'Bosworth Toller's Anglo-Saxon Dictionary Online'

zotero(3)(+0000002): Installing translator 'Bracero History Archive'

zotero(3)(+0000003): Installing translator 'Brill'

zotero(3)(+0000008): Installing translator 'Brukerhåndboken'

zotero(3)(+0000002): Installing translator 'Bryn Mawr Classical Review'

zotero(3)(+0000003): Installing translator 'Bundesgesetzblatt'

zotero(3)(+0000003): Installing translator 'Business Standard'

zotero(3)(+0000002): Installing translator 'CABI - CAB Abstracts'

zotero(3)(+0000002): Installing translator 'Cairn.info'

zotero(3)(+0000003): Installing translator 'Calisphere'

zotero(3)(+0000003): Installing translator 'CalMatters'

zotero(3)(+0000002): Installing translator 'Câmara Brasileira do Livro ISBN'

zotero(3)(+0000003): Installing translator 'Cambridge Core'

zotero(3)(+0000003): Installing translator 'Cambridge Engage Preprints'

zotero(3)(+0000003): Installing translator 'Canada.com'

zotero(3)(+0000002): Installing translator 'Canadian Letters and Images'

zotero(3)(+0000002): Installing translator 'Canadiana.ca'

zotero(3)(+0000003): Installing translator 'CanLII'

zotero(3)(+0000002): Installing translator 'CAOD'

zotero(3)(+0000002): Installing translator 'Cascadilla Proceedings Project'

zotero(3)(+0000004): Installing translator 'CBC'

zotero(3)(+0000002): Installing translator 'CCfr (BnF)'

zotero(3)(+0000003): Installing translator 'Cell Press'

zotero(3)(+0000003): Installing translator 'Central and Eastern European Online Library Journals'

zotero(3)(+0000003): Installing translator 'CERN Document Server'

zotero(3)(+0000002): Installing translator 'CEUR Workshop Proceedings'

zotero(3)(+0000003): Installing translator 'CFF References'

zotero(3)(+0000002): Installing translator 'CFF'

zotero(3)(+0000002): Installing translator 'Champlain Society - Collection'

zotero(3)(+0000003): Installing translator 'ChatGPT'

zotero(3)(+0000003): Installing translator 'Chicago Journal of Theoretical Computer Science'

zotero(3)(+0000002): Installing translator 'Christian Science Monitor'

zotero(3)(+0000003): Installing translator 'Chronicling America'

zotero(3)(+0000002): Installing translator 'CIA World Factbook'

zotero(3)(+0000003): Installing translator 'CiNii Research'

zotero(3)(+0000002): Installing translator 'Citavi 5 XML'

zotero(3)(+0000002): Installing translator 'CiteSeer'

zotero(3)(+0000002): Installing translator 'Citizen Lab'

zotero(3)(+0000003): Installing translator 'Civilization.ca'

zotero(3)(+0000002): Installing translator 'CLACSO'

zotero(3)(+0000002): Installing translator 'CLASE'

zotero(3)(+0000003): Installing translator 'Climate Change and Human Health Literature Portal'

zotero(3)(+0000002): Installing translator 'Clinical Key'

zotero(3)(+0000002): Installing translator 'clinicaltrials.gov'

zotero(3)(+0000003): Installing translator 'CNKI'

zotero(3)(+0000002): Installing translator 'COBISS'

zotero(3)(+0000003): Installing translator 'Code4Lib Journal'

zotero(3)(+0000002): Installing translator 'COinS'

zotero(3)(+0000003): Installing translator 'Colorado State Legislature'

zotero(3)(+0000002): Installing translator 'Columbia University Press'

zotero(3)(+0000003): Installing translator 'Common-Place'

zotero(3)(+0000002): Installing translator 'Computer History Museum Archive'

zotero(3)(+0000003): Installing translator 'Copernicus'

zotero(3)(+0000003): Installing translator 'Cornell LII'

zotero(3)(+0000002): Installing translator 'Cornell University Press'

zotero(3)(+0000003): Installing translator 'CourtListener'

zotero(3)(+0000003): Installing translator 'CQ Press'

zotero(3)(+0000002): Installing translator 'CROSBI'

zotero(3)(+0000003): Installing translator 'Crossref REST'

zotero(3)(+0000003): Installing translator 'Crossref Unixref XML'

zotero(3)(+0000002): Installing translator 'CSIRO Publishing'

zotero(3)(+0000003): Installing translator 'CSL JSON'

zotero(3)(+0000002): Installing translator 'CSV'

zotero(3)(+0000002): Installing translator 'Current Affairs'

zotero(3)(+0000003): Installing translator 'DABI'

zotero(3)(+0000002): Installing translator 'Dagens Nyheter'

zotero(3)(+0000003): Installing translator 'Dagstuhl Research Online Publication Server'

zotero(3)(+0000002): Installing translator 'DAI-Zenon'

zotero(3)(+0000002): Installing translator 'Dar Almandumah'

zotero(3)(+0000002): Installing translator 'DART-Europe'

zotero(3)(+0000003): Installing translator 'Data.gov'

zotero(3)(+0000001): Installing translator 'Databrary'

zotero(3)(+0000003): Installing translator 'Datacite JSON'

zotero(3)(+0000002): Installing translator 'Dataverse'

zotero(3)(+0000002): Installing translator 'Daum News'

zotero(3)(+0000002): Installing translator 'DBLP Computer Science Bibliography'

zotero(3)(+0000002): Installing translator 'DBpia'

zotero(3)(+0000002): Installing translator 'De Gruyter Brill'

zotero(3)(+0000002): Installing translator 'Defense Technical Information Center'

zotero(3)(+0000002): Installing translator 'dejure.org'

zotero(3)(+0000002): Installing translator 'Delpher'

zotero(3)(+0000002): Installing translator 'Demographic Research'

zotero(3)(+0000002): Installing translator 'Denik CZ'

zotero(3)(+0000002): Installing translator 'DEPATISnet'

zotero(3)(+0000002): Installing translator 'Der Freitag'

zotero(3)(+0000002): Installing translator 'Der Spiegel'

zotero(3)(+0000002): Installing translator 'Desiring God'

zotero(3)(+0000002): Installing translator 'Deutsche Fotothek'

zotero(3)(+0000003): Installing translator 'Deutsche Nationalbibliothek'

zotero(3)(+0000002): Installing translator 'dhistory'

zotero(3)(+0000002): Installing translator 'Dialnet'

zotero(3)(+0000003): Installing translator 'Die Zeit'

zotero(3)(+0000003): Installing translator 'digibib.net'

zotero(3)(+0000003): Installing translator 'Digital Humanities Quarterly'

zotero(3)(+0000002): Installing translator 'Digital Spy'

zotero(3)(+0000002): Installing translator 'DigiZeitschriften'

zotero(3)(+0000002): Installing translator 'Dimensions'

zotero(3)(+0000002): Installing translator 'dLibra'

zotero(3)(+0000003): Installing translator 'DOAJ'

zotero(3)(+0000005): Installing translator 'DOI Content Negotiation'

zotero(3)(+0000003): Installing translator 'DOI'

zotero(3)(+0000002): Installing translator 'Douban'

zotero(3)(+0000002): Installing translator 'DPLA'

zotero(3)(+0000003): Installing translator 'Dreier Neuerscheinungsdienst'

zotero(3)(+0000002): Installing translator 'DrugBank.ca'

zotero(3)(+0000003): Installing translator 'Dryad Digital Repository'

zotero(3)(+0000002): Installing translator 'DSpace Intermediate Metadata'

zotero(3)(+0000002): Installing translator 'Duke University Press Books'

zotero(3)(+0000002): Installing translator 'E-periodica Switzerland'

zotero(3)(+0000002): Installing translator 'Eastview'

zotero(3)(+0000003): Installing translator 'ebrary'

zotero(3)(+0000002): Installing translator 'EBSCO Discovery Layer'

zotero(3)(+0000002): Installing translator 'EBSCOhost'

zotero(3)(+0000002): Installing translator 'Education Week'

zotero(3)(+0000002): Installing translator 'EIDR'

zotero(3)(+0000002): Installing translator 'El Comercio (Perú)'

zotero(3)(+0000002): Installing translator 'El Pais'

zotero(3)(+0000001): Installing translator 'Electronic Colloquium on Computational Complexity'

zotero(3)(+0000003): Installing translator 'eLibrary.ru'

zotero(3)(+0000002): Installing translator 'Elicit'

zotero(3)(+0000002): Installing translator 'eLife'

zotero(3)(+0000002): Installing translator 'Elsevier Health Journals'

zotero(3)(+0000002): Installing translator 'Elsevier Pure'

zotero(3)(+0000002): Installing translator 'Embedded Metadata'

zotero(3)(+0000003): Installing translator 'eMedicine'

zotero(3)(+0000002): Installing translator 'Emerald Insight'

zotero(3)(+0000002): Installing translator 'eMJA'

zotero(3)(+0000003): Installing translator 'Encyclopedia of Chicago'

zotero(3)(+0000002): Installing translator 'Encyclopedia of Korean Culture'

zotero(3)(+0000002): Installing translator 'Endnote XML'

zotero(3)(+0000002): Installing translator 'Engineering Village'

zotero(3)(+0000002): Installing translator 'Envidat'

zotero(3)(+0000002): Installing translator 'EPA National Library Catalog'

zotero(3)(+0000003): Installing translator 'Epicurious'

zotero(3)(+0000002): Installing translator 'ePrint IACR'

zotero(3)(+0000002): Installing translator 'ERIC'

zotero(3)(+0000003): Installing translator 'Erudit'

zotero(3)(+0000002): Installing translator 'ESpacenet'

zotero(3)(+0000002): Installing translator 'etatar.ru'

zotero(3)(+0000003): Installing translator 'Euclid'

zotero(3)(+0000003): Installing translator 'EUR-Lex'

zotero(3)(+0000002): Installing translator 'EurasiaNet'

zotero(3)(+0000002): Installing translator 'Eurogamer/USgamer'

zotero(3)(+0000002): Installing translator 'Europe PMC'

zotero(3)(+0000002): Installing translator 'Simple Evernote Export'

zotero(3)(+0000003): Installing translator 'F1000 Research'

zotero(3)(+0000003): Installing translator 'Fachportal Pädagogik'

zotero(3)(+0000002): Installing translator 'Factiva'

zotero(3)(+0000002): Installing translator 'Failed Architecture'

zotero(3)(+0000002): Installing translator 'Fairfax Australia'

zotero(3)(+0000002): Installing translator 'FAO Knowledge Repository'

zotero(3)(+0000002): Installing translator 'FAOLEX Database'

zotero(3)(+0000002): Installing translator 'Fatcat'

zotero(3)(+0000002): Installing translator 'FAZ.NET'

zotero(3)(+0000002): Installing translator 'feb-web.ru'

zotero(3)(+0000002): Installing translator 'Figshare'

zotero(3)(+0000003): Installing translator 'Financial Times'

zotero(3)(+0000001): Installing translator 'Finna'

zotero(3)(+0000002): Installing translator 'fishpond.co.nz'

zotero(3)(+0000002): Installing translator 'Flickr'

zotero(3)(+0000002): Installing translator 'Foreign Affairs'

zotero(3)(+0000002): Installing translator 'Foreign Policy'

zotero(3)(+0000002): Installing translator 'fr-online.de'

zotero(3)(+0000002): Installing translator 'FreeCite'

zotero(3)(+0000001): Installing translator 'FreePatentsOnline'

zotero(3)(+0000002): Installing translator 'Frieze'

zotero(3)(+0000002): Installing translator 'Frontiers'

zotero(3)(+0000002): Installing translator 'Gale Databases'

zotero(3)(+0000002): Installing translator 'GaleGDC'

zotero(3)(+0000002): Installing translator 'Galegroup'

zotero(3)(+0000001): Installing translator 'Gallica'

zotero(3)(+0000002): Installing translator 'Game Studies'

zotero(3)(+0000004): Installing translator 'GameSpot'

zotero(3)(+0000003): Installing translator 'GameStar/GamePro'

zotero(3)(+0000002): Installing translator 'Gasyrlar Awazy'

zotero(3)(+0000003): Installing translator 'Gemeinsamer Bibliotheksverbund ISBN'

zotero(3)(+0000003): Installing translator 'Gene Ontology'

zotero(3)(+0000004): Installing translator 'GitHub'

zotero(3)(+0000002): Installing translator 'Globes'

zotero(3)(+0000002): Installing translator 'Gmail'

zotero(3)(+0000002): Installing translator 'GMS German Medical Science'

zotero(3)(+0000003): Installing translator 'Goodreads'

zotero(3)(+0000002): Installing translator 'Google Books'

zotero(3)(+0000002): Installing translator 'Google Gemini'

zotero(3)(+0000002): Installing translator 'Google Patents'

zotero(3)(+0000001): Installing translator 'Google Play'

zotero(3)(+0000002): Installing translator 'Google Presentation'

zotero(3)(+0000002): Installing translator 'Google Research'

zotero(3)(+0000002): Installing translator 'Google Scholar'

zotero(3)(+0000002): Installing translator 'govinfo'

zotero(3)(+0000002): Installing translator 'GPO Access e-CFR'

zotero(3)(+0000001): Installing translator 'Gulag: Many Days, Many Lives'

zotero(3)(+0000002): Installing translator 'Haaretz'

zotero(3)(+0000002): Installing translator 'Habr'

zotero(3)(+0000002): Installing translator 'HAL'

zotero(3)(+0000002): Installing translator 'Handelszeitung'

zotero(3)(+0000002): Installing translator 'Hanrei Watch RSS service'

zotero(3)(+0000002): Installing translator 'Harper's Magazine'

zotero(3)(+0000002): Installing translator 'Harvard Business Review'

zotero(3)(+0000002): Installing translator 'Harvard Caselaw Access Project'

zotero(3)(+0000002): Installing translator 'Harvard University Press Books'

zotero(3)(+0000002): Installing translator 'HathiTrust'

zotero(3)(+0000002): Installing translator 'HCSP'

zotero(3)(+0000002): Installing translator 'HeinOnline'

zotero(3)(+0000001): Installing translator 'Heise'

zotero(3)(+0000003): Installing translator 'Herder'

zotero(3)(+0000003): Installing translator 'HighBeam'

zotero(3)(+0000004): Installing translator 'HighWire 2.0'

zotero(3)(+0000003): Installing translator 'HighWire'

zotero(3)(+0000003): Installing translator 'Hindawi Publishers'

zotero(3)(+0000004): Installing translator 'Hispanic-American Periodical Index'

zotero(3)(+0000002): Installing translator 'Homeland Security Digital Library'

zotero(3)(+0000002): Installing translator 'Hrvatska enciklopedija'

zotero(3)(+0000003): Installing translator 'HUDOC'

zotero(3)(+0000001): Installing translator 'Huff Post'

zotero(3)(+0000002): Installing translator 'Human Rights Watch'

zotero(3)(+0000003): Installing translator 'IBISWorld'

zotero(3)(+0000003): Installing translator 'IDEA ALM'

zotero(3)(+0000002): Installing translator 'Idref'

zotero(3)(+0000002): Installing translator 'IEEE Computer Society'

zotero(3)(+0000002): Installing translator 'IEEE Xplore'

zotero(3)(+0000002): Installing translator 'IETF'

zotero(3)(+0000002): Installing translator 'IGN'

zotero(3)(+0000002): Installing translator 'IMDb'

zotero(3)(+0000002): Installing translator 'In These Times'

zotero(3)(+0000003): Installing translator 'Ined'

zotero(3)(+0000002): Installing translator 'Informationssystem Medienpaedagogik'

zotero(3)(+0000002): Installing translator 'informIT database'

zotero(3)(+0000002): Installing translator 'InfoTrac'

zotero(3)(+0000002): Installing translator 'IngentaConnect'

zotero(3)(+0000002): Installing translator 'Inside Higher Ed'

zotero(3)(+0000002): Installing translator 'Insignia OPAC'

zotero(3)(+0000002): Installing translator 'INSPIRE'

zotero(3)(+0000002): Installing translator 'Institute of Contemporary Art'

zotero(3)(+0000002): Installing translator 'Institute of Physics'

zotero(3)(+0000002): Installing translator 'Integrum'

zotero(3)(+0000002): Installing translator 'Intellixir'

zotero(3)(+0000002): Installing translator 'Inter-Research Science Center'

zotero(3)(+0000001): Installing translator 'International Nuclear Information System'

zotero(3)(+0000003): Installing translator 'Internet Archive Scholar'

zotero(3)(+0000001): Installing translator 'Internet Archive Wayback Machine'

zotero(3)(+0000002): Installing translator 'Internet Archive'

zotero(3)(+0000003): Installing translator 'InvenioRDM'

zotero(3)(+0000002): Installing translator 'io-port'

zotero(3)(+0000001): Installing translator 'IPCC'

zotero(3)(+0000002): Installing translator 'Isidore'

zotero(3)(+0000002): Installing translator 'ISTC'

zotero(3)(+0000002): Installing translator 'J-Stage'

zotero(3)(+0000002): Installing translator 'Jahrbuch'

zotero(3)(+0000002): Installing translator 'Japan Times Online'

zotero(3)(+0000002): Installing translator 'JETS'

zotero(3)(+0000002): Installing translator 'JISC Historical Texts'

zotero(3)(+0000002): Installing translator 'Journal of Electronic Publishing'

zotero(3)(+0000002): Installing translator 'Journal of Extension'

zotero(3)(+0000002): Installing translator 'Journal of Machine Learning Research'

zotero(3)(+0000002): Installing translator 'Journal of Religion and Society'

zotero(3)(+0000002): Installing translator 'JRC Publications Repository'

zotero(3)(+0000002): Installing translator 'JSTOR'

zotero(3)(+0000002): Installing translator 'Juricaf'

zotero(3)(+0000002): Installing translator 'jurion'

zotero(3)(+0000002): Installing translator 'Juris'

zotero(3)(+0000002): Installing translator 'JurPC'

zotero(3)(+0000003): Installing translator 'K10plus ISBN'

zotero(3)(+0000002): Installing translator 'Kanopy'

zotero(3)(+0000002): Installing translator 'Khaama Press'

zotero(3)(+0000002): Installing translator 'KiM'

zotero(3)(+0000002): Installing translator 'KitapYurdu.com'

zotero(3)(+0000002): Installing translator 'Kommersant'

zotero(3)(+0000003): Installing translator 'Korean National Library'

zotero(3)(+0000003): Installing translator 'KStudy'

zotero(3)(+0000002): Installing translator 'L'Année Philologique'

zotero(3)(+0000002): Installing translator 'La Croix'

zotero(3)(+0000002): Installing translator 'La Nación (Argentina)'

zotero(3)(+0000003): Installing translator 'La Presse'

zotero(3)(+0000002): Installing translator 'La República (Peru)'

zotero(3)(+0000002): Installing translator 'LA Times'

zotero(3)(+0000002): Installing translator 'Lagen.nu'

zotero(3)(+0000002): Installing translator 'Landesbibliographie Baden-Württemberg'

zotero(3)(+0000002): Installing translator 'Lapham's Quarterly'

zotero(3)(+0000002): Installing translator 'Le Devoir'

zotero(3)(+0000002): Installing translator 'Le Figaro'

zotero(3)(+0000002): Installing translator 'Le Maitron'

zotero(3)(+0000002): Installing translator 'Le monde diplomatique'

zotero(3)(+0000002): Installing translator 'Le Monde'

zotero(3)(+0000002): Installing translator 'Légifrance'

zotero(3)(+0000003): Installing translator 'Legislative Insight'

zotero(3)(+0000002): Installing translator 'Lexis+'

zotero(3)(+0000002): Installing translator 'LexisNexis'

zotero(3)(+0000002): Installing translator 'Libraries Tasmania'

zotero(3)(+0000002): Installing translator 'Library Catalog (Aleph)'

zotero(3)(+0000003): Installing translator 'Library Catalog (Amicus)'

zotero(3)(+0000003): Installing translator 'Library Catalog (Aquabrowser)'

zotero(3)(+0000002): Installing translator 'Library Catalog (BiblioCommons)'

zotero(3)(+0000002): Installing translator 'Library Catalog (Blacklight)'

zotero(3)(+0000004): Installing translator 'Library Catalog (Capita Prism)'

zotero(3)(+0000002): Installing translator 'Library Catalog (DRA)'

zotero(3)(+0000002): Installing translator 'Library Catalog (Dynix)'

zotero(3)(+0000003): Installing translator 'Library Catalog (EBSCO Locate)'

zotero(3)(+0000003): Installing translator 'Library Catalog (Encore)'

zotero(3)(+0000002): Installing translator 'Library Catalog (InnoPAC)'

zotero(3)(+0000003): Installing translator 'Library Catalog (Koha)'

zotero(3)(+0000002): Installing translator 'Library Catalog (Mango)'

zotero(3)(+0000003): Installing translator 'Library Catalog (OPALS)'

zotero(3)(+0000003): Installing translator 'Library Catalog (PICA)'

zotero(3)(+0000003): Installing translator 'Library Catalog (PICA2)'

zotero(3)(+0000003): Installing translator 'Library Catalog (Pika)'

zotero(3)(+0000002): Installing translator 'Library Catalog (Polaris)'

zotero(3)(+0000002): Installing translator 'Library Catalog (Quolto)'

zotero(3)(+0000003): Installing translator 'Library Catalog (RERO ILS)'

zotero(3)(+0000003): Installing translator 'Library Catalog (SIRSI eLibrary)'

zotero(3)(+0000003): Installing translator 'Library Catalog (SIRSI)'

zotero(3)(+0000002): Installing translator 'Library Catalog (SLIMS)'

zotero(3)(+0000003): Installing translator 'Library Catalog (TIND ILS)'

zotero(3)(+0000003): Installing translator 'Library Catalog (TinREAD)'

zotero(3)(+0000003): Installing translator 'Library Catalog (TLC/YouSeeMore)'

zotero(3)(+0000003): Installing translator 'Library Catalog (Visual Library 2021)'

zotero(3)(+0000004): Installing translator 'Library Catalog (Voyager 7)'

zotero(3)(+0000002): Installing translator 'Library Catalog (Voyager)'

zotero(3)(+0000003): Installing translator 'Library Catalog (VTLS)'

zotero(3)(+0000003): Installing translator 'Library Genesis'

zotero(3)(+0000003): Installing translator 'Library Hub Discover'

zotero(3)(+0000003): Installing translator 'Library of Congress Digital Collections'

zotero(3)(+0000003): Installing translator 'Library of Congress ISBN'

zotero(3)(+0000002): Installing translator 'LIBRIS ISBN'

zotero(3)(+0000003): Installing translator 'LingBuzz'

zotero(3)(+0000002): Installing translator 'Lippincott Williams and Wilkins'

zotero(3)(+0000003): Installing translator 'Literary Hub'

zotero(3)(+0000002): Installing translator 'Litres'

zotero(3)(+0000003): Installing translator 'LiveJournal'

zotero(3)(+0000002): Installing translator 'LIVIVO'

zotero(3)(+0000003): Installing translator 'London Review of Books'

zotero(3)(+0000002): Installing translator 'LookUs'

zotero(3)(+0000002): Installing translator 'Lulu'

zotero(3)(+0000003): Installing translator 'LWN.net'

zotero(3)(+0000003): Installing translator 'MAB2'

zotero(3)(+0000002): Installing translator 'magazines.russ.ru'

zotero(3)(+0000002): Installing translator 'Mailman'

zotero(3)(+0000003): Installing translator 'Mainichi Daily News'

zotero(3)(+0000002): Installing translator 'MARC'

zotero(3)(+0000002): Installing translator 'MARCXML'

zotero(3)(+0000002): Installing translator 'Mastodon'

zotero(3)(+0000002): Installing translator 'Matbugat.ru'

zotero(3)(+0000003): Installing translator 'Max Planck Institute for the History of Science: Virtual Laboratory Library'

zotero(3)(+0000003): Installing translator 'MCV'

zotero(3)(+0000002): Installing translator 'MDPI Journals'

zotero(3)(+0000003): Installing translator 'medes'

zotero(3)(+0000002): Installing translator 'Medium'

zotero(3)(+0000003): Installing translator 'MEDLINE/nbib'

zotero(3)(+0000002): Installing translator 'mEDRA'

zotero(3)(+0000002): Installing translator 'MetaLib'

zotero(3)(+0000004): Installing translator 'METS'

zotero(3)(+0000003): Installing translator 'Microbiology Society Journals'

zotero(3)(+0000002): Installing translator 'Microsoft Academic'

zotero(3)(+0000002): Installing translator 'MIDAS Journals'

zotero(3)(+0000003): Installing translator 'Mikromarc'

zotero(3)(+0000002): Installing translator 'Milli Kütüphane'

zotero(3)(+0000002): Installing translator 'MIT Press Books'

zotero(3)(+0000003): Installing translator 'MODS'

zotero(3)(+0000003): Installing translator 'MPG PuRe'

zotero(3)(+0000002): Installing translator 'Musée du Louvre'

zotero(3)(+0000002): Installing translator 'Nagoya University OPAC'

zotero(3)(+0000003): Installing translator 'NASA ADS'

zotero(3)(+0000003): Installing translator 'NASA NTRS'

zotero(3)(+0000002): Installing translator 'National Academies Press'

zotero(3)(+0000003): Installing translator 'National Agriculture Library'

zotero(3)(+0000002): Installing translator 'National Archives of Australia'

zotero(3)(+0000003): Installing translator 'National Archives of South Africa'

zotero(3)(+0000002): Installing translator 'National Archives UK Case Law'

zotero(3)(+0000002): Installing translator 'National Bureau of Economic Research'

zotero(3)(+0000002): Installing translator 'National Diet Library Catalogue'

zotero(3)(+0000003): Installing translator 'National Gallery of Art - USA'

zotero(3)(+0000001): Installing translator 'National Gallery of Australia'

zotero(3)(+0000002): Installing translator 'National Library of Australia (new catalog)'

zotero(3)(+0000003): Installing translator 'National Library of Belarus'

zotero(3)(+0000002): Installing translator 'National Library of Norway'

zotero(3)(+0000002): Installing translator 'National Library of Poland ISBN'

zotero(3)(+0000002): Installing translator 'National Post'

zotero(3)(+0000001): Connecting to streaming server at wss://stream.zotero.org/

zotero(3)(+0000003): Installing translator 'National Technical Reports Library'

zotero(3)(+0000003): Installing translator 'National Transportation Library ROSA P'

zotero(3)(+0000002): Installing translator 'Nature Publishing Group'

zotero(3)(+0000002): Installing translator 'NCBI Nucleotide'

zotero(3)(+0000002): Installing translator 'Neural Information Processing Systems'

zotero(3)(+0000002): Installing translator 'New Left Review'

zotero(3)(+0000002): Installing translator 'New Zealand Herald'

zotero(3)(+0000002): Installing translator 'Newlines Magazine'

zotero(3)(+0000003): Installing translator 'News Corp Australia'

zotero(3)(+0000001): Installing translator 'NewsBank'

zotero(3)(+0000002): Installing translator 'newshub.co.nz'

zotero(3)(+0000002): Installing translator 'Newsnet/Tamedia'

zotero(3)(+0000002): Installing translator 'newspapers.com'

zotero(3)(+0000003): Installing translator 'Noor Digital Library'

zotero(3)(+0000002): Installing translator 'Note HTML'

zotero(3)(+0000003): Installing translator 'Note Markdown'

zotero(3)(+0000001): Installing translator 'Notre Dame Philosophical Reviews'

zotero(3)(+0000002): Installing translator 'NPR'

zotero(3)(+0000002): Installing translator 'NRC Research Press'

zotero(3)(+0000002): Installing translator 'NRC.nl'

zotero(3)(+0000002): Installing translator 'NTSB Accident Reports'

zotero(3)(+0000004): Installing translator 'NYPL Menus'

zotero(3)(+0000002): Installing translator 'NYPL Research Catalog'

zotero(3)(+0000002): Installing translator 'NYTimes.com'

zotero(3)(+0000002): Installing translator 'NZZ.ch'

zotero(3)(+0000002): Installing translator 'OAPEN'

zotero(3)(+0000002): Installing translator 'OCLC WorldCat FirstSearch'

zotero(3)(+0000003): Installing translator 'OECD'

zotero(3)(+0000003): Installing translator 'OhioLINK'

zotero(3)(+0000002): Installing translator 'Old Bailey Online'

zotero(3)(+0000002): Installing translator 'Open Conf'

zotero(3)(+0000002): Installing translator 'Open Knowledge Repository'

zotero(3)(+0000002): Installing translator 'Open WorldCat'

zotero(3)(+0000002): Installing translator 'OpenAlex JSON'

zotero(3)(+0000003): Installing translator 'OpenAlex'

zotero(3)(+0000002): Installing translator 'OpenEdition Books'

zotero(3)(+0000002): Installing translator 'OpenEdition Journals'

zotero(3)(+0000002): Installing translator 'openJur'

zotero(3)(+0000002): Installing translator 'Optical Society of America'

zotero(3)(+0000002): Installing translator 'Optimization Online'

zotero(3)(+0000002): Installing translator 'ORCID'

zotero(3)(+0000002): Installing translator 'OSF Preprints'

zotero(3)(+0000002): Installing translator 'OSTI Energy Citations'

zotero(3)(+0000003): Installing translator 'Ovid OCE'

zotero(3)(+0000002): Installing translator 'OVID Tagged'

zotero(3)(+0000002): Installing translator 'Ovid'

zotero(3)(+0000003): Installing translator 'Oxford Dictionaries Premium'

zotero(3)(+0000001): Installing translator 'Oxford English Dictionary'

zotero(3)(+0000002): Installing translator 'Oxford Music and Art Online'

zotero(3)(+0000003): Installing translator 'Oxford Reference'

zotero(3)(+0000002): Installing translator 'Oxford University Press'

zotero(3)(+0000002): Installing translator 'OZON.ru'

zotero(3)(+0000001): Installing translator 'Pajhwok Afghan News'

zotero(3)(+0000003): Installing translator 'Papers Past'

zotero(3)(+0000001): Installing translator 'Paris Review'

zotero(3)(+0000002): Installing translator 'Pastebin'

zotero(3)(+0000002): Installing translator 'Patents - USPTO'

zotero(3)(+0000002): Installing translator 'PC Gamer'

zotero(3)(+0000002): Installing translator 'PC Games'

zotero(3)(+0000002): Installing translator 'Peeters'

zotero(3)(+0000002): Installing translator 'PEI Archival Information Network'

zotero(3)(+0000002): Installing translator 'PEP Web'

zotero(3)(+0000002): Installing translator 'Perceiving Systems'

zotero(3)(+0000002): Installing translator 'Perlego'

zotero(3)(+0000002): Installing translator 'Philosopher's Imprint'

zotero(3)(+0000002): Installing translator 'PhilPapers'

zotero(3)(+0000002): Installing translator 'PKP Catalog Systems'

zotero(3)(+0000002): Installing translator 'Pleade'

zotero(3)(+0000002): Installing translator 'PLoS Journals'

zotero(3)(+0000002): Installing translator 'Polygon'

zotero(3)(+0000002): Installing translator 'Potsdamer Neueste Nachrichten'

zotero(3)(+0000002): Installing translator 'PRC History Review'

zotero(3)(+0000002): Installing translator 'Premium Times'

zotero(3)(+0000002): Installing translator 'Preprints.org'

zotero(3)(+0000003): Installing translator 'Prime 9ja Online'

zotero(3)(+0000002): Installing translator 'Primo 2018'

zotero(3)(+0000003): Installing translator 'Primo Normalized XML'

zotero(3)(+0000002): Installing translator 'Primo'

zotero(3)(+0000001): Installing translator 'Probing the Past'

zotero(3)(+0000002): Installing translator 'Project Gutenberg'

zotero(3)(+0000003): Installing translator 'Project MUSE'

zotero(3)(+0000002): Installing translator 'ProMED'

zotero(3)(+0000002): Installing translator 'ProQuest Ebook Central'

zotero(3)(+0000002): Installing translator 'ProQuest PolicyFile'

zotero(3)(+0000002): Installing translator 'ProQuest'

zotero(3)(+0000002): Installing translator 'Protein Data Bank'

zotero(3)(+0000003): Installing translator 'PubFactory Journals'

zotero(3)(+0000002): Installing translator 'Public Record Office Victoria'

zotero(3)(+0000002): Installing translator 'Publications du Québec'

zotero(3)(+0000002): Installing translator 'Publications Office of the European Union'

zotero(3)(+0000002): Installing translator 'PubMed Central'

zotero(3)(+0000003): Installing translator 'PubMed XML'

zotero(3)(+0000002): Installing translator 'PubMed'

zotero(3)(+0000002): Installing translator 'PubPub'

zotero(3)(+0000002): Installing translator 'PyPI'

zotero(3)(+0000002): Installing translator 'Qatar Digital Library'

zotero(3)(+0000002): Installing translator 'Queensland State Archives'

zotero(3)(+0000003): Installing translator 'R-Packages'

zotero(3)(+0000002): Installing translator 'Radio Free Europe / Radio Liberty'

zotero(3)(+0000002): Installing translator 'RAND'

zotero(3)(+0000003): Installing translator 'RDF'

zotero(3)(+0000004): Installing translator 'Rechtspraak.nl'

zotero(3)(+0000002): Installing translator 'REDALYC'

zotero(3)(+0000003): Installing translator 'reddit'

zotero(3)(+0000002): Installing translator 'Refer/BibIX'

zotero(3)(+0000002): Installing translator 'RefWorks Tagged'

zotero(3)(+0000001): Installing translator 'Regeringskansliet'

zotero(3)(+0000003): Installing translator 'RePEc - Econpapers'

zotero(3)(+0000002): Installing translator 'RePEc - IDEAS'

zotero(3)(+0000002): Installing translator 'Research Square'

zotero(3)(+0000002): Installing translator 'ResearchGate'

zotero(3)(+0000002): Installing translator 'Retsinformation'

zotero(3)(+0000002): Installing translator 'Reuters'

zotero(3)(+0000003): Installing translator 'RIS'

zotero(3)(+0000003): Installing translator 'Rock, Paper, Shotgun'

zotero(3)(+0000002): Installing translator 'Roll Call'

zotero(3)(+0000002): Installing translator 'RSC Publishing'

zotero(3)(+0000002): Installing translator 'Russian State Library'

zotero(3)(+0000002): Installing translator 'Sacramento Bee'

zotero(3)(+0000002): Installing translator 'SAE Papers'

zotero(3)(+0000003): Installing translator 'Safari Books Online'

zotero(3)(+0000002): Installing translator 'SAGE Journals'

zotero(3)(+0000002): Installing translator 'SAGE Knowledge'

zotero(3)(+0000003): Installing translator 'SAILDART'

zotero(3)(+0000002): Installing translator 'SALT Research Archives'

zotero(3)(+0000002): Installing translator 'sbn.it'

zotero(3)(+0000001): Installing translator 'Scholars Portal Journals'

zotero(3)(+0000003): Installing translator 'Scholia'

zotero(3)(+0000002): Installing translator 'Schweizer Radio und Fernsehen SRF'

zotero(3)(+0000002): Installing translator 'SciELO'

zotero(3)(+0000003): Installing translator 'ScienceDirect'

zotero(3)(+0000002): Installing translator 'scinapse'

zotero(3)(+0000002): Installing translator 'Scopus'

zotero(3)(+0000002): Installing translator 'Semantic Scholar'

zotero(3)(+0000002): Installing translator 'semantics Visual Library'

zotero(3)(+0000002): Installing translator 'SFU IPinCH'

zotero(3)(+0000003): Installing translator 'Silverchair'

zotero(3)(+0000002): Installing translator 'SIPRI'

zotero(3)(+0000002): Installing translator 'SIRS Knowledge Source'

zotero(3)(+0000002): Installing translator 'Slate'

zotero(3)(+0000002): Installing translator 'SlideShare'

zotero(3)(+0000002): Installing translator 'SLUB Dresden'

zotero(3)(+0000003): Installing translator 'SORA'

zotero(3)(+0000002): Installing translator 'Springer Link'

zotero(3)(+0000002): Installing translator 'SSOAR'

zotero(3)(+0000002): Installing translator 'SSRN'

zotero(3)(+0000002): Installing translator 'Stack Exchange'

zotero(3)(+0000002): Installing translator 'Standard Ebooks'

zotero(3)(+0000002): Installing translator 'Stanford Encyclopedia of Philosophy'

zotero(3)(+0000003): Installing translator 'Stanford University Press'

zotero(3)(+0000002): Installing translator 'State Records Office of Western Australia'

zotero(3)(+0000001): Installing translator 'Stitcher'

zotero(3)(+0000002): Installing translator 'Store norske leksikon'

zotero(3)(+0000002): Installing translator 'Stuff.co.nz'

zotero(3)(+0000002): Installing translator 'Substack'

zotero(3)(+0000002): Installing translator 'Sud Ouest'

zotero(3)(+0000003): Installing translator 'Sueddeutsche.de'

zotero(3)(+0000002): Installing translator 'Summon 2'

zotero(3)(+0000002): Installing translator 'Superlib'

zotero(3)(+0000003): Installing translator 'Svenska Dagbladet'

zotero(3)(+0000002): Installing translator 'Sveriges radio'

zotero(3)(+0000002): Installing translator 'SVT Nyheter'

zotero(3)(+0000003): Installing translator 'Tagesspiegel'

zotero(3)(+0000002): Installing translator 'Talis Aspire'

zotero(3)(+0000002): Installing translator 'TalisPrism'

zotero(3)(+0000002): Installing translator 'Tatknigafund'

zotero(3)(+0000003): Installing translator 'Tatpressa.ru'

zotero(3)(+0000002): Installing translator 'Taylor & Francis eBooks'

zotero(3)(+0000002): Installing translator 'Taylor and Francis+NEJM'

zotero(3)(+0000003): Installing translator 'taz.de'

zotero(3)(+0000002): Installing translator 'TEI'

zotero(3)(+0000003): Installing translator 'Tesis Doctorals en Xarxa'

zotero(3)(+0000002): Installing translator 'The Art Newspaper'

zotero(3)(+0000002): Installing translator 'The Atlantic'

zotero(3)(+0000002): Installing translator 'The Boston Globe'

zotero(3)(+0000003): Installing translator 'The Chronicle of Higher Education'

zotero(3)(+0000001): Installing translator 'The Daily Beast'

zotero(3)(+0000002): Installing translator 'The Economic Times - The Times of India'

zotero(3)(+0000003): Installing translator 'The Economist'

zotero(3)(+0000002): Installing translator 'The Free Dictionary'

zotero(3)(+0000001): Installing translator 'The Globe and Mail'

zotero(3)(+0000003): Installing translator 'The Guardian'

zotero(3)(+0000002): Installing translator 'The Hamilton Spectator'

zotero(3)(+0000002): Installing translator 'The Hindu'

zotero(3)(+0000001): Installing translator 'The Independent'

zotero(3)(+0000002): Installing translator 'The Intercept'

zotero(3)(+0000003): Installing translator 'The Met'

zotero(3)(+0000001): Installing translator 'The Microfinance Gateway'

zotero(3)(+0000003): Installing translator 'The Nation'

zotero(3)(+0000002): Installing translator 'The National Archives (UK)'

zotero(3)(+0000002): Installing translator 'The New Republic'

zotero(3)(+0000002): Installing translator 'The New York Review of Books'

zotero(3)(+0000002): Installing translator 'The New Yorker'

zotero(3)(+0000003): Installing translator 'The Open Library'

zotero(3)(+0000002): Installing translator 'The Straits Times'

zotero(3)(+0000002): Installing translator 'The Telegraph'

zotero(3)(+0000002): Installing translator 'The Times and Sunday Times'

zotero(3)(+0000002): Installing translator 'The Times of Israel'

zotero(3)(+0000002): Installing translator 'TheMarker'

zotero(3)(+0000002): Installing translator 'Theory of Computing'

zotero(3)(+0000002): Installing translator 'ThesesFR'

zotero(3)(+0000003): Installing translator 'Thieme'

zotero(3)(+0000001): Installing translator 'Time.com'

zotero(3)(+0000002): Installing translator 'TimesMachine'

zotero(3)(+0000002): Installing translator 'Tony Blair Institute for Global Change'

zotero(3)(+0000002): Installing translator 'Toronto Star'

zotero(3)(+0000002): Installing translator 'Transportation Research Board'

zotero(3)(+0000002): Installing translator 'Treesearch'

zotero(3)(+0000003): Installing translator 'Trove'

zotero(3)(+0000002): Installing translator 'Tumblr'

zotero(3)(+0000002): Installing translator 'TV by the Numbers'

zotero(3)(+0000002): Installing translator 'TVNZ'

zotero(3)(+0000001): Installing translator 'Twitter'

zotero(3)(+0000002): Installing translator 'Ubiquity Journals'

zotero(3)(+0000003): Installing translator 'UChicago VuFind'

zotero(3)(+0000002): Installing translator 'unAPI'

zotero(3)(+0000002): Installing translator 'University of California Press Books'

zotero(3)(+0000002): Installing translator 'University of Chicago Press Books'

zotero(3)(+0000002): Installing translator 'University of Wisconsin-Madison Libraries Catalog'

zotero(3)(+0000002): Installing translator 'University Press Scholarship'

zotero(3)(+0000002): Installing translator 'Unqualified Dublin Core RDF'

zotero(3)(+0000002): Installing translator 'UNZ Print Archive'

zotero(3)(+0000002): Installing translator 'UPCommons'

zotero(3)(+0000002): Installing translator 'UpToDate References'

zotero(3)(+0000002): Installing translator 'US National Archives Research Catalog'

zotero(3)(+0000002): Installing translator 'USENIX'

zotero(3)(+0000002): Installing translator 'Vanity Fair'

zotero(3)(+0000001): Installing translator 'Verniana-Jules Verne Studies'

zotero(3)(+0000002): Installing translator 'Verso Books'

zotero(3)(+0000002): Installing translator 'Vice'

zotero(3)(+0000002): Installing translator 'Victoria & Albert Museum'

zotero(3)(+0000002): Installing translator 'Vimeo'

zotero(3)(+0000003): Installing translator 'VoxEU'

zotero(3)(+0000001): Installing translator 'Wall Street Journal'

zotero(3)(+0000002): Installing translator 'Wanfang Data'

zotero(3)(+0000003): Installing translator 'Washington Monthly'

zotero(3)(+0000002): Installing translator 'Washington Post'

zotero(3)(+0000001): Installing translator 'Web of Science Nextgen'

zotero(3)(+0000002): Installing translator 'Web of Science Tagged'

zotero(3)(+0000003): Installing translator 'Web of Science'

zotero(3)(+0000001): Installing translator 'Welt Online'

zotero(3)(+0000002): Installing translator 'WestLaw UK'

zotero(3)(+0000002): Installing translator 'WHO'

zotero(3)(+0000002): Installing translator 'Wikidata QuickStatements'

zotero(3)(+0000002): Installing translator 'Wikidata'

zotero(3)(+0000002): Installing translator 'WikiLeaks PlusD'

zotero(3)(+0000002): Installing translator 'Wikimedia Commons'

zotero(3)(+0000003): Installing translator 'Wikipedia Citation Templates'

zotero(3)(+0000001): Installing translator 'Wikipedia'

zotero(3)(+0000003): Installing translator 'Wikisource'

zotero(3)(+0000001): Installing translator 'Wikiwand'

zotero(3)(+0000003): Installing translator 'Wiktionary'

zotero(3)(+0000002): Installing translator 'Wildlife Biology in Practice'

zotero(3)(+0000002): Installing translator 'Wiley Online Library'

zotero(3)(+0000002): Installing translator 'Wilson Center Digital Archive'

zotero(3)(+0000002): Installing translator 'Winnipeg Free Press'

zotero(3)(+0000002): Installing translator 'WIPO'

zotero(3)(+0000002): Installing translator 'Wired'

zotero(3)(+0000003): Installing translator 'wiso'

zotero(3)(+0000003): Installing translator 'Womennews'

zotero(3)(+0000002): Installing translator 'World Digital Library'

zotero(3)(+0000002): Installing translator 'World History Connected'

zotero(3)(+0000003): Installing translator 'World Shakespeare Bibliography Online'

zotero(3)(+0000002): Installing translator 'WorldCat Discovery Service'

zotero(3)(+0000002): Installing translator 'XML ContextObject'

zotero(3)(+0000002): Installing translator 'Yandex Books'

zotero(3)(+0000002): Installing translator 'Ynet'

zotero(3)(+0000002): Installing translator 'YouTube'

zotero(3)(+0000003): Installing translator 'YPFS'

zotero(3)(+0000002): Installing translator 'zbMATH'

zotero(3)(+0000001): Installing translator 'ZIPonline'

zotero(3)(+0000002): Installing translator 'ZOBODAT'

zotero(3)(+0000002): Installing translator 'Zotero RDF'

zotero(3)(+0000002): Installing translator 'zotero.org'

zotero(3)(+0000002): Installing translator 'ZoteroBib'

zotero(4)(+0000001): Beginning DB transaction deWzkTUZ

zotero(4)(+0000000): REPLACE INTO version VALUES (?, ?) ['translators', 1783437194]

zotero(4)(+0000007): Committed DB transaction deWzkTUZ

zotero(3)(+0000001): Initializing translators

zotero(4)(+0000000): SELECT rowid, fileName, metadataJSON, lastModifiedTime FROM translatorCache

zotero(3)(+0000002): Getting contents of E:\Kumiko\pythonProject\Zotero\tmp\zotero-0.6.0-smoke-data\translators\ABC News Australia.js

zotero(4)(+0000001): REPLACE INTO translatorCache VALUES (?, ?, ?) ['ABC News Australia.js', '{"translatorID":"92d45016-5f7b-4bcf-bb63-193033f02f2b","translatorType":4,"label":"ABC News Australia","creator":"Joyce Chia","target":"https?://(www\\.)?abc\\.net\\.au/news/","priority":100,"lastUpdated":"2021-07-23 00:29:10","browserSupport":"gcsibv","minVersion":"3.0","maxVersion":"","inRepository":true}', 1262275200000]

zotero(3)(+0000007): Getting contents of E:\Kumiko\pythonProject\Zotero\tmp\zotero-0.6.0-smoke-data\translators\Access Engineering.js

zotero(4)(+0000012): REPLACE INTO translatorCache VALUES (?, ?, ?) ['Access Engineering.js', '{"translatorID":"d120a8a7-9d45-446e-8c18-ad9ef0a6bf47","translatorType":4,"label":"Access Engineering","creator":"Vinoth K - highwirepress.com","target":"^https?://www\\.accessengineeringlibrary\\.com/","priority":100,"lastUpdated":"2023-09-09 09:42:36","browserSupport":"gcsibv","minVersion":"3.0","maxVersion":"","inRepository":true}', 1262275200000]

zotero(3)(+0000007): Getting contents of E:\Kumiko\pythonProject\Zotero\tmp\zotero-0.6.0-smoke-data\translators\Access Medicine.js

zotero(4)(+0000014): REPLACE INTO translatorCache VALUES (?, ?, ?) ['Access Medicine.js', '{"translatorID":"60e55b65-08cb-4a8f-8a61-c36338ec8754","translatorType":4,"label":"Access Medicine","creator":"Jaret M. Karnuta","target":"^https?://(0-)?(access(anesthesiology|cardiology|emergencymedicine|medicine|pediatrics|surgery)|neurology)\\.mhmedical\\.com","priority":100,"lastUpdated":"2017-01-12 22:14:02","browserSupport":"gcsibv","minVersion":"3.0","maxVersion":"","inRepository":true}', 1262275200000]

zotero(3)(+0000007): Getting contents of E:\Kumiko\pythonProject\Zotero\tmp\zotero-0.6.0-smoke-data\translators\Access Science.js

zotero(4)(+0000013): REPLACE INTO translatorCache VALUES (?, ?, ?) ['Access Science.js', '{"translatorID":"558330ca-3531-467a-8003-86cd9602cc48","translatorType":4,"label":"Access Science","creator":"Vinoth K - highwirepress.com","target":"^https?://www\\.accessscience\\.com/","priority":100,"lastUpdated":"2023-10-17 20:19:39","browserSupport":"gcsibv","minVersion":"5.0","maxVersion":"","inRepository":true}', 1262275200000]

zotero(3)(+0000007): Getting contents of E:\Kumiko\pythonProject\Zotero\tmp\zotero-0.6.0-smoke-data\translators\ACLS Humanities EBook.js

zotero(4)(+0000014): REPLACE INTO translatorCache VALUES (?, ?, ?) ['ACLS Humanities EBook.js', '{"translatorID":"2553b683-dc1b-4a1e-833a-7a7755326186","translatorType":4,"label":"ACLS Humanities EBook","creator":"Abe Jellinek","target":"^https?://www\\.fulcrum\\.org/","priority":100,"lastUpdated":"2021-08-03 01:54:15","browserSupport":"gcsibv","minVersion":"3.0","maxVersion":"","inRepository":true}', 1262275200000]

zotero(3)(+0000007): Getting contents of E:\Kumiko\pythonProject\Zotero\tmp\zotero-0.6.0-smoke-data\translators\ACLWeb.js

zotero(4)(+0000016): REPLACE INTO translatorCache VALUES (?, ?, ?) ['ACLWeb.js', '{"translatorID":"f4a5876a-3e53-40e2-9032-d99a30d7a6fc","translatorType":4,"label":"ACLWeb","creator":"Guy Aglionby","target":"^https?://(www\\.)?(aclanthology\\.org|aclweb\\.org/anthology)/","priority":100,"lastUpdated":"2022-11-10 10:36:48","browserSupport":"gcsibv","minVersion":"3.0","maxVersion":"","inRepository":true}', 1262275200000]

zotero(3)(+0000009): Getting contents of E:\Kumiko\pythonProject\Zotero\tmp\zotero-0.6.0-smoke-data\translators\ACM Digital Library.js

zotero(4)(+0000022): REPLACE INTO translatorCache VALUES (?, ?, ?) ['ACM Digital Library.js', '{"translatorID":"f3f092bf-ae09-4be6-8855-a22ddd817925","translatorType":4,"label":"ACM Digital Library","creator":"Guy Aglionby","target":"^https://dl\\.acm\\.org/(doi|do|profile|toc|topic|keyword|action/doSearch|acmbooks|browse)","priority":100,"lastUpdated":"2026-03-09 12:52:09","browserSupport":"gcsibv","minVersion":"3.0","maxVersion":"","inRepository":true}', 1262275200000]

zotero(3)(+0000008): Getting contents of E:\Kumiko\pythonProject\Zotero\tmp\zotero-0.6.0-smoke-data\translators\ACM Queue.js

zotero(4)(+0000022): REPLACE INTO translatorCache VALUES (?, ?, ?) ['ACM Queue.js', '{"translatorID":"212ffcc8-927c-4e84-a097-bd24fd4a44b6","translatorType":4,"label":"ACM Queue","creator":"Bogdan Lynn","target":"^https://queue\\.acm\\.org/","priority":100,"lastUpdated":"2025-12-04 18:10:19","browserSupport":"gcsibv","minVersion":"5.0","maxVersion":"","inRepository":true}', 1262275200000]

zotero(3)(+0000013): Getting contents of E:\Kumiko\pythonProject\Zotero\tmp\zotero-0.6.0-smoke-data\translators\ACS Publications.js

zotero(4)(+0000020): REPLACE INTO translatorCache VALUES (?, ?, ?) ['ACS Publications.js', '{"translatorID":"938ebe32-2b2e-4349-a5b3-b3a05d3de627","translatorType":4,"label":"ACS Publications","creator":"Sean Takats, Michael Berkowitz, Santawort, and Aurimas Vinckevicius","target":"^https?://pubs\\.acs\\.org/(toc/|journal/|topic/|isbn/\\d|doi/(full/|abs/|epdf/|book/)?10\\.|action/(doSearch\\?|showCitFormats\\?.*doi))","priority":100,"lastUpdated":"2024-09-30 13:50:18","browserSupport":"gcsibv","minVersion":"4.0.5","maxVersion":"","inRepository":true}', 1262275200000]

zotero(3)(+0000008): Getting contents of E:\Kumiko\pythonProject\Zotero\tmp\zotero-0.6.0-smoke-data\translators\Adam Matthew Digital.js

zotero(4)(+0000021): REPLACE INTO translatorCache VALUES (?, ?, ?) ['Adam Matthew Digital.js', '{"translatorID":"0701696c-3523-47ba-9617-b04eee03b6ba","translatorType":4,"label":"Adam Matthew Digital","creator":"Abe Jellinek","target":"^https?://www\\.([^.]+)\\.amdigital\\.co\\.uk/","priority":100,"lastUpdated":"2021-10-21 05:00:48","browserSupport":"gcsibv","minVersion":"3.0","maxVersion":"","inRepository":true}', 1262275200000]

zotero(3)(+0000009): Getting contents of E:\Kumiko\pythonProject\Zotero\tmp\zotero-0.6.0-smoke-data\translators\ADS Bibcode.js

zotero(4)(+0000022): REPLACE INTO translatorCache VALUES (?, ?, ?) ['ADS Bibcode.js', '{"translatorID":"09bd8037-a9bb-4f9a-b3b9-d18b2564b49e","translatorType":8,"label":"ADS Bibcode","creator":"Abe Jellinek","target":"","priority":100,"lastUpdated":"2025-04-29 03:02:00","browserSupport":"g","minVersion":"6.0","maxVersion":"","inRepository":true}', 1262275200000]

zotero(3)(+0000014): Getting contents of E:\Kumiko\pythonProject\Zotero\tmp\zotero-0.6.0-smoke-data\translators\AEA Web.js

zotero(4)(+0000016): REPLACE INTO translatorCache VALUES (?, ?, ?) ['AEA Web.js', '{"translatorID":"6044b16f-2452-4ce8-ad02-fab69ef04f13","translatorType":4,"label":"AEA Web","creator":"Sebatian Karcher","target":"^https?://www\\.aeaweb\\.org/(articles|journals|issues)","priority":100,"lastUpdated":"2025-05-08 17:43:18","browserSupport":"gcsibv","minVersion":"3.0","maxVersion":"","inRepository":true}', 1262275200000]

zotero(3)(+0000008): Getting contents of E:\Kumiko\pythonProject\Zotero\tmp\zotero-0.6.0-smoke-data\translators\Agencia del ISBN.js

zotero(4)(+0000001): REPLACE INTO translatorCache VALUES (?, ?, ?) ['Agencia del ISBN.js', '{"translatorID":"b8a86e36-c270-48c9-bdd1-22aaa167ef46","translatorType":4,"label":"Agencia del ISBN","creator":"Michael Berkowitz","target":"^https?://www\\.mcu\\.es/webISBN","priority":100,"lastUpdated":"2015-06-10 11:33:38","browserSupport":"gcs","minVersion":"3.0","maxVersion":"","inRepository":true}', 1262275200000]

zotero(3)(+0000007): Getting contents of E:\Kumiko\pythonProject\Zotero\tmp\zotero-0.6.0-smoke-data\translators\AGRIS.js

zotero(4)(+0000015): REPLACE INTO translatorCache VALUES (?, ?, ?) ['AGRIS.js', '{"translatorID":"48a67d12-1bcf-44ac-a4f4-11457ebfc0bb","translatorType":4,"label":"AGRIS","creator":"Abe Jellinek","target":"^https?://agris\\.fao\\.org/agris-search/search","priority":100,"lastUpdated":"2021-08-12 21:34:16","browserSupport":"gcsibv","minVersion":"3.0","maxVersion":"","inRepository":true}', 1262275200000]

zotero(3)(+0000007): Getting contents of E:\Kumiko\pythonProject\Zotero\tmp\zotero-0.6.0-smoke-data\translators\Ahval News.js

zotero(4)(+0000015): REPLACE INTO translatorCache VALUES (?, ?, ?) ['Ahval News.js', '{"translatorID":"64f4a2b8-33d8-4303-834a-3b71065cf6c6","translatorType":4,"label":"Ahval News","creator":"Abe Jellinek","target":"^https?://ahvalnews\\.com/","priority":100,"lastUpdated":"2021-08-12 20:49:38","browserSupport":"gcsibv","minVersion":"3.0","maxVersion":"","inRepository":true}', 1262275200000]

zotero(3)(+0000007): Getting contents of E:\Kumiko\pythonProject\Zotero\tmp\zotero-0.6.0-smoke-data\translators\AIP.js

zotero(4)(+0000014): REPLACE INTO translatorCache VALUES (?, ?, ?) ['AIP.js', '{"translatorID":"48d3b115-7e09-4134-ad5d-0beda6296761","translatorType":4,"label":"AIP","creator":"Aurimas Vinckevicius","target":"^https?://scitation\\.aip\\.org/(search\\?|content/)","priority":100,"lastUpdated":"2015-10-17 17:37:33","browserSupport":"gcsibv","minVersion":"3.0","maxVersion":"","inRepository":true}', 1262275200000]

zotero(3)(+0000007): Getting contents of E:\Kumiko\pythonProject\Zotero\tmp\zotero-0.6.0-smoke-data\translators\Air University Journals.js

zotero(4)(+0000001): REPLACE INTO translatorCache VALUES (?, ?, ?) ['Air University Journals.js', '{"translatorID":"e317b4d4-03cf-4356-aa3c-defadc6fd10e","translatorType":4,"label":"Air University Journals","creator":"Sebastian Karcher","target":"https?://www\\.airuniversity\\.af\\.edu/(ASPJ|SSQ)","priority":100,"lastUpdated":"2021-10-14 19:04:37","browserSupport":"gcsibv","minVersion":"3.0","maxVersion":"","inRepository":true}', 1262275200000]

zotero(3)(+0000007): Getting contents of E:\Kumiko\pythonProject\Zotero\tmp\zotero-0.6.0-smoke-data\translators\Airiti.js

zotero(4)(+0000015): REPLACE INTO translatorCache VALUES (?, ?, ?) ['Airiti.js', '{"translatorID":"5f0ca39b-898a-4b1e-b98d-8cd0d6ce9801","translatorType":4,"label":"Airiti","creator":"Aurimas Vinckevicius","target":"^https?://([^/]+\\.)?airitilibrary\\.com/Publication/alDetailedMesh","priority":110,"lastUpdated":"2023-08-04 05:04:16","browserSupport":"gcsibv","minVersion":"3.0","maxVersion":"","inRepository":true}', 1262275200000]

zotero(3)(+0000007): Getting contents of E:\Kumiko\pythonProject\Zotero\tmp\zotero-0.6.0-smoke-data\translators\Alexander Street Press.js

zotero(4)(+0000001): REPLACE INTO translatorCache VALUES (?, ?, ?) ['Alexander Street Press.js', '{"translatorID":"0a84a653-79ea-4c6a-8a68-da933e3b504a","translatorType":4,"label":"Alexander Street Press","creator":"John West and Michael Berkowitz","target":"^https?://(www\\.)alexanderstreet","priority":100,"lastUpdated":"2021-12-28 04:42:00","browserSupport":"gcsibv","minVersion":"1.0.0b4.r5","maxVersion":"","inRepository":true}', 1262275200000]

zotero(3)(+0000008): Getting contents of E:\Kumiko\pythonProject\Zotero\tmp\zotero-0.6.0-smoke-data\translators\AllAfrica.js

zotero(4)(+0000001): REPLACE INTO translatorCache VALUES (?, ?, ?) ['AllAfrica.js', '{"translatorID":"34B1E0EA-FD02-4069-BAE4-ED4D98674A5E","translatorType":4,"label":"AllAfrica","creator":"Sebastian Karcher and Abe Jellinek","target":"^https?://(fr\\.)?allafrica\\.com/(stories|search)/","priority":100,"lastUpdated":"2021-10-22 19:33:08","browserSupport":"gcsv","minVersion":"1.0.0b4.r5","maxVersion":"","inRepository":true}', 1262275200000]

zotero(3)(+0000007): Getting contents of E:\Kumiko\pythonProject\Zotero\tmp\zotero-0.6.0-smoke-data\translators\Alsharekh.js

zotero(4)(+0000001): REPLACE INTO translatorCache VALUES (?, ?, ?) ['Alsharekh.js', '{"translatorID":"70fbaf2f-ba02-426c-8beb-4ddfbbefd14b","translatorType":4,"label":"Alsharekh","creator":"Abe Jellinek","target":"^https://archive\\.alsharekh\\.org/","priority":100,"lastUpdated":"2023-07-24 02:21:59","browserSupport":"gcsibv","minVersion":"3.0","maxVersion":"","inRepository":true}', 1262275200000]

zotero(3)(+0000007): Getting contents of E:\Kumiko\pythonProject\Zotero\tmp\zotero-0.6.0-smoke-data\translators\AlterNet.js

zotero(4)(+0000014): REPLACE INTO translatorCache VALUES (?, ?, ?) ['AlterNet.js', '{"translatorID":"ea531652-cdeb-4ec2-940e-627d4b107263","translatorType":4,"label":"AlterNet","creator":"Jesse Johnson, BBUCommander","target":"^https?://(www\\.)alternet\\.org","priority":100,"lastUpdated":"2016-11-01 18:04:43","browserSupport":"gcsibv","minVersion":"2.1","maxVersion":"","inRepository":true}', 1262275200000]

zotero(3)(+0000007): Getting contents of E:\Kumiko\pythonProject\Zotero\tmp\zotero-0.6.0-smoke-data\translators\Aluka.js

zotero(4)(+0000015): REPLACE INTO translatorCache VALUES (?, ?, ?) ['Aluka.js', '{"translatorID":"e8fc7ebc-b63d-4eb3-a16c-91da232f7220","translatorType":4,"label":"Aluka","creator":"Philipp Zumstein","target":"^https?://(www\\.)aluka\\.org/(stable/|struggles/search\\?|struggles/collection/)","priority":100,"lastUpdated":"2016-09-27 06:02:24","browserSupport":"gcsibv","minVersion":"3.0","maxVersion":"","inRepository":true}', 1262275200000]

zotero(3)(+0000007): Getting contents of E:\Kumiko\pythonProject\Zotero\tmp\zotero-0.6.0-smoke-data\translators\Amazon.js

zotero(3)(+0000007): WebSocket connection opened

zotero(3)(+0000000): WebSocket message: {"event":"connected","retry":10000}

zotero(3)(+0000001): WebSocket message send: {"action":"createSubscriptions","subscriptions":[{"topics":["styles","translators"]}]}

zotero(4)(+0000009): REPLACE INTO translatorCache VALUES (?, ?, ?) ['Amazon.js', '{"translatorID":"96b9f483-c44d-5784-cdad-ce21b984fe01","translatorType":4,"label":"Amazon","creator":"Sean Takats, Michael Berkowitz, and Simon Kornblith","target":"^https?://((www\\.)|(smile\\.))?amazon","priority":100,"lastUpdated":"2025-03-20 15:38:12","browserSupport":"gcsibv","minVersion":"3.0","maxVersion":"","inRepository":true}', 1262275200000]

zotero(3)(+0000007): Getting contents of E:\Kumiko\pythonProject\Zotero\tmp\zotero-0.6.0-smoke-data\translators\American Archive of Public Broadcasting.js

zotero(4)(+0000016): REPLACE INTO translatorCache VALUES (?, ?, ?) ['American Archive of Public Broadcasting.js', '{"translatorID":"d13eb92e-fb16-41e0-9a24-73bad50f9bb7","translatorType":4,"label":"American Archive of Public Broadcasting","creator":"Abe Jellinek","target":"^https?://(www\\.)?americanarchive\\.org/catalog","priority":100,"lastUpdated":"2021-08-28 19:23:21","browserSupport":"gcsibv","minVersion":"3.0","maxVersion":"","inRepository":true}', 1262275200000]

zotero(3)(+0000008): Getting contents of E:\Kumiko\pythonProject\Zotero\tmp\zotero-0.6.0-smoke-data\translators\American Institute of Aeronautics and Astronautics.js

zotero(4)(+0000001): REPLACE INTO translatorCache VALUES (?, ?, ?) ['American Institute of Aeronautics and Astronautics.js', '{"translatorID":"75edc5a1-6470-465a-a928-ccb77d95eb72","translatorType":4,"label":"American Institute of Aeronautics and Astronautics","creator":"Michael Berkowitz","target":"^https?://arc\\.aiaa\\.org/","priority":100,"lastUpdated":"2013-12-12 03:22:14","browserSupport":"gcv","minVersion":"3.0","maxVersion":"","inRepository":true}', 1262275200000]

zotero(3)(+0000007): Getting contents of E:\Kumiko\pythonProject\Zotero\tmp\zotero-0.6.0-smoke-data\translators\American Prospect.js

zotero(4)(+0000017): REPLACE INTO translatorCache VALUES (?, ?, ?) ['American Prospect.js', '{"translatorID":"57fd3205-7211-4b9b-ad39-d2747247d0af","translatorType":4,"label":"American Prospect","creator":"Sebastian Karcher","target":"^https?://(www\\.)?prospect\\.org","priority":100,"lastUpdated":"2013-01-09 15:36:32","browserSupport":"gcsib","minVersion":"2.1.9","maxVersion":"","inRepository":true}', 1262275200000]

zotero(3)(+0000009): Getting contents of E:\Kumiko\pythonProject\Zotero\tmp\zotero-0.6.0-smoke-data\translators\AMS Journals.js

zotero(4)(+0000014): REPLACE INTO translatorCache VALUES (?, ?, ?) ['AMS Journals.js', '{"translatorID":"bdaac15c-b0ee-453f-9f1d-f35d00c7a994","translatorType":4,"label":"AMS Journals","creator":"Michael Berkowitz","target":"^https?://www\\.ams\\.org/journals/","priority":100,"lastUpdated":"2016-09-03 20:50:31","browserSupport":"gcsibv","minVersion":"3.0","maxVersion":"","inRepository":true}', 1262275200000]

zotero(3)(+0000007): Getting contents of E:\Kumiko\pythonProject\Zotero\tmp\zotero-0.6.0-smoke-data\translators\AMS MathSciNet (Legacy).js

zotero(4)(+0000016): REPLACE INTO translatorCache VALUES (?, ?, ?) ['AMS MathSciNet (Legacy).js', '{"translatorID":"a354331-981b-43de-a61-bc26dd1be3a9","translatorType":4,"label":"AMS MathSciNet (Legacy)","creator":"Simon Kornblith, Sebastian Karcher","target":"^https?://(mathscinet\\.)?ams\\.[^/]*/(mathscinet/2006/)?mathscinet(\\-getitem\\?|/search/(publications\\.html|publdoc\\.html))","priority":100,"lastUpdated":"2023-07-06 17:03:34","browserSupport":"gcsibv","minVersion":"3.0","maxVersion":"","inRepository":true}', 1262275200000]

zotero(3)(+0000007): Getting contents of E:\Kumiko\pythonProject\Zotero\tmp\zotero-0.6.0-smoke-data\translators\AMS MathSciNet.js

zotero(4)(+0000014): REPLACE INTO translatorCache VALUES (?, ?, ?) ['AMS MathSciNet.js', '{"translatorID":"16f2936d-a059-40e8-a48e-f0acbb1e93e0","translatorType":4,"label":"AMS MathSciNet","creator":"Sebastian Karcher","target":"^https?://mathscinet\\.ams\\.[^/]*/mathscinet/(article\\?|publications-search\\?|author\\?)","priority":100,"lastUpdated":"2023-07-14 11:04:37","browserSupport":"gcsibv","minVersion":"3.0","maxVersion":"","inRepository":true}', 1262275200000]

zotero(3)(+0000009): Getting contents of E:\Kumiko\pythonProject\Zotero\tmp\zotero-0.6.0-smoke-data\translators\Anarchist Library.js

zotero(4)(+0000012): REPLACE INTO translatorCache VALUES (?, ?, ?) ['Anarchist Library.js', '{"translatorID":"1a31e4c5-22ed-4b5b-a75f-55476db29a44","translatorType":4,"label":"Anarchist Library","creator":"Sister Baæ'l","target":"https://theanarchistlibrary\\.org/(latest|library|stats/popular|category/topic|category/author|special/index|search)","priority":100,"lastUpdated":"2025-10-25 01:31:43","browserSupport":"gcsibv","minVersion":"7.0","maxVersion":"","inRepository":true}', 1262275200000]

zotero(3)(+0000007): Getting contents of E:\Kumiko\pythonProject\Zotero\tmp\zotero-0.6.0-smoke-data\translators\Ancestry.com US Federal Census.js

zotero(4)(+0000016): REPLACE INTO translatorCache VALUES (?, ?, ?) ['Ancestry.com US Federal Census.js', '{"translatorID":"0dda3f89-15de-4479-987f-cc13f1ba7999","translatorType":4,"label":"Ancestry.com US Federal Census","creator":"Abe Jellinek","target":"^https?://(www\\.)?ancestry\\.com/","priority":100,"lastUpdated":"2021-07-22 19:20:28","browserSupport":"gcibv","minVersion":"3.0","maxVersion":"","inRepository":true}', 1262275200000]

zotero(3)(+0000007): Getting contents of E:\Kumiko\pythonProject\Zotero\tmp\zotero-0.6.0-smoke-data\translators\Annual Reviews.js

zotero(4)(+0000014): REPLACE INTO translatorCache VALUES (?, ?, ?) ['Annual Reviews.js', '{"translatorID":"5f22bd25-5b70-11e1-bb1d-c4f24aa18c1e","translatorType":4,"label":"Annual Reviews","creator":"Aurimas Vinckevicius and Abe Jellinek","target":"^https?://[^/]*annualreviews\\.org(:[\\d]+)?(?=/)[^?]*(/(toc|journal|doi)/|showMost(Read|Cited)Articles|doSearch)","priority":150,"lastUpdated":"2022-08-02 12:48:22","browserSupport":"gcsibv","minVersion":"3.0","maxVersion":"","inRepository":true}', 1262275200000]

zotero(3)(+0000008): Getting contents of E:\Kumiko\pythonProject\Zotero\tmp\zotero-0.6.0-smoke-data\translators\Antikvarium.hu.js

zotero(4)(+0000013): REPLACE INTO translatorCache VALUES (?, ?, ?) ['Antikvarium.hu.js', '{"translatorID":"68a54283-67e0-4e1c-ad3d-5b699868b194","translatorType":4,"label":"Antikvarium.hu","creator":"Velősy Péter Kristóf","target":"^https?://(www\\.)?antikvarium\\.hu/","priority":100,"lastUpdated":"2021-09-22 19:39:49","browserSupport":"gcsibv","minVersion":"3.0","maxVersion":"","inRepository":true}', 1262275200000]

zotero(3)(+0000007): Getting contents of E:\Kumiko\pythonProject\Zotero\tmp\zotero-0.6.0-smoke-data\translators\APA PsycNET.js

zotero(4)(+0000013): REPLACE INTO translatorCache VALUES (?, ?, ?) ['APA PsycNET.js', '{"translatorID":"1e1e35be-6264-45a0-ad2e-7212040eb984","translatorType":4,"label":"APA PsycNet","creator":"Philipp Zumstein","target":"^https?://(psycnet|doi)\\.apa\\.org/","priority":100,"lastUpdated":"2025-03-10 19:48:42","browserSupport":"gcsibv","minVersion":"3.0","maxVersion":"","inRepository":true}', 1262275200000]

zotero(3)(+0000008): Getting contents of E:\Kumiko\pythonProject\Zotero\tmp\zotero-0.6.0-smoke-data\translators\APN.ru.js

zotero(4)(+0000015): REPLACE INTO translatorCache VALUES (?, ?, ?) ['APN.ru.js', '{"translatorID":"737216af-fc48-4aa5-bfae-560c9cfc5df5","translatorType":4,"label":"APN.ru","creator":"Avram Lyon","target":"^https?://www\\.apn\\.ru/","priority":100,"lastUpdated":"2012-03-03 23:38:28","browserSupport":"gcsibv","minVersion":"2.0","maxVersion":"","inRepository":true}', 1262275200000]

zotero(3)(+0000007): Getting contents of E:\Kumiko\pythonProject\Zotero\tmp\zotero-0.6.0-smoke-data\translators\APS-Physics.js

zotero(4)(+0000013): REPLACE INTO translatorCache VALUES (?, ?, ?) ['APS-Physics.js', '{"translatorID":"f318ab1e-71c6-4f67-8ac3-4b1144e5bf4e","translatorType":4,"label":"APS-Physics","creator":"Will Shanks and Abe Jellinek","target":"^https?://(www\\.)?(physics)\\.aps\\.org/","priority":100,"lastUpdated":"2021-08-31 22:13:29","browserSupport":"gcsibv","minVersion":"2.1.9","maxVersion":"","inRepository":true}', 1262275200000]

zotero(3)(+0000007): Getting contents of E:\Kumiko\pythonProject\Zotero\tmp\zotero-0.6.0-smoke-data\translators\APS.js

zotero(4)(+0000014): REPLACE INTO translatorCache VALUES (?, ?, ?) ['APS.js', '{"translatorID":"2c310a37-a4dd-48d2-82c9-bd29c53c1c76","translatorType":4,"label":"APS","creator":"Aurimas Vinckevicius and Abe Jellinek","target":"^https?://journals\\.aps\\.org/([^/]+/(abstract|supplemental|references|cited-by|issues)/|search(\\?|/))","priority":100,"lastUpdated":"2024-11-21 18:50:09","browserSupport":"gcsibv","minVersion":"3.0.12","maxVersion":"","inRepository":true}', 1262275200000]

zotero(3)(+0000007): Getting contents of E:\Kumiko\pythonProject\Zotero\tmp\zotero-0.6.0-smoke-data\translators\AquaDocs.js

zotero(3)(+0000004): WebSocket message: {"event":"subscriptionsCreated","subscriptions":[{"topics":["styles","translators"]}],"errors":[]}

zotero(4)(+0000010): REPLACE INTO translatorCache VALUES (?, ?, ?) ['AquaDocs.js', '{"translatorID":"97b65138-71b7-424f-b305-4a2161e90661","translatorType":4,"label":"AquaDocs","creator":"Sebastian Karcher","target":"^https?://aquadocs\\.org/(handle|discover|browse)","priority":100,"lastUpdated":"2023-08-24 02:41:29","browserSupport":"gcsibv","minVersion":"5.0","maxVersion":"","inRepository":true}', 1262275200000]

zotero(3)(+0000007): Getting contents of E:\Kumiko\pythonProject\Zotero\tmp\zotero-0.6.0-smoke-data\translators\Archeion.js

zotero(4)(+0000014): REPLACE INTO translatorCache VALUES (?, ?, ?) ['Archeion.js', '{"translatorID":"f6717cbb-2771-4043-bde9-dbae19129bb3","translatorType":4,"label":"Archeion","creator":"Sebastian Karcher","target":"^https?://www\\.(archeion|memorybc|albertaonrecord)\\.ca","priority":100,"lastUpdated":"2018-03-05 07:08:54","browserSupport":"gcsibv","minVersion":"2.1.9","maxVersion":"","inRepository":true}', 1262275200000]

zotero(3)(+0000010): Getting contents of E:\Kumiko\pythonProject\Zotero\tmp\zotero-0.6.0-smoke-data\translators\Archiv fuer Sozialgeschichte.js

zotero(4)(+0000014): REPLACE INTO translatorCache VALUES (?, ?, ?) ['Archiv fuer Sozialgeschichte.js', '{"translatorID":"7ecb9512-9195-478a-a525-40e71b01f3b0","translatorType":4,"label":"Archiv fuer Sozialgeschichte","creator":"Sebastian Karcher","target":"^https?://library\\.fes\\.de/jportal/","priority":100,"lastUpdated":"2013-05-15 20:05:47","browserSupport":"gcbv","minVersion":"3.0","maxVersion":"","inRepository":true}', 1262275200000]

zotero(3)(+0000007): Getting contents of E:\Kumiko\pythonProject\Zotero\tmp\zotero-0.6.0-smoke-data\translators\Archive Ouverte en Sciences de l'Information et de la Communication  (AOSIC).js

zotero(4)(+0000002): REPLACE INTO translatorCache VALUES (?, ?, ?) ['Archive Ouverte en Sciences de l'Information et de la Communication  (AOSIC).js', '{"translatorID":"dedcae51-073c-48fb-85ce-2425e97f128d","translatorType":4,"label":"Archive Ouverte en Sciences de l'Information et de la Communication  (AOSIC)","creator":"Michael Berkowitz","target":"^https?://archivesic\\.ccsd\\.cnrs\\.fr/","priority":100,"lastUpdated":"2021-12-27 20:43:34","browserSupport":"gcsibv","minVersion":"1.0.0b4.r5","maxVersion":"","inRepository":true}', 1262275200000]

zotero(3)(+0000007): Getting contents of E:\Kumiko\pythonProject\Zotero\tmp\zotero-0.6.0-smoke-data\translators\Archives Canada.js

zotero(4)(+0000001): REPLACE INTO translatorCache VALUES (?, ?, ?) ['Archives Canada.js', '{"translatorID":"18bc329c-51af-497e-a7cf-aa572fae363d","translatorType":4,"label":"Archives Canada","creator":"Adam Crymble","target":"^https?://(www\\.)?archivescanada\\.ca","priority":100,"lastUpdated":"2019-06-13 23:00:25","browserSupport":"gcsb","minVersion":"3.0","maxVersion":"","inRepository":true}', 1262275200000]

zotero(3)(+0000007): Getting contents of E:\Kumiko\pythonProject\Zotero\tmp\zotero-0.6.0-smoke-data\translators\Ariana News.js

zotero(4)(+0000013): REPLACE INTO translatorCache VALUES (?, ?, ?) ['Ariana News.js', '{"translatorID":"44552245-d911-4613-8b4f-19f41a5e5b0d","translatorType":4,"label":"Ariana News","creator":"Abe Jellinek","target":"^https://ariananews\\.af/","priority":100,"lastUpdated":"2021-08-16 15:20:38","browserSupport":"gcsibv","minVersion":"3.0","maxVersion":"","inRepository":true}', 1262275200000]

zotero(3)(+0000007): Getting contents of E:\Kumiko\pythonProject\Zotero\tmp\zotero-0.6.0-smoke-data\translators\Art Institute of Chicago.js

zotero(4)(+0000001): REPLACE INTO translatorCache VALUES (?, ?, ?) ['Art Institute of Chicago.js', '{"translatorID":"8e98b11a-5648-42b2-8542-5f366cb953f6","translatorType":4,"label":"Art Institute of Chicago","creator":"nikhil trivedi, Illya Moskvin","target":"^https?://(www\\.)?artic\\.edu/(artworks/|collection)","priority":100,"lastUpdated":"2021-06-04 20:08:22","browserSupport":"gcsibv","minVersion":"3.0","maxVersion":"","inRepository":true}', 1262275200000]

zotero(3)(+0000007): Getting contents of E:\Kumiko\pythonProject\Zotero\tmp\zotero-0.6.0-smoke-data\translators\Artefacts Canada.js

zotero(4)(+0000001): REPLACE INTO translatorCache VALUES (?, ?, ?) ['Artefacts Canada.js', '{"translatorID":"661fc39a-2500-4710-8285-2d67ddc00a69","translatorType":4,"label":"Artefacts Canada","creator":"Adam Crymble","target":"^https?://(www\\.)?pro\\.rcip-chin\\.gc\\.ca","priority":100,"lastUpdated":"2013-09-16 00:25:18","browserSupport":"gcsibv","minVersion":"1.0","maxVersion":"","inRepository":true}', 1262275200000]

zotero(3)(+0000007): Getting contents of E:\Kumiko\pythonProject\Zotero\tmp\zotero-0.6.0-smoke-data\translators\ARTFL Encyclopedie.js

zotero(4)(+0000001): REPLACE INTO translatorCache VALUES (?, ?, ?) ['ARTFL Encyclopedie.js', '{"translatorID":"72cb2536-3211-41e0-ae8b-974c0385e085","translatorType":4,"label":"ARTFL Encyclopedie","creator":"Sean Takats, Sebastian Karcher, and Abe Jellinek","target":"^https?://artflsrv\\d+\\.uchicago\\.edu/philologic4/encyclopedie\\d+/(navigate/|query)","priority":100,"lastUpdated":"2021-06-30 19:55:06","browserSupport":"gcsibv","minVersion":"3.0","maxVersion":"","inRepository":true}', 1262275200000]

zotero(3)(+0000007): Getting contents of E:\Kumiko\pythonProject\Zotero\tmp\zotero-0.6.0-smoke-data\translators\Artforum.js

zotero(4)(+0000014): REPLACE INTO translatorCache VALUES (?, ?, ?) ['Artforum.js', '{"translatorID":"a127f012-4ea4-4d05-a657-24d47f91b016","translatorType":4,"label":"Artforum","creator":"czar","target":"^https?://(www\\.)?artforum\\.com/","priority":100,"lastUpdated":"2021-09-02 00:33:38","browserSupport":"gcsibv","minVersion":"3.0","maxVersion":"","inRepository":true}', 1262275200000]

zotero(3)(+0000007): Getting contents of E:\Kumiko\pythonProject\Zotero\tmp\zotero-0.6.0-smoke-data\translators\artnet.js

zotero(4)(+0000001): REPLACE INTO translatorCache VALUES (?, ?, ?) ['artnet.js', '{"translatorID":"a6bfb69f-5dd3-4d60-b9ad-d68ef9eb9a26","translatorType":4,"label":"artnet","creator":"Abe Jellinek","target":"https?://(www\\.)?artnet\\.com/","priority":100,"lastUpdated":"2021-07-20 15:14:28","browserSupport":"gcsibv","minVersion":"3.0","maxVersion":"","inRepository":true}', 1262275200000]

zotero(3)(+0000007): Getting contents of E:\Kumiko\pythonProject\Zotero\tmp\zotero-0.6.0-smoke-data\translators\ARTnews.js

zotero(4)(+0000015): REPLACE INTO translatorCache VALUES (?, ?, ?) ['ARTnews.js', '{"translatorID":"e765263c-c211-46a8-892b-d0b0237836a7","translatorType":4,"label":"ARTnews","creator":"czar","target":"^https?://(www\\.)?artnews\\.com","priority":100,"lastUpdated":"2017-03-12 00:18:33","browserSupport":"gcsibv","minVersion":"3.0","maxVersion":"","inRepository":true}', 1262275200000]

zotero(3)(+0000008): Getting contents of E:\Kumiko\pythonProject\Zotero\tmp\zotero-0.6.0-smoke-data\translators\ARTstor.js

zotero(4)(+0000013): REPLACE INTO translatorCache VALUES (?, ?, ?) ['ARTstor.js', '{"translatorID":"5278b20c-7c2c-4599-a785-12198ea648bf","translatorType":4,"label":"ARTstor","creator":"Abe Jellinek","target":"^https?://library\\.artstor\\.org/","priority":100,"lastUpdated":"2021-07-23 05:46:04","browserSupport":"gcsibv","minVersion":"3.0","maxVersion":"","inRepository":true}', 1262275200000]

zotero(3)(+0000007): Getting contents of E:\Kumiko\pythonProject\Zotero\tmp\zotero-0.6.0-smoke-data\translators\arXiv.org.js

zotero(4)(+0000012): REPLACE INTO translatorCache VALUES (?, ?, ?) ['arXiv.org.js', '{"translatorID":"ecddda2e-4fc6-4aea-9f17-ef3b56d7377a","translatorType":12,"label":"arXiv.org","creator":"Sean Takats and Michael Berkowitz","target":"^https?://([^\\.]+\\.)?(arxiv\\.org|xxx\\.lanl\\.gov)/(search|find|catchup|list/\\w|abs/|pdf/)","priority":100,"lastUpdated":"2026-05-19 15:28:10","browserSupport":"gcsibv","minVersion":"6.0","maxVersion":"","inRepository":true}', 1262275200000]

zotero(3)(+0000007): Getting contents of E:\Kumiko\pythonProject\Zotero\tmp\zotero-0.6.0-smoke-data\translators\ASCE.js

zotero(4)(+0000001): REPLACE INTO translatorCache VALUES (?, ?, ?) ['ASCE.js', '{"translatorID":"303bdfc5-11b8-4107-bca1-63ca97701a0f","translatorType":4,"label":"ASCE","creator":"Sebastian Karcher","target":"^https?://(www\\.)?ascelibrary\\.org/(toc|doi|action)/","priority":100,"lastUpdated":"2020-06-28 02:29:25","browserSupport":"gcsibv","minVersion":"2.1.9","maxVersion":"","inRepository":true}', 1262275200000]

zotero(3)(+0000007): Getting contents of E:\Kumiko\pythonProject\Zotero\tmp\zotero-0.6.0-smoke-data\translators\ASCO Meeting Library.js

zotero(4)(+0000015): REPLACE INTO translatorCache VALUES (?, ?, ?) ['ASCO Meeting Library.js', '{"translatorID":"03d1aac2-bee2-43f4-8d9c-b96ef31e8c61","translatorType":4,"label":"ASCO Meeting Library","creator":"Sebastian Karcher","target":"^https?://meetinglibrary\\.asco\\.org/(content|search)","priority":100,"lastUpdated":"2021-06-07 16:47:39","browserSupport":"gcsibv","minVersion":"3.0","maxVersion":"","inRepository":true}', 1262275200000]

zotero(3)(+0000007): Getting contents of E:\Kumiko\pythonProject\Zotero\tmp\zotero-0.6.0-smoke-data\translators\ASTIS.js

zotero(4)(+0000001): REPLACE INTO translatorCache VALUES (?, ?, ?) ['ASTIS.js', '{"translatorID":"d4e227c0-cebb-425a-ac8d-a6625c4bfdd2","translatorType":4,"label":"ASTIS","creator":"Abe Jellinek","target":"^https?://(www\\.)?aina\\.ucalgary\\.ca/","priority":100,"lastUpdated":"2021-08-04 19:44:55","browserSupport":"gcsibv","minVersion":"3.0","maxVersion":"","inRepository":true}', 1262275200000]

zotero(3)(+0000008): Getting contents of E:\Kumiko\pythonProject\Zotero\tmp\zotero-0.6.0-smoke-data\translators\Atlanta Journal-Constitution.js

zotero(4)(+0000014): REPLACE INTO translatorCache VALUES (?, ?, ?) ['Atlanta Journal-Constitution.js', '{"translatorID":"01322929-5782-4612-81f7-d861fb46d9f2","translatorType":4,"label":"Atlanta Journal-Constitution","creator":"Abe Jellinek","target":"^https?://(www\\.)?ajc\\.com","priority":100,"lastUpdated":"2021-07-14 19:41:44","browserSupport":"gcsibv","minVersion":"3.0","maxVersion":"","inRepository":true}', 1262275200000]

zotero(3)(+0000007): Getting contents of E:\Kumiko\pythonProject\Zotero\tmp\zotero-0.6.0-smoke-data\translators\ATS International Journal.js

zotero(4)(+0000015): REPLACE INTO translatorCache VALUES (?, ?, ?) ['ATS International Journal.js', '{"translatorID":"ec0628ad-e508-444e-9e4c-e1819766a1ae","translatorType":4,"label":"ATS International Journal","creator":"Philipp Zumstein","target":"^https?://(www\\.)?atsinternationaljournal\\.com/","priority":100,"lastUpdated":"2019-09-10 19:50:28","browserSupport":"gcsibv","minVersion":"3.0","maxVersion":"","inRepository":true}', 1262275200000]

zotero(3)(+0000007): Getting contents of E:\Kumiko\pythonProject\Zotero\tmp\zotero-0.6.0-smoke-data\translators\Atypon Journals.js

zotero(4)(+0000015): REPLACE INTO translatorCache VALUES (?, ?, ?) ['Atypon Journals.js', '{"translatorID":"5af42734-7cd5-4c69-97fc-bc406999bdba","translatorType":4,"label":"Atypon Journals","creator":"Sebastian Karcher and Abe Jellinek","target":"^https?://[^?#]+(/doi/((abs|abstract|full|figure|ref|citedby|book)/)?10\\.|/action/doSearch\\?)|^https?://[^/]+/toc/","priority":270,"lastUpdated":"2022-10-25 02:51:38","browserSupport":"gcsibv","minVersion":"3.0","maxVersion":"","inRepository":true}', 1262275200000]

zotero(3)(+0000007): Getting contents of E:\Kumiko\pythonProject\Zotero\tmp\zotero-0.6.0-smoke-data\translators\AustLII and NZLII.js

zotero(4)(+0000014): REPLACE INTO translatorCache VALUES (?, ?, ?) ['AustLII and NZLII.js', '{"translatorID":"5ed5ab01-899f-4a3b-a74c-290fb2a1c9a4","translatorType":4,"label":"AustLII and NZLII","creator":"Justin Warren, Philipp Zumstein","target":"^https?://(www\\d?|classic)\\.(austlii\\.edu\\.au|nzlii\\.org)","priority":100,"lastUpdated":"2024-11-21 18:54:11","browserSupport":"gcsibv","minVersion":"3.0","maxVersion":"","inRepository":true}', 1262275200000]

zotero(3)(+0000008): Getting contents of E:\Kumiko\pythonProject\Zotero\tmp\zotero-0.6.0-smoke-data\translators\Australian Dictionary of Biography.js

zotero(4)(+0000001): REPLACE INTO translatorCache VALUES (?, ?, ?) ['Australian Dictionary of Biography.js', '{"translatorID":"0aea3026-a246-4201-a4b5-265f75b9a6a7","translatorType":4,"label":"Australian Dictionary of Biography","creator":"Sebastian Karcher","target":"^https?://adb\\.anu\\.edu\\.au/biograph(y|ies)/","priority":100,"lastUpdated":"2021-07-14 04:18:08","browserSupport":"gcsibv","minVersion":"3.0","maxVersion":"","inRepository":true}', 1262275200000]

zotero(3)(+0000008): Getting contents of E:\Kumiko\pythonProject\Zotero\tmp\zotero-0.6.0-smoke-data\translators\Baidu Scholar.js

zotero(4)(+0000013): REPLACE INTO translatorCache VALUES (?, ?, ?) ['Baidu Scholar.js', '{"translatorID":"e034d9be-c420-42cf-8311-23bca5735a32","translatorType":4,"label":"Baidu Scholar","creator":"Philipp Zumstein","target":"^https?://(www\\.)?xueshu\\.baidu\\.com/","priority":100,"lastUpdated":"2021-06-16 17:43:54","browserSupport":"gcsibv","minVersion":"3.0","maxVersion":"","inRepository":true}', 1262275200000]

zotero(3)(+0000007): Getting contents of E:\Kumiko\pythonProject\Zotero\tmp\zotero-0.6.0-smoke-data\translators\BAILII.js

zotero(4)(+0000013): REPLACE INTO translatorCache VALUES (?, ?, ?) ['BAILII.js', '{"translatorID":"5ae63913-669a-4792-9f45-e089a37de9ab","translatorType":4,"label":"BAILII","creator":"Bill McKinney","target":"^https?://www\\.bailii\\.org(/cgi\\-bin/markup\\.cgi\\?doc\\=)?/\\w+/cases/.+","priority":100,"lastUpdated":"2021-09-16 20:57:17","browserSupport":"gcsibv","minVersion":"1.0.0b4.r1","maxVersion":"","inRepository":true}', 1262275200000]

zotero(3)(+0000007): Getting contents of E:\Kumiko\pythonProject\Zotero\tmp\zotero-0.6.0-smoke-data\translators\Bangkok Post.js

zotero(4)(+0000001): REPLACE INTO translatorCache VALUES (?, ?, ?) ['Bangkok Post.js', '{"translatorID":"7f74d823-d2ba-481c-b717-8b12c90ed874","translatorType":4,"label":"Bangkok Post","creator":"Matt Mayer","target":"^https://www\\.bangkokpost\\.com/[a-z0-9-]+/([a-z0-9-]+/)?[0-9]+","priority":100,"lastUpdated":"2024-06-18 20:46:45","browserSupport":"gcsibv","minVersion":"3.0","maxVersion":"","inRepository":true}', 1262275200000]

zotero(3)(+0000007): Getting contents of E:\Kumiko\pythonProject\Zotero\tmp\zotero-0.6.0-smoke-data\translators\Baruch Foundation.js

zotero(4)(+0000001): REPLACE INTO translatorCache VALUES (?, ?, ?) ['Baruch Foundation.js', '{"translatorID":"283d6b78-d3d7-48d4-8fc0-0bdabef7c4ee","translatorType":4,"label":"Baruch Foundation","creator":"Abe Jellinek","target":"^https?://baruchfoundation\\.org/","priority":100,"lastUpdated":"2021-08-20 18:55:13","browserSupport":"gcsibv","minVersion":"3.0","maxVersion":"","inRepository":true}', 1262275200000]

zotero(3)(+0000007): Getting contents of E:\Kumiko\pythonProject\Zotero\tmp\zotero-0.6.0-smoke-data\translators\BBC Genome.js

zotero(4)(+0000001): REPLACE INTO translatorCache VALUES (?, ?, ?) ['BBC Genome.js', '{"translatorID":"777e5ce0-0b16-4a12-8e6c-5a1a2cb33189","translatorType":4,"label":"BBC Genome","creator":"Philipp Zumstein","target":"^https?://genome\\.ch\\.bbc\\.co\\.uk/","priority":100,"lastUpdated":"2017-09-04 22:38:30","browserSupport":"gcsibv","minVersion":"3.0","maxVersion":"","inRepository":true}', 1262275200000]

zotero(3)(+0000009): Getting contents of E:\Kumiko\pythonProject\Zotero\tmp\zotero-0.6.0-smoke-data\translators\BBC.js

zotero(4)(+0000012): REPLACE INTO translatorCache VALUES (?, ?, ?) ['BBC.js', '{"translatorID":"f4130157-93f7-4493-8f24-a7c85549013d","translatorType":4,"label":"BBC","creator":"Philipp Zumstein","target":"^https?://(www|news?)\\.bbc\\.(co\\.uk|com)","priority":100,"lastUpdated":"2019-06-10 21:51:43","browserSupport":"gcsibv","minVersion":"3.0","maxVersion":"","inRepository":true}', 1262275200000]

zotero(3)(+0000007): Getting contents of E:\Kumiko\pythonProject\Zotero\tmp\zotero-0.6.0-smoke-data\translators\beck-online.js

zotero(4)(+0000013): REPLACE INTO translatorCache VALUES (?, ?, ?) ['beck-online.js', '{"translatorID":"e8544423-1515-4daf-bb5d-3202bf422b58","translatorType":4,"label":"beck-online","creator":"Philipp Zumstein","target":"^https?://beck[-.]online\\.beck\\.de/","priority":100,"lastUpdated":"2025-07-09 13:33:45","browserSupport":"gcsibv","minVersion":"3.0","maxVersion":"","inRepository":true}', 1262275200000]

zotero(3)(+0000007): Getting contents of E:\Kumiko\pythonProject\Zotero\tmp\zotero-0.6.0-smoke-data\translators\Beobachter.js

zotero(4)(+0000012): REPLACE INTO translatorCache VALUES (?, ?, ?) ['Beobachter.js', '{"translatorID":"a571680e-6338-46c2-a740-3cd9eb80fc7f","translatorType":4,"label":"Beobachter","creator":"Sebastian Karcher","target":"^https?://((www\\.)?beobachter\\.ch/.)","priority":100,"lastUpdated":"2022-02-05 20:11:36","browserSupport":"gcsibv","minVersion":"2.1.9","maxVersion":"","inRepository":true}', 1262275200000]

zotero(3)(+0000007): Getting contents of E:\Kumiko\pythonProject\Zotero\tmp\zotero-0.6.0-smoke-data\translators\Bezneng Gajit.js

zotero(4)(+0000012): REPLACE INTO translatorCache VALUES (?, ?, ?) ['Bezneng Gajit.js', '{"translatorID":"7500180d-ca99-4ef7-a9a9-3e58bba91d28","translatorType":4,"label":"Bezneng Gajit","creator":"Avram Lyon","target":"^https?://(www\\.)?beznen\\.ru","priority":100,"lastUpdated":"2016-11-01 18:22:20","browserSupport":"gcsbv","minVersion":"1.0","maxVersion":"","inRepository":true}', 1262275200000]

zotero(3)(+0000006): Getting contents of E:\Kumiko\pythonProject\Zotero\tmp\zotero-0.6.0-smoke-data\translators\BibLaTeX.js

zotero(4)(+0000013): REPLACE INTO translatorCache VALUES (?, ?, ?) ['BibLaTeX.js', '{"translatorID":"b6e39b57-8942-4d11-8259-342c46ce395f","translatorType":2,"label":"BibLaTeX","creator":"Simon Kornblith, Richard Karnesky and Anders Johansson","target":"bib","priority":100,"lastUpdated":"2026-04-01 18:00:00","browserSupport":"g","minVersion":"2.1.9","maxVersion":"","inRepository":true,"configOptions":{"getCollections":true},"displayOptions":{"exportCharset":"UTF-8","exportNotes":false,"exportFileData":false,"useJournalAbbreviation":false}}', 1262275200000]

zotero(3)(+0000008): Getting contents of E:\Kumiko\pythonProject\Zotero\tmp\zotero-0.6.0-smoke-data\translators\Biblio.com.js

zotero(4)(+0000001): REPLACE INTO translatorCache VALUES (?, ?, ?) ['Biblio.com.js', '{"translatorID":"9932d1a7-cc6d-4d83-8462-8f6658b13dc0","translatorType":4,"label":"Biblio.com","creator":"Adam Crymble, Michael Berkowitz, Sebastian Karcher, and Abe Jellinek","target":"^https?://www\\.biblio\\.com/","priority":100,"lastUpdated":"2021-07-14 21:52:42","browserSupport":"gcsibv","minVersion":"3.0","maxVersion":"","inRepository":true}', 1262275200000]

zotero(3)(+0000007): Getting contents of E:\Kumiko\pythonProject\Zotero\tmp\zotero-0.6.0-smoke-data\translators\Bibliontology RDF.js

zotero(4)(+0000013): REPLACE INTO translatorCache VALUES (?, ?, ?) ['Bibliontology RDF.js', '{"translatorID":"14763d25-8ba0-45df-8f52-b8d1108e7ac9","translatorType":3,"label":"Bibliontology RDF","creator":"Simon Kornblith","target":"rdf","priority":50,"lastUpdated":"2022-09-30 10:56:50","browserSupport":"gcsibv","minVersion":"2.0","maxVersion":"","inRepository":true,"configOptions":{"getCollections":"true","dataMode":"rdf/xml"},"displayOptions":{"exportNotes":true}}', 1262275200000]

zotero(3)(+0000009): Getting contents of E:\Kumiko\pythonProject\Zotero\tmp\zotero-0.6.0-smoke-data\translators\Biblioteca Nacional de Maestros.js

zotero(4)(+0000001): REPLACE INTO translatorCache VALUES (?, ?, ?) ['Biblioteca Nacional de Maestros.js', '{"translatorID":"b383df35-15e7-43ee-acd9-88fd62669083","translatorType":4,"label":"Biblioteca Nacional de Maestros","creator":"Sebastian Karcher","target":"^https?://www\\.bnm\\.me\\.gov\\.ar/catalogo","priority":100,"lastUpdated":"2020-06-22 00:23:44","browserSupport":"gcsibv","minVersion":"3.0","maxVersion":"","inRepository":true}', 1262275200000]

zotero(3)(+0000007): Getting contents of E:\Kumiko\pythonProject\Zotero\tmp\zotero-0.6.0-smoke-data\translators\Bibliotheque et Archives Nationale du Quebec (Pistard).js

zotero(4)(+0000012): REPLACE INTO translatorCache VALUES (?, ?, ?) ['Bibliotheque et Archives Nationale du Quebec (Pistard).js', '{"translatorID":"1eb5eb03-26ab-4015-bd0d-65487734744a","translatorType":4,"label":"Bibliotheque et Archives Nationale du Quebec (Pistard)","creator":"Adam Crymble","target":"^https?://pistard\\.banq\\.qc\\.ca","priority":100,"lastUpdated":"2008-08-06 17:00:00","browserSupport":"g","minVersion":"1.0.0b4.r5","maxVersion":"","inRepository":true}', 1262275200000]

zotero(3)(+0000007): Getting contents of E:\Kumiko\pythonProject\Zotero\tmp\zotero-0.6.0-smoke-data\translators\Bibliotheque et Archives Nationales du Quebec.js

zotero(4)(+0000012): REPLACE INTO translatorCache VALUES (?, ?, ?) ['Bibliotheque et Archives Nationales du Quebec.js', '{"translatorID":"59cce211-9d77-4cdd-876d-6229ea20367f","translatorType":4,"label":"Bibliothèque et Archives Nationales du Québec","creator":"Adam Crymble","target":"^https?://catalogue\\.banq\\.qc\\.ca/","priority":100,"lastUpdated":"2015-06-29 17:02:02","browserSupport":"gcsibv","minVersion":"3.0","maxVersion":"","inRepository":true}', 1262275200000]

zotero(3)(+0000013): Getting contents of E:\Kumiko\pythonProject\Zotero\tmp\zotero-0.6.0-smoke-data\translators\Bibliotheque nationale de France.js

zotero(4)(+0000013): REPLACE INTO translatorCache VALUES (?, ?, ?) ['Bibliotheque nationale de France.js', '{"translatorID":"47533cd7-ccaa-47a7-81bb-71c45e68a74d","translatorType":4,"label":"Bibliothèque nationale de France","creator":"Florian Ziche, Sylvain Machefert","target":"^https?://[^/]*catalogue\\.bnf\\.fr","priority":100,"lastUpdated":"2024-01-09 03:40:58","browserSupport":"gcsibv","minVersion":"3.0","maxVersion":"","inRepository":true}', 1262275200000]

zotero(3)(+0000007): Getting contents of E:\Kumiko\pythonProject\Zotero\tmp\zotero-0.6.0-smoke-data\translators\BIBSYS.js

zotero(4)(+0000001): REPLACE INTO translatorCache VALUES (?, ?, ?) ['BIBSYS.js', '{"translatorID":"ab961e61-2a8a-4be1-b8a3-044f20d52d78","translatorType":4,"label":"BIBSYS","creator":"Ramesh Srigiriraju","target":"^https?://ask\\.bibsys\\.no/ask/action","priority":100,"lastUpdated":"2021-12-28 04:44:52","browserSupport":"gcsibv","minVersion":"1.0.0b4.r1","maxVersion":"","inRepository":true}', 1262275200000]

zotero(3)(+0000007): Getting contents of E:\Kumiko\pythonProject\Zotero\tmp\zotero-0.6.0-smoke-data\translators\BibTeX.js

zotero(4)(+0000030): REPLACE INTO translatorCache VALUES (?, ?, ?) ['BibTeX.js', '{"translatorID":"9cb70025-a888-4a29-a210-93ec52da40d4","translatorType":3,"label":"BibTeX","creator":"Simon Kornblith, Richard Karnesky and Emiliano heyns","target":"bib","priority":200,"lastUpdated":"2026-04-01 18:00:00","browserSupport":"g","minVersion":"2.1.9","maxVersion":"","inRepository":true,"configOptions":{"async":true,"getCollections":true},"displayOptions":{"exportCharset":"UTF-8","exportNotes":true,"exportFileData":false,"useJournalAbbreviation":false}}', 1262275200000]

zotero(3)(+0000007): Getting contents of E:\Kumiko\pythonProject\Zotero\tmp\zotero-0.6.0-smoke-data\translators\Bioconductor.js

zotero(4)(+0000012): REPLACE INTO translatorCache VALUES (?, ?, ?) ['Bioconductor.js', '{"translatorID":"21f62926-4343-4518-b6f2-a284e650e64a","translatorType":4,"label":"Bioconductor","creator":"Qiang Hu","target":"https?://(www\\.)?bioconductor\\.org/(packages/.*/bioc/html|help/search)/","priority":100,"lastUpdated":"2019-09-17 16:47:07","browserSupport":"gcsibv","minVersion":"3.0","maxVersion":"","inRepository":true}', 1262275200000]

zotero(3)(+0000007): Getting contents of E:\Kumiko\pythonProject\Zotero\tmp\zotero-0.6.0-smoke-data\translators\BioMed Central.js

zotero(4)(+0000012): REPLACE INTO translatorCache VALUES (?, ?, ?) ['BioMed Central.js', '{"translatorID":"75ccea3c-fdb8-4473-8203-ceb27f3395f8","translatorType":4,"label":"BioMed Central","creator":"Philipp Zumstein","target":"^https?://[^\\.]+\\.(biomedcentral|springeropen)\\.com/(articles|search)","priority":100,"lastUpdated":"2020-12-01 16:45:33","browserSupport":"gcsibv","minVersion":"3.0","maxVersion":"","inRepository":true}', 1262275200000]

zotero(3)(+0000008): Getting contents of E:\Kumiko\pythonProject\Zotero\tmp\zotero-0.6.0-smoke-data\translators\BioOne.js

zotero(4)(+0000002): REPLACE INTO translatorCache VALUES (?, ?, ?) ['BioOne.js', '{"translatorID":"7cb0089b-9551-44b2-abca-eb03cbf586d9","translatorType":4,"label":"BioOne","creator":"Michael Berkowitz","target":"^https?://[^/]*www\\.bioone\\.org[^/]*/s","priority":100,"lastUpdated":"2014-04-03 16:38:14","browserSupport":"gcsibv","minVersion":"1.0.0b4.r5","maxVersion":"","inRepository":true}', 1262275200000]

zotero(3)(+0000007): Getting contents of E:\Kumiko\pythonProject\Zotero\tmp\zotero-0.6.0-smoke-data\translators\Blaetter.js

zotero(4)(+0000001): REPLACE INTO translatorCache VALUES (?, ?, ?) ['Blaetter.js', '{"translatorID":"e8e10bd4-fd6f-4297-a060-a8e0a479043f","translatorType":4,"label":"Blaetter fuer deutsche und internationale Politik","creator":"Martin Meyerhoff","target":"^https?://www\\.blaetter\\.de","priority":100,"lastUpdated":"2014-04-03 16:42:18","browserSupport":"gcsibv","minVersion":"1.0","maxVersion":"","inRepository":true}', 1262275200000]

zotero(3)(+0000007): Getting contents of E:\Kumiko\pythonProject\Zotero\tmp\zotero-0.6.0-smoke-data\translators\Blogger.js

zotero(4)(+0000013): REPLACE INTO translatorCache VALUES (?, ?, ?) ['Blogger.js', '{"translatorID":"6f9aa90d-6631-4459-81ef-a0758d2e3921","translatorType":4,"label":"Blogger","creator":"Adam Crymble","target":"\\.blogspot\\.com","priority":100,"lastUpdated":"2016-09-05 23:14:05","browserSupport":"gcsibv","minVersion":"3.0","maxVersion":"","inRepository":true}', 1262275200000]

zotero(3)(+0000007): Getting contents of E:\Kumiko\pythonProject\Zotero\tmp\zotero-0.6.0-smoke-data\translators\Bloomberg.js

zotero(4)(+0000001): REPLACE INTO translatorCache VALUES (?, ?, ?) ['Bloomberg.js', '{"translatorID":"a509f675-cf80-4b70-8cbc-2ea8664dd38f","translatorType":4,"label":"Bloomberg","creator":"Philipp Zumstein","target":"^https?://(www)?\\.bloomberg\\.com","priority":100,"lastUpdated":"2016-09-08 20:56:54","browserSupport":"gcsibv","minVersion":"3.0","maxVersion":"","inRepository":true}', 1262275200000]

zotero(3)(+0000007): Getting contents of E:\Kumiko\pythonProject\Zotero\tmp\zotero-0.6.0-smoke-data\translators\Bloomsbury Food Library.js

zotero(4)(+0000001): REPLACE INTO translatorCache VALUES (?, ?, ?) ['Bloomsbury Food Library.js', '{"translatorID":"0524c89b-2a96-4d81-bb05-ed91ed8b2b47","translatorType":4,"label":"Bloomsbury Food Library","creator":"Abe Jellinek","target":"^https?://(www\\.)?bloomsburyfoodlibrary\\.com/","priority":100,"lastUpdated":"2021-08-03 01:17:12","browserSupport":"gcsibv","minVersion":"3.0","maxVersion":"","inRepository":true}', 1262275200000]

zotero(3)(+0000008): Getting contents of E:\Kumiko\pythonProject\Zotero\tmp\zotero-0.6.0-smoke-data\translators\Bluesky.js

zotero(4)(+0000001): REPLACE INTO translatorCache VALUES (?, ?, ?) ['Bluesky.js', '{"translatorID":"3bba003a-ad42-457e-9ea1-547df39d9d00","translatorType":4,"label":"Bluesky","creator":"Stephan Hügel","target":"^https://bsky\\.app/","priority":100,"lastUpdated":"2025-03-26 14:26:25","browserSupport":"gcsibv","minVersion":"5.0","maxVersion":"","inRepository":true}', 1262275200000]

zotero(3)(+0000007): Getting contents of E:\Kumiko\pythonProject\Zotero\tmp\zotero-0.6.0-smoke-data\translators\BnF ISBN.js

zotero(4)(+0000012): REPLACE INTO translatorCache VALUES (?, ?, ?) ['BnF ISBN.js', '{"translatorID":"f349954c-9957-4b5f-be24-1a8bb52f7fbd","translatorType":8,"label":"BnF ISBN","creator":"Abe Jellinek","target":"","priority":98,"lastUpdated":"2021-07-30 21:23:00","browserSupport":"gcsibv","minVersion":"4.0","maxVersion":"","inRepository":true}', 1262275200000]

zotero(3)(+0000007): Getting contents of E:\Kumiko\pythonProject\Zotero\tmp\zotero-0.6.0-smoke-data\translators\BOCC.js

zotero(4)(+0000001): REPLACE INTO translatorCache VALUES (?, ?, ?) ['BOCC.js', '{"translatorID":"ecd1b7c6-8d31-4056-8c15-1807b2489254","translatorType":4,"label":"BOCC","creator":"José Antonio Meira da Rocha","target":"^https?://[^/]*bocc[^/]*/(_listas|_esp)","priority":100,"lastUpdated":"2014-04-04 10:08:43","browserSupport":"gcsbv","minVersion":"1.0","maxVersion":"","inRepository":true}', 1262275200000]

zotero(3)(+0000007): Getting contents of E:\Kumiko\pythonProject\Zotero\tmp\zotero-0.6.0-smoke-data\translators\BOE.js

zotero(4)(+0000001): REPLACE INTO translatorCache VALUES (?, ?, ?) ['BOE.js', '{"translatorID":"3f1b68b1-8ee7-4ab7-a514-185d72b2f80d","translatorType":4,"label":"BOE","creator":"Félix Brezo (@febrezo)","target":"^https?://([a-z]+\\.)?boe\\.es/","priority":100,"lastUpdated":"2021-07-26 17:07:40","browserSupport":"gcsibv","minVersion":"3.0","maxVersion":"","inRepository":true}', 1262275200000]

zotero(3)(+0000007): Getting contents of E:\Kumiko\pythonProject\Zotero\tmp\zotero-0.6.0-smoke-data\translators\BOFiP-Impots.js

zotero(4)(+0000015): REPLACE INTO translatorCache VALUES (?, ?, ?) ['BOFiP-Impots.js', '{"translatorID":"7d03e952-04ad-4d1d-845a-50b9eb545b10","translatorType":4,"label":"BOFiP-Impôts","creator":"Guillaume Adreani","target":"^https?://bofip\\.impots\\.gouv\\.fr/bofip/","priority":100,"lastUpdated":"2017-01-01 14:53:42","browserSupport":"gcsib","minVersion":"2.1.9","maxVersion":"","inRepository":true}', 1262275200000]

zotero(3)(+0000008): Getting contents of E:\Kumiko\pythonProject\Zotero\tmp\zotero-0.6.0-smoke-data\translators\Bookmarks.js

zotero(4)(+0000013): REPLACE INTO translatorCache VALUES (?, ?, ?) ['Bookmarks.js', '{"translatorID":"4e7119e0-02be-4848-86ef-79a64185aad8","translatorType":3,"label":"Bookmarks","creator":"Avram Lyon","target":"html","priority":100,"lastUpdated":"2022-07-14 20:21:20","browserSupport":"g","minVersion":"2.1b6","maxVersion":"","inRepository":true}', 1262275200000]

zotero(3)(+0000007): Getting contents of E:\Kumiko\pythonProject\Zotero\tmp\zotero-0.6.0-smoke-data\translators\Bookshop.org.js

zotero(4)(+0000012): REPLACE INTO translatorCache VALUES (?, ?, ?) ['Bookshop.org.js', '{"translatorID":"05997944-d1c2-41bf-a399-9932268c81e5","translatorType":4,"label":"Bookshop.org","creator":"Abe Jellinek","target":"^https://bookshop\\.org/books","priority":100,"lastUpdated":"2021-07-01 17:14:32","browserSupport":"gcsibv","minVersion":"3.0","maxVersion":"","inRepository":true}', 1262275200000]

zotero(3)(+0000006): Getting contents of E:\Kumiko\pythonProject\Zotero\tmp\zotero-0.6.0-smoke-data\translators\Boston Review.js

zotero(4)(+0000014): REPLACE INTO translatorCache VALUES (?, ?, ?) ['Boston Review.js', '{"translatorID":"55d28a64-e56e-4d3c-93db-a5fc584776de","translatorType":4,"label":"Boston Review","creator":"Sebastian Karcher","target":"^https?://(www\\.)?bostonreview\\.net/","priority":100,"lastUpdated":"2023-08-18 06:17:49","browserSupport":"gcsibv","minVersion":"6.0","maxVersion":"","inRepository":true}', 1262275200000]

zotero(3)(+0000009): Getting contents of E:\Kumiko\pythonProject\Zotero\tmp\zotero-0.6.0-smoke-data\translators\Bosworth Toller's Anglo-Saxon Dictionary Online.js

zotero(4)(+0000016): REPLACE INTO translatorCache VALUES (?, ?, ?) ['Bosworth Toller's Anglo-Saxon Dictionary Online.js', '{"translatorID":"b2d07a2a-c8c6-4426-ba6b-35f094a4d916","translatorType":4,"label":"Bosworth Toller's Anglo-Saxon Dictionary Online","creator":"Zoë C. Ma","target":"^https://bosworthtoller\\.com/","priority":100,"lastUpdated":"2023-08-18 07:39:58","browserSupport":"gcsibv","minVersion":"5.0","maxVersion":"","inRepository":true}', 1262275200000]

zotero(3)(+0000007): Getting contents of E:\Kumiko\pythonProject\Zotero\tmp\zotero-0.6.0-smoke-data\translators\Bracero History Archive.js

zotero(4)(+0000013): REPLACE INTO translatorCache VALUES (?, ?, ?) ['Bracero History Archive.js', '{"translatorID":"f9373e49-e6ac-46f7-aafe-bb24a2fbc3f0","translatorType":4,"label":"Bracero History Archive","creator":"Adam Crymble","target":"^https?://braceroarchive\\.org","priority":100,"lastUpdated":"2021-12-28 04:32:48","browserSupport":"gcsibv","minVersion":"1.0.0b4.r5","maxVersion":"","inRepository":true}', 1262275200000]

zotero(3)(+0000009): Getting contents of E:\Kumiko\pythonProject\Zotero\tmp\zotero-0.6.0-smoke-data\translators\Brill.js

zotero(4)(+0000012): REPLACE INTO translatorCache VALUES (?, ?, ?) ['Brill.js', '{"translatorID":"6d087de8-f858-4ac5-9fbd-2bf2b35ee41a","translatorType":4,"label":"Brill","creator":"Abe Jellinek","target":"^https?://(www\\.|referenceworks\\.|bibliographies\\.)?brill(online)?\\.com/","priority":100,"lastUpdated":"2024-06-14 15:36:55","browserSupport":"gcsibv","minVersion":"3.0","maxVersion":"","inRepository":true}', 1262275200000]

zotero(3)(+0000007): Getting contents of E:\Kumiko\pythonProject\Zotero\tmp\zotero-0.6.0-smoke-data\translators\Brukerhandboken.js

zotero(4)(+0000001): REPLACE INTO translatorCache VALUES (?, ?, ?) ['Brukerhandboken.js', '{"translatorID":"6c94ba9a-8639-4f58-bea3-076f774cf3a1","translatorType":4,"label":"Brukerhåndboken","creator":"Sondre Bogen-Straume","target":"https://brukerhandboken\\.miraheze\\.org/","priority":100,"lastUpdated":"2024-06-27 16:03:43","browserSupport":"gcsibv","minVersion":"5","maxVersion":"","inRepository":true}', 1262275200000]

zotero(3)(+0000007): Getting contents of E:\Kumiko\pythonProject\Zotero\tmp\zotero-0.6.0-smoke-data\translators\Bryn Mawr Classical Review.js

zotero(4)(+0000013): REPLACE INTO translatorCache VALUES (?, ?, ?) ['Bryn Mawr Classical Review.js', '{"translatorID":"635c1246-e0c8-40a0-8799-a73a0b013ad8","translatorType":4,"label":"Bryn Mawr Classical Review","creator":"Michael Berkowitz, John Muccigrosso, and Abe Jellinek","target":"^https?://bmcr\\.brynmawr\\.edu/","priority":100,"lastUpdated":"2021-06-22 05:27:16","browserSupport":"gcsibv","minVersion":"3.0","maxVersion":"","inRepository":true}', 1262275200000]

zotero(3)(+0000007): Getting contents of E:\Kumiko\pythonProject\Zotero\tmp\zotero-0.6.0-smoke-data\translators\Bundesgesetzblatt.js

zotero(4)(+0000001): REPLACE INTO translatorCache VALUES (?, ?, ?) ['Bundesgesetzblatt.js', '{"translatorID":"e23afbe8-b5cb-42cc-af90-e915b2c00de2","translatorType":4,"label":"Bundesgesetzblatt","creator":"Philipp Zumstein","target":"^https?://www\\.bgbl\\.de/","priority":100,"lastUpdated":"2017-07-22 20:35:31","browserSupport":"gcsibv","minVersion":"4.0","maxVersion":"","inRepository":true}', 1262275200000]

zotero(3)(+0000012): Getting contents of E:\Kumiko\pythonProject\Zotero\tmp\zotero-0.6.0-smoke-data\translators\Business Standard.js

zotero(4)(+0000020): REPLACE INTO translatorCache VALUES (?, ?, ?) ['Business Standard.js', '{"translatorID":"e8d40f4b-c4c9-41ca-a59f-cf4deb3d3dc5","translatorType":4,"label":"Business Standard","creator":"Sebastian Karcher","target":"^https?://www\\.business-standard\\.com","priority":100,"lastUpdated":"2016-11-01 18:25:24","browserSupport":"gcsibv","minVersion":"2.1.9","maxVersion":"","inRepository":true}', 1262275200000]

zotero(3)(+0000009): Getting contents of E:\Kumiko\pythonProject\Zotero\tmp\zotero-0.6.0-smoke-data\translators\CABI - CAB Abstracts.js

zotero(4)(+0000015): REPLACE INTO translatorCache VALUES (?, ?, ?) ['CABI - CAB Abstracts.js', '{"translatorID":"a29d22b3-c2e4-4cc0-ace4-6c2326144332","translatorType":4,"label":"CABI - CAB Abstracts","creator":"Sebastian Karcher","target":"^https?://(www\\.)?cabidirect\\.org/cabdirect","priority":100,"lastUpdated":"2017-06-14 03:41:30","browserSupport":"gcsibv","minVersion":"3.0.4","maxVersion":"","inRepository":true}', 1262275200000]

zotero(3)(+0000007): Getting contents of E:\Kumiko\pythonProject\Zotero\tmp\zotero-0.6.0-smoke-data\translators\Cairn.info.js

zotero(4)(+0000013): REPLACE INTO translatorCache VALUES (?, ?, ?) ['Cairn.info.js', '{"translatorID":"f46cc903-c447-47d6-a2cf-c75ed22dc96b","translatorType":4,"label":"Cairn.info","creator":"Sebastian Karcher, Sylvain Machefert and Nicolas Chachereau","target":"^https?://www\\.cairn\\.info/","priority":100,"lastUpdated":"2023-10-23 08:08:57","browserSupport":"gcsibv","minVersion":"3.0","maxVersion":"","inRepository":true}', 1262275200000]

zotero(3)(+0000007): Getting contents of E:\Kumiko\pythonProject\Zotero\tmp\zotero-0.6.0-smoke-data\translators\Calisphere.js

zotero(4)(+0000012): REPLACE INTO translatorCache VALUES (?, ?, ?) ['Calisphere.js', '{"translatorID":"80505478-d42e-4920-8c33-4f863d4ce513","translatorType":4,"label":"Calisphere","creator":"Abe Jellinek","target":"^https://calisphere\\.org/(item/|search/)","priority":100,"lastUpdated":"2021-07-07 21:01:11","browserSupport":"gcsibv","minVersion":"3.0","maxVersion":"","inRepository":true}', 1262275200000]

zotero(3)(+0000007): Getting contents of E:\Kumiko\pythonProject\Zotero\tmp\zotero-0.6.0-smoke-data\translators\CalMatters.js

zotero(4)(+0000012): REPLACE INTO translatorCache VALUES (?, ?, ?) ['CalMatters.js', '{"translatorID":"64b634ce-3957-4c89-bcce-7603fe552780","translatorType":4,"label":"CalMatters","creator":"Abe Jellinek","target":"^https?://calmatters\\.org/","priority":100,"lastUpdated":"2021-07-07 18:07:46","browserSupport":"gcsibv","minVersion":"3.0","maxVersion":"","inRepository":true}', 1262275200000]

zotero(3)(+0000007): Getting contents of E:\Kumiko\pythonProject\Zotero\tmp\zotero-0.6.0-smoke-data\translators\Camara Brasileira do Livro ISBN.js

zotero(4)(+0000012): REPLACE INTO translatorCache VALUES (?, ?, ?) ['Camara Brasileira do Livro ISBN.js', '{"translatorID":"cdb5c893-ab69-4e96-9b5c-f4456d49ddd8","translatorType":8,"label":"Câmara Brasileira do Livro ISBN","creator":"Abe Jellinek","target":"","priority":98,"lastUpdated":"2023-09-26 16:11:18","browserSupport":"g","minVersion":"5.0","maxVersion":"","inRepository":true}', 1262275200000]

zotero(3)(+0000007): Getting contents of E:\Kumiko\pythonProject\Zotero\tmp\zotero-0.6.0-smoke-data\translators\Cambridge Core.js

zotero(4)(+0000013): REPLACE INTO translatorCache VALUES (?, ?, ?) ['Cambridge Core.js', '{"translatorID":"850f4c5f-71fb-4669-b7da-7fb7a95500ef","translatorType":4,"label":"Cambridge Core","creator":"Sebastian Karcher","target":"^https?://www\\.cambridge\\.org/core/(search\\?|journals/|books/|.+/listing?)","priority":100,"lastUpdated":"2024-11-20 15:43:05","browserSupport":"gcsibv","minVersion":"3.0","maxVersion":"","inRepository":true}', 1262275200000]

zotero(3)(+0000008): Getting contents of E:\Kumiko\pythonProject\Zotero\tmp\zotero-0.6.0-smoke-data\translators\Cambridge Engage Preprints.js

zotero(4)(+0000011): REPLACE INTO translatorCache VALUES (?, ?, ?) ['Cambridge Engage Preprints.js', '{"translatorID":"4338eead-a8b7-431f-8533-ea53062c9f89","translatorType":4,"label":"Cambridge Engage Preprints","creator":"Sebastian Karcher","target":"/engage/[^/]+/(article-details/|search-dashboard\\?)","priority":200,"lastUpdated":"2023-10-23 08:35:07","browserSupport":"gcsibv","minVersion":"5.0","maxVersion":"","inRepository":true}', 1262275200000]

zotero(3)(+0000007): Getting contents of E:\Kumiko\pythonProject\Zotero\tmp\zotero-0.6.0-smoke-data\translators\Canada.com.js

zotero(4)(+0000014): REPLACE INTO translatorCache VALUES (?, ?, ?) ['Canada.com.js', '{"translatorID":"4da40f07-904b-4472-93b6-9bea1fe7d4df","translatorType":4,"label":"Canada.com","creator":"Adam Crymble","target":"^https?://www\\.canada\\.com","priority":100,"lastUpdated":"2021-12-28 04:34:11","browserSupport":"gcsibv","minVersion":"1.0.0b4.r5","maxVersion":"","inRepository":true}', 1262275200000]

zotero(3)(+0000006): Getting contents of E:\Kumiko\pythonProject\Zotero\tmp\zotero-0.6.0-smoke-data\translators\Canadian Letters and Images.js

zotero(4)(+0000001): REPLACE INTO translatorCache VALUES (?, ?, ?) ['Canadian Letters and Images.js', '{"translatorID":"a7c8b759-6f8a-4875-9d6e-cc0a99fe8f43","translatorType":4,"label":"Canadian Letters and Images","creator":"Philipp Zumstein","target":"^https?://(www\\.)?canadianletters\\.ca/","priority":100,"lastUpdated":"2016-09-09 19:45:42","browserSupport":"gcsibv","minVersion":"3.0","maxVersion":"","inRepository":true}', 1262275200000]

zotero(3)(+0000007): Getting contents of E:\Kumiko\pythonProject\Zotero\tmp\zotero-0.6.0-smoke-data\translators\Canadiana.ca.js

zotero(4)(+0000001): REPLACE INTO translatorCache VALUES (?, ?, ?) ['Canadiana.ca.js', '{"translatorID":"2d174277-7651-458f-86dd-20e168d2f1f3","translatorType":4,"label":"Canadiana.ca","creator":"Adam Crymble, Sebastian Karcher","target":"^https?://eco\\.canadiana\\.ca","priority":100,"lastUpdated":"2012-07-03 16:44:04","browserSupport":"gcsibv","minVersion":"1.0.0b4.r5","maxVersion":"","inRepository":true}', 1262275200000]

zotero(3)(+0000007): Getting contents of E:\Kumiko\pythonProject\Zotero\tmp\zotero-0.6.0-smoke-data\translators\CanLII.js

zotero(4)(+0000002): REPLACE INTO translatorCache VALUES (?, ?, ?) ['CanLII.js', '{"translatorID":"84799379-7bc5-4e55-9817-baf297d129fe","translatorType":4,"label":"CanLII","creator":"Sebastian Karcher","target":"^https?://(www\\.)?canlii\\.org/(en|fr)/","priority":100,"lastUpdated":"2023-03-15 05:20:22","browserSupport":"gcsibv","minVersion":"3.0","maxVersion":"","inRepository":true}', 1262275200000]

zotero(3)(+0000007): Getting contents of E:\Kumiko\pythonProject\Zotero\tmp\zotero-0.6.0-smoke-data\translators\CAOD.js

zotero(4)(+0000012): REPLACE INTO translatorCache VALUES (?, ?, ?) ['CAOD.js', '{"translatorID":"d2a9e388-5b79-403a-b4ec-e7099ca1bb7f","translatorType":4,"label":"CAOD","creator":"Guy Aglionby","target":"^https?://caod\\.oriprobe\\.com/articles/","priority":100,"lastUpdated":"2018-09-08 13:38:50","browserSupport":"gcsibv","minVersion":"3.0","maxVersion":"","inRepository":true}', 1262275200000]

zotero(3)(+0000007): Getting contents of E:\Kumiko\pythonProject\Zotero\tmp\zotero-0.6.0-smoke-data\translators\Cascadilla Proceedings Project.js

zotero(4)(+0000013): REPLACE INTO translatorCache VALUES (?, ?, ?) ['Cascadilla Proceedings Project.js', '{"translatorID":"cbed2134-f963-43a0-a8ad-9813e94de9a7","translatorType":4,"label":"Cascadilla Proceedings Project","creator":"Abe Jellinek","target":"^https?://(www\\.)?lingref\\.com/","priority":100,"lastUpdated":"2021-10-29 00:35:04","browserSupport":"gcsibv","minVersion":"3.0","maxVersion":"","inRepository":true}', 1262275200000]

zotero(3)(+0000006): Getting contents of E:\Kumiko\pythonProject\Zotero\tmp\zotero-0.6.0-smoke-data\translators\CBC.js

zotero(4)(+0000013): REPLACE INTO translatorCache VALUES (?, ?, ?) ['CBC.js', '{"translatorID":"03c4b906-8cb2-4850-a771-697cbd92c2a1","translatorType":4,"label":"CBC","creator":"Geoff Banh","target":"^https?:\\/\\/www\\.cbc\\.ca/","priority":100,"lastUpdated":"2024-03-14 20:55:10","browserSupport":"gcsibv","minVersion":"5.0","maxVersion":"","inRepository":true}', 1262275200000]

zotero(3)(+0000007): Getting contents of E:\Kumiko\pythonProject\Zotero\tmp\zotero-0.6.0-smoke-data\translators\CCfr (BnF).js

zotero(4)(+0000012): REPLACE INTO translatorCache VALUES (?, ?, ?) ['CCfr (BnF).js', '{"translatorID":"899d10f5-3f35-40e6-8dfb-f8ee2dfb1849","translatorType":4,"label":"CCfr (BnF)","creator":"Sylvain Machefert, Aurimas Vinckevicius","target":"^https?://ccfr\\.bnf\\.fr/portailccfr/.*\\b(action=search|menu=menu_view_grappage|search\\.jsp)\\b","priority":100,"lastUpdated":"2014-09-18 14:08:05","browserSupport":"g","minVersion":"3.0","maxVersion":"","inRepository":true}', 1262275200000]

zotero(3)(+0000009): Getting contents of E:\Kumiko\pythonProject\Zotero\tmp\zotero-0.6.0-smoke-data\translators\Cell Press.js

zotero(4)(+0000014): REPLACE INTO translatorCache VALUES (?, ?, ?) ['Cell Press.js', '{"translatorID":"f26cfb71-efd7-47ae-a28c-d4d8852096bd","translatorType":4,"label":"Cell Press","creator":"Michael Berkowitz, Sebastian Karcher, Aurimas Vinckevicius","target":"^https?://([^/]*\\.)?cell\\.com","priority":100,"lastUpdated":"2017-06-06 22:03:36","browserSupport":"gcsibv","minVersion":"3.0","maxVersion":"","inRepository":true}', 1262275200000]

zotero(3)(+0000012): Getting contents of E:\Kumiko\pythonProject\Zotero\tmp\zotero-0.6.0-smoke-data\translators\Central and Eastern European Online Library Journals.js

zotero(4)(+0000012): REPLACE INTO translatorCache VALUES (?, ?, ?) ['Central and Eastern European Online Library Journals.js', '{"translatorID":"19cef926-c5b6-42e2-a91c-6f2722f8b36d","translatorType":4,"label":"Central and Eastern European Online Library Journals","creator":"Timotheus Kim","target":"^https?://www\\.ceeol\\.com/search","priority":100,"lastUpdated":"2021-09-22 20:12:37","browserSupport":"gcsibv","minVersion":"3.0","maxVersion":"","inRepository":true}', 1262275200000]

zotero(3)(+0000008): Getting contents of E:\Kumiko\pythonProject\Zotero\tmp\zotero-0.6.0-smoke-data\translators\CERN Document Server.js

zotero(4)(+0000012): REPLACE INTO translatorCache VALUES (?, ?, ?) ['CERN Document Server.js', '{"translatorID":"e4b51f32-bb3f-4d37-a46d-083efe534233","translatorType":4,"label":"CERN Document Server","creator":"Sebastian Karcher","target":"^https?://cds\\.cern\\.ch/(search\\?|collection/|record/)","priority":100,"lastUpdated":"2023-04-13 01:12:36","browserSupport":"gcsibv","minVersion":"5.0","maxVersion":"","inRepository":true}', 1262275200000]

zotero(3)(+0000007): Getting contents of E:\Kumiko\pythonProject\Zotero\tmp\zotero-0.6.0-smoke-data\translators\CEUR Workshop Proceedings.js

zotero(4)(+0000013): REPLACE INTO translatorCache VALUES (?, ?, ?) ['CEUR Workshop Proceedings.js', '{"translatorID":"5f88a099-564d-4885-9a2a-e72939be3a8c","translatorType":4,"label":"CEUR Workshop Proceedings","creator":"Abe Jellinek","target":"https?://ceur-ws\\.org/Vol-","priority":100,"lastUpdated":"2021-08-25 17:43:52","browserSupport":"gcsibv","minVersion":"3.0","maxVersion":"","inRepository":true}', 1262275200000]

zotero(3)(+0000007): Getting contents of E:\Kumiko\pythonProject\Zotero\tmp\zotero-0.6.0-smoke-data\translators\CFF References.js

zotero(4)(+0000001): REPLACE INTO translatorCache VALUES (?, ?, ?) ['CFF References.js', '{"translatorID":"99A6641F-A8C2-4923-9BBB-0DA87F1E5187","translatorType":2,"label":"CFF References","creator":"Sebastian Karcher, Dave Bunten","target":"cff","priority":100,"lastUpdated":"2024-05-17 20:02:13","browserSupport":"g","minVersion":"5.0","maxVersion":"","inRepository":true}', 1262275200000]

zotero(3)(+0000009): Getting contents of E:\Kumiko\pythonProject\Zotero\tmp\zotero-0.6.0-smoke-data\translators\CFF.js

zotero(4)(+0000001): REPLACE INTO translatorCache VALUES (?, ?, ?) ['CFF.js', '{"translatorID":"e782b521-99ed-47c7-b021-62351a0a4f91","translatorType":2,"label":"CFF","creator":"Sebastian Karcher","target":"cff","priority":100,"lastUpdated":"2023-05-04 13:21:10","browserSupport":"g","minVersion":"5.0","maxVersion":"","inRepository":true}', 1262275200000]

zotero(3)(+0000007): Getting contents of E:\Kumiko\pythonProject\Zotero\tmp\zotero-0.6.0-smoke-data\translators\Champlain Society - Collection.js

zotero(4)(+0000001): REPLACE INTO translatorCache VALUES (?, ?, ?) ['Champlain Society - Collection.js', '{"translatorID":"50d3ca81-3c4c-406b-afb2-0fe8105b9b38","translatorType":4,"label":"Champlain Society - Collection","creator":"Adam Crymble","target":"^https?://link\\.library\\.utoronto\\.ca","priority":100,"lastUpdated":"2021-12-28 04:41:28","browserSupport":"gcsibv","minVersion":"1.0.0b4.r5","maxVersion":"","inRepository":true}', 1262275200000]

zotero(3)(+0000007): Getting contents of E:\Kumiko\pythonProject\Zotero\tmp\zotero-0.6.0-smoke-data\translators\ChatGPT.js

zotero(4)(+0000001): REPLACE INTO translatorCache VALUES (?, ?, ?) ['ChatGPT.js', '{"translatorID":"d8a83346-164a-467d-8717-eb96d4dcce6f","translatorType":4,"label":"ChatGPT","creator":"Abe Jellinek","target":"^https://chatgpt\\.com/","priority":100,"lastUpdated":"2025-10-27 15:38:43","browserSupport":"gcsibv","minVersion":"5.0","maxVersion":"","inRepository":true}', 1262275200000]

zotero(3)(+0000008): Getting contents of E:\Kumiko\pythonProject\Zotero\tmp\zotero-0.6.0-smoke-data\translators\Chicago Journal of Theoretical Computer Science.js

zotero(4)(+0000014): REPLACE INTO translatorCache VALUES (?, ?, ?) ['Chicago Journal of Theoretical Computer Science.js', '{"translatorID":"1e2a9aba-eb04-4398-9e3a-630e6132db13","translatorType":4,"label":"Chicago Journal of Theoretical Computer Science","creator":"Morgan Shirley","target":"^https?://cjtcs\\.cs\\.uchicago\\.edu/articles","priority":100,"lastUpdated":"2025-05-14 00:10:19","browserSupport":"gcsibv","minVersion":"5.0","maxVersion":"","inRepository":true}', 1262275200000]

zotero(3)(+0000006): Getting contents of E:\Kumiko\pythonProject\Zotero\tmp\zotero-0.6.0-smoke-data\translators\Christian Science Monitor.js

zotero(4)(+0000018): REPLACE INTO translatorCache VALUES (?, ?, ?) ['Christian Science Monitor.js', '{"translatorID":"04c0db88-a7fc-4d1a-9cf7-471d0990acb1","translatorType":4,"label":"Christian Science Monitor","creator":"Sebastian Karcher","target":"^https?://(features\\.csmonitor|www\\.csmonitor)\\.com","priority":100,"lastUpdated":"2016-11-01 18:26:01","browserSupport":"gcsibv","minVersion":"2.1.9","maxVersion":"","inRepository":true}', 1262275200000]

zotero(3)(+0000009): Getting contents of E:\Kumiko\pythonProject\Zotero\tmp\zotero-0.6.0-smoke-data\translators\Chronicling America.js

zotero(4)(+0000002): REPLACE INTO translatorCache VALUES (?, ?, ?) ['Chronicling America.js', '{"translatorID":"fa8f8274-ada5-415a-96dd-a5c19fce7046","translatorType":4,"label":"Chronicling America","creator":"Sebastian Karcher","target":"^https?://chroniclingamerica\\.loc\\.gov","priority":100,"lastUpdated":"2013-03-31 23:29:08","browserSupport":"gcsibv","minVersion":"3.0","maxVersion":"","inRepository":true}', 1262275200000]

zotero(3)(+0000008): Getting contents of E:\Kumiko\pythonProject\Zotero\tmp\zotero-0.6.0-smoke-data\translators\CIA World Factbook.js

zotero(4)(+0000002): REPLACE INTO translatorCache VALUES (?, ?, ?) ['CIA World Factbook.js', '{"translatorID":"d9d4822f-f69e-4f31-b094-5324b2a04761","translatorType":4,"label":"CIA World Factbook","creator":"Abe Jellinek","target":"^https?://www\\.cia\\.gov/the-world-factbook/countries/","priority":100,"lastUpdated":"2021-07-20 03:58:54","browserSupport":"gcsibv","minVersion":"3.0","maxVersion":"","inRepository":true}', 1262275200000]

zotero(3)(+0000008): Getting contents of E:\Kumiko\pythonProject\Zotero\tmp\zotero-0.6.0-smoke-data\translators\CiNii Research.js

zotero(4)(+0000002): REPLACE INTO translatorCache VALUES (?, ?, ?) ['CiNii Research.js', '{"translatorID":"46291dc3-5cbd-47b7-8af4-d009078186f6","translatorType":4,"label":"CiNii Research","creator":"Michael Berkowitz, Mitsuo Yoshida and Satoshi Ando","target":"^https?://cir\\.nii\\.ac\\.jp/","priority":100,"lastUpdated":"2024-09-26 14:22:20","browserSupport":"gcsibv","minVersion":"1.0.0b4.r5","maxVersion":"","inRepository":true}', 1262275200000]

zotero(3)(+0000007): Getting contents of E:\Kumiko\pythonProject\Zotero\tmp\zotero-0.6.0-smoke-data\translators\Citavi 5 XML.js

zotero(4)(+0000017): REPLACE INTO translatorCache VALUES (?, ?, ?) ['Citavi 5 XML.js', '{"translatorID":"e7243cef-a709-4a46-ba46-1b1318051bec","translatorType":1,"label":"Citavi 5 XML","creator":"Philipp Zumstein, Tomasz Najdek","target":"xml","priority":100,"lastUpdated":"2025-01-04 01:03:00","browserSupport":"g","minVersion":"3.0","maxVersion":"","inRepository":true,"configOptions":{"dataMode":"xml/dom","async":true}}', 1262275200000]

zotero(3)(+0000007): Getting contents of E:\Kumiko\pythonProject\Zotero\tmp\zotero-0.6.0-smoke-data\translators\CiteSeer.js

zotero(4)(+0000017): REPLACE INTO translatorCache VALUES (?, ?, ?) ['CiteSeer.js', '{"translatorID":"fa396dd4-7d04-4f99-95e1-93d6f355441d","translatorType":4,"label":"CiteSeer","creator":"Sebastian Karcher, Guy Aglionby","target":"^https?://citeseerx?\\.ist\\.psu\\.edu","priority":100,"lastUpdated":"2018-01-28 16:31:16","browserSupport":"gcsibv","minVersion":"3.0","maxVersion":"","inRepository":true}', 1262275200000]

zotero(3)(+0000006): Getting contents of E:\Kumiko\pythonProject\Zotero\tmp\zotero-0.6.0-smoke-data\translators\Citizen Lab.js

zotero(4)(+0000015): REPLACE INTO translatorCache VALUES (?, ?, ?) ['Citizen Lab.js', '{"translatorID":"06c372dc-f7e1-454d-b704-401efc78e6eb","translatorType":4,"label":"Citizen Lab","creator":"Abe Jellinek","target":"^https?://citizenlab\\.ca/","priority":100,"lastUpdated":"2021-09-14 01:28:37","browserSupport":"gcsibv","minVersion":"3.0","maxVersion":"","inRepository":true}', 1262275200000]

zotero(3)(+0000005): Getting contents of E:\Kumiko\pythonProject\Zotero\tmp\zotero-0.6.0-smoke-data\translators\Civilization.ca.js

zotero(4)(+0000014): REPLACE INTO translatorCache VALUES (?, ?, ?) ['Civilization.ca.js', '{"translatorID":"8451431a-895f-4732-8339-79eb6756d2f9","translatorType":4,"label":"Civilization.ca","creator":"Adam Crymble","target":"^https?://collections\\.civilization\\.ca","priority":100,"lastUpdated":"2021-12-28 04:38:36","browserSupport":"gcsibv","minVersion":"1.0.0b4.r5","maxVersion":"","inRepository":true}', 1262275200000]

zotero(3)(+0000005): Getting contents of E:\Kumiko\pythonProject\Zotero\tmp\zotero-0.6.0-smoke-data\translators\CLACSO.js

zotero(4)(+0000014): REPLACE INTO translatorCache VALUES (?, ?, ?) ['CLACSO.js', '{"translatorID":"a6f95213-468c-4558-94a3-59b2436cbcdd","translatorType":4,"label":"CLACSO","creator":"Sebastian Karcher","target":"^https?://biblioteca\\.clacso\\.edu\\.ar/gsdl/cgi-bin/","priority":100,"lastUpdated":"2013-02-28 14:47:57","browserSupport":"g","minVersion":"3.0","maxVersion":"","inRepository":true}', 1262275200000]

zotero(3)(+0000007): Getting contents of E:\Kumiko\pythonProject\Zotero\tmp\zotero-0.6.0-smoke-data\translators\CLASE.js

zotero(4)(+0000012): REPLACE INTO translatorCache VALUES (?, ?, ?) ['CLASE.js', '{"translatorID":"1dd21245-29cf-434d-b5b8-49eae0a6912a","translatorType":4,"label":"CLASE","creator":"Sebastian Karcher","target":"^https?://132\\.248\\.9\\.1\\:","priority":100,"lastUpdated":"2013-12-07 15:15:58","browserSupport":"gcsibv","minVersion":"3.0","maxVersion":"","inRepository":true}', 1262275200000]

zotero(3)(+0000009): Getting contents of E:\Kumiko\pythonProject\Zotero\tmp\zotero-0.6.0-smoke-data\translators\Climate Change and Human Health Literature Portal.js

zotero(4)(+0000012): REPLACE INTO translatorCache VALUES (?, ?, ?) ['Climate Change and Human Health Literature Portal.js', '{"translatorID":"0722e1d4-3c3b-47b1-b8b2-1ed986030303","translatorType":4,"label":"Climate Change and Human Health Literature Portal","creator":"Sebastian Karcher","target":"^https?://tools\\.niehs\\.nih\\.gov/cchhl/index\\.cfm","priority":100,"lastUpdated":"2023-08-22 04:14:33","browserSupport":"gcsibv","minVersion":"5.0","maxVersion":"","inRepository":true}', 1262275200000]

zotero(3)(+0000008): Getting contents of E:\Kumiko\pythonProject\Zotero\tmp\zotero-0.6.0-smoke-data\translators\Clinical Key.js

zotero(4)(+0000013): REPLACE INTO translatorCache VALUES (?, ?, ?) ['Clinical Key.js', '{"translatorID":"a55463ba-e403-415b-80d4-284d5f9b4b15","translatorType":4,"label":"Clinical Key","creator":"Jaret M. Karnuta, Mike Davidson","target":"^https?://(www\\.|www-)clinicalkey(\\.|-)com","priority":100,"lastUpdated":"2017-01-30 08:08:52","browserSupport":"gcsibv","minVersion":"3.0","maxVersion":"","inRepository":true}', 1262275200000]

zotero(3)(+0000006): Getting contents of E:\Kumiko\pythonProject\Zotero\tmp\zotero-0.6.0-smoke-data\translators\clinicaltrials.gov.js

zotero(4)(+0000013): REPLACE INTO translatorCache VALUES (?, ?, ?) ['clinicaltrials.gov.js', '{"translatorID":"874d70a0-6b95-4391-a681-c56dabaa1411","translatorType":4,"label":"clinicaltrials.gov","creator":"Ryan Velazquez and contributors","target":"^https://(classic\\.clinicaltrials\\.gov/ct2/(show|results)|(www\\.)?clinicaltrials\\.gov/(study|search))\\b","priority":100,"lastUpdated":"2025-01-10 00:42:22","browserSupport":"gcsibv","minVersion":"5.0","maxVersion":"","inRepository":true}', 1262275200000]

zotero(3)(+0000008): Getting contents of E:\Kumiko\pythonProject\Zotero\tmp\zotero-0.6.0-smoke-data\translators\CNKI.js

zotero(4)(+0000012): REPLACE INTO translatorCache VALUES (?, ?, ?) ['CNKI.js', '{"translatorID":"5c95b67b-41c5-4f55-b71a-48d5d7183063","translatorType":4,"label":"CNKI","creator":"Aurimas Vinckevicius, Xingzhong Lin, Zoë C. Ma","target":"^https?://([^/]+\\.)?cnki\\.net","priority":100,"lastUpdated":"2023-11-27 05:30:22","browserSupport":"gcsibv","minVersion":"3.0","maxVersion":"","inRepository":true}', 1262275200000]

zotero(3)(+0000007): Getting contents of E:\Kumiko\pythonProject\Zotero\tmp\zotero-0.6.0-smoke-data\translators\COBISS.js

zotero(4)(+0000014): REPLACE INTO translatorCache VALUES (?, ?, ?) ['COBISS.js', '{"translatorID":"ceace65b-4daf-4200-a617-a6bf24c75607","translatorType":4,"label":"COBISS","creator":"Brendan O'Connell","target":"^https?://plus\\.cobiss\\.net/cobiss","priority":100,"lastUpdated":"2023-08-17 18:57:34","browserSupport":"gcsibv","minVersion":"5.0","maxVersion":"","inRepository":true}', 1262275200000]

zotero(3)(+0000007): Getting contents of E:\Kumiko\pythonProject\Zotero\tmp\zotero-0.6.0-smoke-data\translators\Code4Lib Journal.js

zotero(4)(+0000001): REPLACE INTO translatorCache VALUES (?, ?, ?) ['Code4Lib Journal.js', '{"translatorID":"a326fc49-60c2-405b-8f44-607e5d18b9ad","translatorType":4,"label":"Code4Lib Journal","creator":"Michael Berkowitz","target":"^https?://journal\\.code4lib\\.org/","priority":100,"lastUpdated":"2018-08-23 11:15:21","browserSupport":"gcsibv","minVersion":"3.0","maxVersion":"","inRepository":true}', 1262275200000]

zotero(3)(+0000008): Getting contents of E:\Kumiko\pythonProject\Zotero\tmp\zotero-0.6.0-smoke-data\translators\COinS.js

zotero(4)(+0000012): REPLACE INTO translatorCache VALUES (?, ?, ?) ['COinS.js', '{"translatorID":"05d07af9-105a-4572-99f6-a8e231c0daef","translatorType":6,"label":"COinS","creator":"Simon Kornblith","target":"","priority":310,"lastUpdated":"2021-06-01 17:38:46","browserSupport":"gcsv","minVersion":"2.1","maxVersion":"","inRepository":true}', 1262275200000]

zotero(3)(+0000007): Getting contents of E:\Kumiko\pythonProject\Zotero\tmp\zotero-0.6.0-smoke-data\translators\Colorado State Legislature.js

zotero(4)(+0000011): REPLACE INTO translatorCache VALUES (?, ?, ?) ['Colorado State Legislature.js', '{"translatorID":"1a615592-77b0-4715-a509-702b66196ff1","translatorType":4,"label":"Colorado State Legislature","creator":"Andrew Schwartz","target":"^https?://leg\\.colorado\\.gov/(bills|bill-search)","priority":100,"lastUpdated":"2021-08-18 19:52:53","browserSupport":"gcsibv","minVersion":"3.0","maxVersion":"","inRepository":true}', 1262275200000]

zotero(3)(+0000007): Getting contents of E:\Kumiko\pythonProject\Zotero\tmp\zotero-0.6.0-smoke-data\translators\Columbia University Press.js

zotero(4)(+0000011): REPLACE INTO translatorCache VALUES (?, ?, ?) ['Columbia University Press.js', '{"translatorID":"a75e0594-a9e8-466e-9ce8-c10560ea59fd","translatorType":4,"label":"Columbia University Press","creator":"Philipp Zumstein","target":"^https?://(www\\.)?cup\\.columbia\\.edu/","priority":100,"lastUpdated":"2016-09-10 11:35:07","browserSupport":"gcsibv","minVersion":"3.0","maxVersion":"","inRepository":true}', 1262275200000]

zotero(3)(+0000008): Getting contents of E:\Kumiko\pythonProject\Zotero\tmp\zotero-0.6.0-smoke-data\translators\Common-Place.js

zotero(4)(+0000001): REPLACE INTO translatorCache VALUES (?, ?, ?) ['Common-Place.js', '{"translatorID":"c3edb423-f267-47a1-a8c2-158c247f87c2","translatorType":4,"label":"Common-Place","creator":"Frederick Gibbs, Philipp Zumstein","target":"^https?://(www\\.)?(common-place\\.org/|common-place-archives\\.org/)","priority":100,"lastUpdated":"2016-09-10 09:34:34","browserSupport":"gcsibv","minVersion":"3.0","maxVersion":"","inRepository":true}', 1262275200000]

zotero(3)(+0000007): Getting contents of E:\Kumiko\pythonProject\Zotero\tmp\zotero-0.6.0-smoke-data\translators\Computer History Museum Archive.js

zotero(4)(+0000011): REPLACE INTO translatorCache VALUES (?, ?, ?) ['Computer History Museum Archive.js', '{"translatorID":"f3b81c4e-28b4-41ae-9824-55739fe9c91a","translatorType":4,"label":"Computer History Museum Archive","creator":"Bo An","target":"^https?://www\\.computerhistory\\.org/collections/","priority":100,"lastUpdated":"2021-06-07 16:40:38","browserSupport":"gcsibv","minVersion":"3.0","maxVersion":"","inRepository":true}', 1262275200000]

zotero(3)(+0000009): Getting contents of E:\Kumiko\pythonProject\Zotero\tmp\zotero-0.6.0-smoke-data\translators\Copernicus.js

zotero(4)(+0000012): REPLACE INTO translatorCache VALUES (?, ?, ?) ['Copernicus.js', '{"translatorID":"8082115d-5bc6-4517-a4e8-abed1b2a784a","translatorType":4,"label":"Copernicus","creator":"Abe Jellinek","target":"^https?://[^./]+\\.copernicus\\.org/","priority":100,"lastUpdated":"2023-01-25 15:59:41","browserSupport":"gcsibv","minVersion":"2.1","maxVersion":"","inRepository":true}', 1262275200000]

zotero(3)(+0000007): Getting contents of E:\Kumiko\pythonProject\Zotero\tmp\zotero-0.6.0-smoke-data\translators\Cornell LII.js

zotero(4)(+0000012): REPLACE INTO translatorCache VALUES (?, ?, ?) ['Cornell LII.js', '{"translatorID":"930d49bc-44a1-4c22-9dde-aa6f72fb11e5","translatorType":4,"label":"Cornell LII","creator":"Bill McKinney","target":"^https?://www\\.law\\.cornell\\.edu/supct/.+","priority":100,"lastUpdated":"2013-02-09 12:09:10","browserSupport":"gcsbv","minVersion":"3.0","maxVersion":"","inRepository":true}', 1262275200000]

zotero(3)(+0000008): Getting contents of E:\Kumiko\pythonProject\Zotero\tmp\zotero-0.6.0-smoke-data\translators\Cornell University Press.js

zotero(4)(+0000011): REPLACE INTO translatorCache VALUES (?, ?, ?) ['Cornell University Press.js', '{"translatorID":"4363275e-5cc5-4627-9a7f-951fb58a02c3","translatorType":4,"label":"Cornell University Press","creator":"Sebastian Karcer","target":"^https?://www\\.cornellpress\\.cornell\\.edu/","priority":100,"lastUpdated":"2016-09-10 11:32:31","browserSupport":"gcsibv","minVersion":"3.0","maxVersion":"","inRepository":true}', 1262275200000]

zotero(3)(+0000007): Getting contents of E:\Kumiko\pythonProject\Zotero\tmp\zotero-0.6.0-smoke-data\translators\CourtListener.js

zotero(4)(+0000011): REPLACE INTO translatorCache VALUES (?, ?, ?) ['CourtListener.js', '{"translatorID":"07890a30-866e-452a-ac3e-c19fcb39b597","translatorType":4,"label":"CourtListener","creator":"Sebastian Karcher","target":"^https?://www\\.courtlistener\\.com/","priority":100,"lastUpdated":"2025-04-29 03:02:00","browserSupport":"gcsibv","minVersion":"5.0","maxVersion":"","inRepository":true}', 1262275200000]

zotero(3)(+0000007): Getting contents of E:\Kumiko\pythonProject\Zotero\tmp\zotero-0.6.0-smoke-data\translators\CQ Press.js

zotero(4)(+0000013): REPLACE INTO translatorCache VALUES (?, ?, ?) ['CQ Press.js', '{"translatorID":"0de4cddf-be9d-4e1e-9b51-891b7a4bb136","translatorType":4,"label":"CQ Press","creator":"Abe Jellinek","target":"^https?://library\\.cqpress\\.com/","priority":100,"lastUpdated":"2021-09-01 21:06:24","browserSupport":"gcsibv","minVersion":"3.0","maxVersion":"","inRepository":true}', 1262275200000]

zotero(3)(+0000007): Getting contents of E:\Kumiko\pythonProject\Zotero\tmp\zotero-0.6.0-smoke-data\translators\CROSBI.js

zotero(4)(+0000013): REPLACE INTO translatorCache VALUES (?, ?, ?) ['CROSBI.js', '{"translatorID":"fcabdbd7-e3e8-4f4a-9d78-25296417bdc5","translatorType":4,"label":"CROSBI","creator":"Abe Jellinek","target":"^https?://www\\.bib\\.irb\\.hr/","priority":100,"lastUpdated":"2021-07-09 22:29:09","browserSupport":"gcsibv","minVersion":"3.0","maxVersion":"","inRepository":true}', 1262275200000]

zotero(3)(+0000030): Getting contents of E:\Kumiko\pythonProject\Zotero\tmp\zotero-0.6.0-smoke-data\translators\Crossref REST.js

zotero(4)(+0000015): REPLACE INTO translatorCache VALUES (?, ?, ?) ['Crossref REST.js', '{"translatorID":"0a61e167-de9a-4f93-a68a-628b48855909","translatorType":8,"label":"Crossref REST","creator":"Martynas Bagdonas","target":"","priority":90,"lastUpdated":"2025-08-03 05:38:26","browserSupport":"g","minVersion":"5.0.0","maxVersion":"","inRepository":true}', 1262275200000]

zotero(3)(+0000014): Getting contents of E:\Kumiko\pythonProject\Zotero\tmp\zotero-0.6.0-smoke-data\translators\Crossref Unixref XML.js

zotero(4)(+0000015): REPLACE INTO translatorCache VALUES (?, ?, ?) ['Crossref Unixref XML.js', '{"translatorID":"93514073-b541-4e02-9180-c36d2f3bb401","translatorType":1,"label":"Crossref Unixref XML","creator":"Sebastian Karcher","target":"xml","priority":100,"lastUpdated":"2024-10-30 12:58:25","browserSupport":"g","minVersion":"3.0","maxVersion":"","inRepository":true,"configOptions":{"dataMode":"xml/dom"}}', 1262275200000]

zotero(3)(+0000007): Getting contents of E:\Kumiko\pythonProject\Zotero\tmp\zotero-0.6.0-smoke-data\translators\CSIRO Publishing.js

zotero(4)(+0000013): REPLACE INTO translatorCache VALUES (?, ?, ?) ['CSIRO Publishing.js', '{"translatorID":"303c2744-ea37-4806-853d-e1ca67be6818","translatorType":4,"label":"CSIRO Publishing","creator":"Michael Berkowitz","target":"^https?://(www\\.)?publish\\.csiro\\.au/","priority":100,"lastUpdated":"2021-06-07 16:46:32","browserSupport":"gcsibv","minVersion":"1.0.0b4.r5","maxVersion":"","inRepository":true}', 1262275200000]

zotero(3)(+0000007): Getting contents of E:\Kumiko\pythonProject\Zotero\tmp\zotero-0.6.0-smoke-data\translators\CSL JSON.js

zotero(4)(+0000013): REPLACE INTO translatorCache VALUES (?, ?, ?) ['CSL JSON.js', '{"translatorID":"bc03b4fe-436d-4a1f-ba59-de4d2d7a63f7","translatorType":3,"label":"CSL JSON","creator":"Simon Kornblith","target":"json","priority":100,"lastUpdated":"2022-09-20 13:32:25","browserSupport":"g","minVersion":"4.0.27","maxVersion":"","inRepository":true,"configOptions":{"async":true}}', 1262275200000]

zotero(3)(+0000008): Getting contents of E:\Kumiko\pythonProject\Zotero\tmp\zotero-0.6.0-smoke-data\translators\CSV.js

zotero(4)(+0000014): REPLACE INTO translatorCache VALUES (?, ?, ?) ['CSV.js', '{"translatorID":"25f4c5e2-d790-4daa-a667-797619c7e2f2","translatorType":2,"label":"CSV","creator":"Philipp Zumstein and Aurimas Vinckevicius","target":"csv","priority":100,"lastUpdated":"2022-06-28 19:45:59","browserSupport":"g","minVersion":"4.0.26","maxVersion":"","inRepository":true,"displayOptions":{"exportCharset":"UTF-8xBOM","exportNotes":false}}', 1262275200000]

zotero(3)(+0000007): Getting contents of E:\Kumiko\pythonProject\Zotero\tmp\zotero-0.6.0-smoke-data\translators\Current Affairs.js

zotero(4)(+0000013): REPLACE INTO translatorCache VALUES (?, ?, ?) ['Current Affairs.js', '{"translatorID":"f16f8542-9038-492d-8669-7ffe40869294","translatorType":4,"label":"Current Affairs","creator":"Abe Jellinek","target":"^https?://www\\.currentaffairs\\.org/","priority":100,"lastUpdated":"2021-08-07 00:42:35","browserSupport":"gcsibv","minVersion":"3.0","maxVersion":"","inRepository":true}', 1262275200000]

zotero(3)(+0000007): Getting contents of E:\Kumiko\pythonProject\Zotero\tmp\zotero-0.6.0-smoke-data\translators\DABI.js

zotero(4)(+0000013): REPLACE INTO translatorCache VALUES (?, ?, ?) ['DABI.js', '{"translatorID":"5cf8bb21-e350-444f-b9b4-f46d9fab7827","translatorType":4,"label":"DABI","creator":"Jens Mittelbach","target":"^https?://dabi\\.ib\\.hu-berlin\\.de/","priority":100,"lastUpdated":"2021-09-10 18:58:10","browserSupport":"gcsibv","minVersion":"3.0","maxVersion":"","inRepository":true}', 1262275200000]

zotero(3)(+0000008): Getting contents of E:\Kumiko\pythonProject\Zotero\tmp\zotero-0.6.0-smoke-data\translators\Dagens Nyheter.js

zotero(4)(+0000013): REPLACE INTO translatorCache VALUES (?, ?, ?) ['Dagens Nyheter.js', '{"translatorID":"192a29de-3d6e-4850-984f-943764126429","translatorType":4,"label":"Dagens Nyheter","creator":"Sebastian Berlin","target":"^https?://www\\.dn\\.se/(nyheter|ekonomi|kultur-noje|sport|sok)/","priority":100,"lastUpdated":"2018-07-19 12:35:38","browserSupport":"gcsibv","minVersion":"3.0","maxVersion":"","inRepository":true}', 1262275200000]

zotero(3)(+0000008): Getting contents of E:\Kumiko\pythonProject\Zotero\tmp\zotero-0.6.0-smoke-data\translators\Dagstuhl Research Online Publication Server.js

zotero(4)(+0000011): REPLACE INTO translatorCache VALUES (?, ?, ?) ['Dagstuhl Research Online Publication Server.js', '{"translatorID":"0526c18d-8dc8-40c9-8314-399e0b743a4d","translatorType":4,"label":"Dagstuhl Research Online Publication Server","creator":"Philipp Zumstein","target":"^https?://(www\\.)?drops\\.dagstuhl\\.de/","priority":100,"lastUpdated":"2025-07-19 19:20:18","browserSupport":"gcsibv","minVersion":"6.0","maxVersion":"","inRepository":true}', 1262275200000]

zotero(3)(+0000007): Getting contents of E:\Kumiko\pythonProject\Zotero\tmp\zotero-0.6.0-smoke-data\translators\DAI-Zenon.js

zotero(4)(+0000013): REPLACE INTO translatorCache VALUES (?, ?, ?) ['DAI-Zenon.js', '{"translatorID":"16199bf0-a365-4aad-baeb-225019ae32dc","translatorType":4,"label":"DAI-Zenon","creator":"Philipp Zumstein, Sebastian Karcher","target":"^https?://zenon\\.dainst\\.org/(Record/|Search/)","priority":100,"lastUpdated":"2020-10-13 15:24:32","browserSupport":"gcsibv","minVersion":"3.0","maxVersion":"","inRepository":true}', 1262275200000]

zotero(3)(+0000007): Getting contents of E:\Kumiko\pythonProject\Zotero\tmp\zotero-0.6.0-smoke-data\translators\Dar Almandumah.js

zotero(4)(+0000012): REPLACE INTO translatorCache VALUES (?, ?, ?) ['Dar Almandumah.js', '{"translatorID":"721a6b6e-d584-4252-b319-7ea46a8b02a7","translatorType":4,"label":"Dar Almandumah","creator":"Abe Jellinek","target":"^https?://search\\.mandumah\\.com/(Search|Record)/","priority":100,"lastUpdated":"2021-07-30 23:08:33","browserSupport":"gcsibv","minVersion":"3.0","maxVersion":"","inRepository":true}', 1262275200000]

zotero(3)(+0000007): Getting contents of E:\Kumiko\pythonProject\Zotero\tmp\zotero-0.6.0-smoke-data\translators\DART-Europe.js

zotero(4)(+0000001): REPLACE INTO translatorCache VALUES (?, ?, ?) ['DART-Europe.js', '{"translatorID":"658f2707-bb46-44eb-af0a-e73a5387fc90","translatorType":4,"label":"DART-Europe","creator":"Sebastian Karcher","target":"^https?://www\\.dart-europe\\.org","priority":100,"lastUpdated":"2022-05-04 03:09:28","browserSupport":"gcsibv","minVersion":"3.0","maxVersion":"","inRepository":true}', 1262275200000]

zotero(3)(+0000007): Getting contents of E:\Kumiko\pythonProject\Zotero\tmp\zotero-0.6.0-smoke-data\translators\Data.gov.js

zotero(4)(+0000001): REPLACE INTO translatorCache VALUES (?, ?, ?) ['Data.gov.js', '{"translatorID":"162b43d7-e29d-4cf0-9e05-85e472613430","translatorType":4,"label":"Data.gov","creator":"Abe Jellinek","target":"^https?://catalog\\.data\\.gov/dataset","priority":100,"lastUpdated":"2021-07-21 21:34:07","browserSupport":"gcsibv","minVersion":"3.0","maxVersion":"","inRepository":true}', 1262275200000]

zotero(3)(+0000007): Getting contents of E:\Kumiko\pythonProject\Zotero\tmp\zotero-0.6.0-smoke-data\translators\Databrary.js

zotero(4)(+0000001): REPLACE INTO translatorCache VALUES (?, ?, ?) ['Databrary.js', '{"translatorID":"45ece855-7303-41d2-8c9f-1151f684943c","translatorType":4,"label":"Databrary","creator":"Sebastian Karcher","target":"^https?://nyu\\.databrary\\.org/(volume|search)","priority":100,"lastUpdated":"2023-04-19 16:49:05","browserSupport":"gcsibv","minVersion":"5.0","maxVersion":"","inRepository":true}', 1262275200000]

zotero(3)(+0000007): Getting contents of E:\Kumiko\pythonProject\Zotero\tmp\zotero-0.6.0-smoke-data\translators\Datacite JSON.js

zotero(4)(+0000032): REPLACE INTO translatorCache VALUES (?, ?, ?) ['Datacite JSON.js', '{"translatorID":"b5b5808b-1c61-473d-9a02-e1f5ba7b8eef","translatorType":1,"label":"Datacite JSON","creator":"Philipp Zumstein","target":"json","priority":100,"lastUpdated":"2025-04-29 03:02:00","browserSupport":"g","minVersion":"3.0","maxVersion":"","inRepository":true}', 1262275200000]

zotero(3)(+0000006): Getting contents of E:\Kumiko\pythonProject\Zotero\tmp\zotero-0.6.0-smoke-data\translators\Dataverse.js

zotero(4)(+0000010): REPLACE INTO translatorCache VALUES (?, ?, ?) ['Dataverse.js', '{"translatorID":"aedf3fb0-9a50-47b3-ba2f-3206552b82a9","translatorType":4,"label":"Dataverse","creator":"Abe Jellinek, Sebastian Karcher","target":"^https?://(www\\.)?((open|research-?|hei|planetary-|osna|in|bonn|borealis|lida\\.|archaeology\\.|entrepot\\.recherche\\.|archive\\.|redape\\.)?(data|e?da[td]os)|dvn|sodha\\.be|repositorio(\\.|dedados|pesquisas)|abacus\\.library\\.ubc\\.ca|dorel\\.univ-lorraine\\.fr|darus\\.uni-stuttgart\\.de|dunas\\.ua\\.pt|edmond\\.mpdl\\.mpg\\.de|keen\\.zih\\.tu-dresden\\.de|rdr\\.kuleuven\\.be|portal\\.odissei\\.nl)","priority":100,"lastUpdated":"2023-05-01 12:09:04","browserSupport":"gcsibv","minVersion":"3.0","maxVersion":"","inRepository":true}', 1262275200000]

zotero(3)(+0000008): Getting contents of E:\Kumiko\pythonProject\Zotero\tmp\zotero-0.6.0-smoke-data\translators\Daum News.js

zotero(4)(+0000001): REPLACE INTO translatorCache VALUES (?, ?, ?) ['Daum News.js', '{"translatorID":"f2d6c94f-ac75-4862-9364-45fb72c8e1ca","translatorType":4,"label":"Daum News","creator":"Kagami Sascha Rosylight","target":"^https?://news\\.v\\.daum\\.net/v/","priority":100,"lastUpdated":"2021-06-07 16:41:08","browserSupport":"gcsibv","minVersion":"3.0","maxVersion":"","inRepository":true}', 1262275200000]

zotero(3)(+0000007): Getting contents of E:\Kumiko\pythonProject\Zotero\tmp\zotero-0.6.0-smoke-data\translators\DBLP Computer Science Bibliography.js

zotero(4)(+0000012): REPLACE INTO translatorCache VALUES (?, ?, ?) ['DBLP Computer Science Bibliography.js', '{"translatorID":"625c6435-e235-4402-a48f-3095a9c1a09c","translatorType":4,"label":"DBLP Computer Science Bibliography","creator":"Sebastian Karcher, Philipp Zumstein, and Abe Jellinek","target":"^https?://(www\\.)?(dblp\\d?(\\.org|\\.uni-trier\\.de/|\\.dagstuhl\\.de/))","priority":100,"lastUpdated":"2023-04-20 13:37:43","browserSupport":"gcsibv","minVersion":"3.0","maxVersion":"","inRepository":true}', 1262275200000]

zotero(3)(+0000007): Getting contents of E:\Kumiko\pythonProject\Zotero\tmp\zotero-0.6.0-smoke-data\translators\DBpia.js

zotero(4)(+0000011): REPLACE INTO translatorCache VALUES (?, ?, ?) ['DBpia.js', '{"translatorID":"0c31f371-e012-4b1c-b793-f89ab1ae2610","translatorType":4,"label":"DBpia","creator":"Yunwoo Song, Philipp Zumstein","target":"^https?://[^/]+\\.dbpia\\.co\\.kr/","priority":100,"lastUpdated":"2021-09-14 00:23:40","browserSupport":"gcsibv","minVersion":"3.0","maxVersion":"","inRepository":true}', 1262275200000]

zotero(3)(+0000008): Getting contents of E:\Kumiko\pythonProject\Zotero\tmp\zotero-0.6.0-smoke-data\translators\De Gruyter Brill.js

zotero(4)(+0000014): REPLACE INTO translatorCache VALUES (?, ?, ?) ['De Gruyter Brill.js', '{"translatorID":"2a5dc3ed-ee5e-4bfb-baad-36ae007e40ce","translatorType":4,"label":"De Gruyter Brill","creator":"Abe Jellinek","target":"^https?://www\\.degruyterbrill\\.com/","priority":100,"lastUpdated":"2026-01-23 15:59:51","browserSupport":"gcsibv","minVersion":"2.1.9","maxVersion":"","inRepository":true}', 1262275200000]

zotero(3)(+0000007): Getting contents of E:\Kumiko\pythonProject\Zotero\tmp\zotero-0.6.0-smoke-data\translators\Defense Technical Information Center.js

zotero(4)(+0000013): REPLACE INTO translatorCache VALUES (?, ?, ?) ['Defense Technical Information Center.js', '{"translatorID":"99be9976-2ff9-40df-96e8-82edfa79d9f3","translatorType":4,"label":"Defense Technical Information Center","creator":"Matt Burton","target":"^https?://oai\\.dtic\\.mil/oai/","priority":100,"lastUpdated":"2013-01-09 15:36:32","browserSupport":"gcsibv","minVersion":"3.0","maxVersion":"","inRepository":true}', 1262275200000]

zotero(3)(+0000007): Getting contents of E:\Kumiko\pythonProject\Zotero\tmp\zotero-0.6.0-smoke-data\translators\dejure.org.js

zotero(4)(+0000001): REPLACE INTO translatorCache VALUES (?, ?, ?) ['dejure.org.js', '{"translatorID":"16c7d938-5f77-4fb5-99a1-bcec6fdafe84","translatorType":4,"label":"dejure.org","creator":"Philipp Zumstein","target":"^https?://dejure\\.org/","priority":100,"lastUpdated":"2017-01-16 20:00:51","browserSupport":"gcsibv","minVersion":"3.0","maxVersion":"","inRepository":true}', 1262275200000]

zotero(3)(+0000007): Getting contents of E:\Kumiko\pythonProject\Zotero\tmp\zotero-0.6.0-smoke-data\translators\Delpher.js

zotero(4)(+0000012): REPLACE INTO translatorCache VALUES (?, ?, ?) ['Delpher.js', '{"translatorID":"c4008cc5-9243-4d13-8b35-562cdd184558","translatorType":4,"label":"Delpher","creator":"Philipp Zumstein","target":"^https?://[^\\/]+\\.delpher\\.nl","priority":100,"lastUpdated":"2022-01-20 14:35:30","browserSupport":"gcsibv","minVersion":"3.0","maxVersion":"","inRepository":true}', 1262275200000]

zotero(3)(+0000007): Getting contents of E:\Kumiko\pythonProject\Zotero\tmp\zotero-0.6.0-smoke-data\translators\Demographic Research.js

zotero(4)(+0000001): REPLACE INTO translatorCache VALUES (?, ?, ?) ['Demographic Research.js', '{"translatorID":"ed317bdd-0416-4762-856d-435004a9f05c","translatorType":4,"label":"Demographic Research","creator":"Sebatian Karcher","target":"^https?://www\\.demographic-research\\.org","priority":100,"lastUpdated":"2018-05-05 11:04:17","browserSupport":"gcsibv","minVersion":"3.0","maxVersion":"","inRepository":true}', 1262275200000]

zotero(3)(+0000007): Getting contents of E:\Kumiko\pythonProject\Zotero\tmp\zotero-0.6.0-smoke-data\translators\Denik CZ.js

zotero(4)(+0000001): REPLACE INTO translatorCache VALUES (?, ?, ?) ['Denik CZ.js', '{"translatorID":"4ed446ca-b480-43ee-a8fb-5f9730915edc","translatorType":4,"label":"Denik CZ","creator":"Jiří Sedláček, Philipp Zumstein","target":"^https?://[^/]*denik\\.cz","priority":100,"lastUpdated":"2018-01-07 09:27:42","browserSupport":"gcsibv","minVersion":"3.0","maxVersion":"","inRepository":true}', 1262275200000]

zotero(3)(+0000008): Getting contents of E:\Kumiko\pythonProject\Zotero\tmp\zotero-0.6.0-smoke-data\translators\DEPATISnet.js

zotero(4)(+0000012): REPLACE INTO translatorCache VALUES (?, ?, ?) ['DEPATISnet.js', '{"translatorID":"d76fea32-fe20-4c00-b5b9-bea8c688c2b0","translatorType":4,"label":"DEPATISnet","creator":"Klaus Flittner","target":"^https?://depatisnet\\.dpma\\.de/DepatisNet/depatisnet","priority":100,"lastUpdated":"2019-12-07 20:44:27","browserSupport":"gcsibv","minVersion":"3.0","maxVersion":"","inRepository":true}', 1262275200000]

zotero(3)(+0000007): Getting contents of E:\Kumiko\pythonProject\Zotero\tmp\zotero-0.6.0-smoke-data\translators\Der Freitag.js

zotero(4)(+0000001): REPLACE INTO translatorCache VALUES (?, ?, ?) ['Der Freitag.js', '{"translatorID":"1ab8b9a4-72b5-4ef4-adc8-4956a50718f7","translatorType":4,"label":"Der Freitag","creator":"Sebastian Karcher","target":"^https?://www\\.freitag\\.de","priority":100,"lastUpdated":"2022-04-15 16:29:59","browserSupport":"gcsibv","minVersion":"2.1.9","maxVersion":"","inRepository":true}', 1262275200000]

zotero(3)(+0000008): Getting contents of E:\Kumiko\pythonProject\Zotero\tmp\zotero-0.6.0-smoke-data\translators\Der Spiegel.js

zotero(4)(+0000012): REPLACE INTO translatorCache VALUES (?, ?, ?) ['Der Spiegel.js', '{"translatorID":"eef50507-c756-4081-86fd-700ae4ebf22e","translatorType":4,"label":"Der Spiegel","creator":"Martin Meyerhoff and Abe Jellinek","target":"^https?://www\\.spiegel\\.de/","priority":100,"lastUpdated":"2021-07-05 17:55:21","browserSupport":"gcsibv","minVersion":"3.0","maxVersion":"","inRepository":true}', 1262275200000]

zotero(3)(+0000007): Getting contents of E:\Kumiko\pythonProject\Zotero\tmp\zotero-0.6.0-smoke-data\translators\Desiring God.js

zotero(4)(+0000001): REPLACE INTO translatorCache VALUES (?, ?, ?) ['Desiring God.js', '{"translatorID":"48105411-e76d-47a7-b538-07e9a59be234","translatorType":4,"label":"Desiring God","creator":"Luke van der Hoeven","target":"^https?://(www\\.)?desiringgod\\.org/","priority":100,"lastUpdated":"2021-06-11 17:20:18","browserSupport":"gcsibv","minVersion":"3.0","maxVersion":"","inRepository":true}', 1262275200000]

zotero(3)(+0000008): Getting contents of E:\Kumiko\pythonProject\Zotero\tmp\zotero-0.6.0-smoke-data\translators\Deutsche Fotothek.js

zotero(4)(+0000011): REPLACE INTO translatorCache VALUES (?, ?, ?) ['Deutsche Fotothek.js', '{"translatorID":"26d2a264-f25d-4898-b40c-e7c83fdbbc34","translatorType":4,"label":"Deutsche Fotothek","creator":"Abe Jellinek","target":"https?://www\\.deutschefotothek\\.de/","priority":100,"lastUpdated":"2021-06-29 02:40:00","browserSupport":"gcsibv","minVersion":"3.0","maxVersion":"","inRepository":true}', 1262275200000]

zotero(3)(+0000007): Getting contents of E:\Kumiko\pythonProject\Zotero\tmp\zotero-0.6.0-smoke-data\translators\Deutsche Nationalbibliothek.js

zotero(4)(+0000014): REPLACE INTO translatorCache VALUES (?, ?, ?) ['Deutsche Nationalbibliothek.js', '{"translatorID":"d8341c22-8cf4-428f-be3b-ada9fa8933eb","translatorType":4,"label":"Deutsche Nationalbibliothek","creator":"Philipp Zumstein","target":"^https?://portal\\.dnb\\.de/opac(\\.htm|/(enhancedSearch|simpleSearch|showFullRecord)\\?)","priority":100,"lastUpdated":"2024-01-15 19:48:46","browserSupport":"gcsibv","minVersion":"3.0","maxVersion":"","inRepository":true}', 1262275200000]

zotero(3)(+0000007): Getting contents of E:\Kumiko\pythonProject\Zotero\tmp\zotero-0.6.0-smoke-data\translators\dhistory.js

zotero(4)(+0000020): REPLACE INTO translatorCache VALUES (?, ?, ?) ['dhistory.js', '{"translatorID":"946ddf3a-74ca-4309-9917-85aa30297f4c","translatorType":4,"label":"dhistory","creator":"Tim Sherratt","target":"^https?://(www\\.)?dhistory\\.org/archives/naa/items/\\d+","priority":100,"lastUpdated":"2012-08-27 09:42:02","browserSupport":"gcsbv","minVersion":"2.1","maxVersion":"","inRepository":true}', 1262275200000]

zotero(3)(+0000007): Getting contents of E:\Kumiko\pythonProject\Zotero\tmp\zotero-0.6.0-smoke-data\translators\Dialnet.js

zotero(4)(+0000014): REPLACE INTO translatorCache VALUES (?, ?, ?) ['Dialnet.js', '{"translatorID":"938ccabb-e297-4092-aa15-22b6511bbd0f","translatorType":4,"label":"Dialnet","creator":"Philipp Zumstein","target":"^https?://dialnet\\.unirioja\\.es/","priority":100,"lastUpdated":"2023-01-05 20:54:41","browserSupport":"gcsibv","minVersion":"3.0","maxVersion":"","inRepository":true}', 1262275200000]

zotero(3)(+0000007): Getting contents of E:\Kumiko\pythonProject\Zotero\tmp\zotero-0.6.0-smoke-data\translators\Die Zeit.js

zotero(4)(+0000013): REPLACE INTO translatorCache VALUES (?, ?, ?) ['Die Zeit.js', '{"translatorID":"312bbb0e-bfb6-4563-a33c-085445d391ed","translatorType":4,"label":"Die Zeit","creator":"Philipp Zumstein","target":"^https?://www\\.zeit\\.de/","priority":100,"lastUpdated":"2018-11-25 19:35:23","browserSupport":"gcsibv","minVersion":"3.0","maxVersion":"","inRepository":true}', 1262275200000]

zotero(3)(+0000008): Getting contents of E:\Kumiko\pythonProject\Zotero\tmp\zotero-0.6.0-smoke-data\translators\digibib.net.js

zotero(4)(+0000013): REPLACE INTO translatorCache VALUES (?, ?, ?) ['digibib.net.js', '{"translatorID":"e99bd723-39e6-418c-9524-390dbc583e08","translatorType":4,"label":"digibib.net","creator":"Heiko Jansen (hbz), Ingolf Kuss (hbz), Bernhard Assmann (hbz)","target":"^https?://.*\\.digibib\\.net/(Digibib|jumpto|metasearch|opensearch|template)","priority":100,"lastUpdated":"2017-06-05 17:35:41","browserSupport":"gcsibv","minVersion":"2.1.9","maxVersion":"","inRepository":true}', 1262275200000]

zotero(3)(+0000007): Getting contents of E:\Kumiko\pythonProject\Zotero\tmp\zotero-0.6.0-smoke-data\translators\Digital Humanities Quarterly.js

zotero(4)(+0000001): REPLACE INTO translatorCache VALUES (?, ?, ?) ['Digital Humanities Quarterly.js', '{"translatorID":"bbad0221-134b-495a-aa56-d77cfaa67ab5","translatorType":4,"label":"Digital Humanities Quarterly","creator":"Michael Berkowitz","target":"^https?://(www\\.)?digitalhumanities\\.org/(dhq)?","priority":100,"lastUpdated":"2024-05-15 15:07:13","browserSupport":"gcsibv","minVersion":"1.0.0b4.r5","maxVersion":"","inRepository":true}', 1262275200000]

zotero(3)(+0000007): Getting contents of E:\Kumiko\pythonProject\Zotero\tmp\zotero-0.6.0-smoke-data\translators\Digital Spy.js

zotero(4)(+0000012): REPLACE INTO translatorCache VALUES (?, ?, ?) ['Digital Spy.js', '{"translatorID":"d45c50cb-6dee-4cfb-974d-797991f8385b","translatorType":4,"label":"Digital Spy","creator":"czar","target":"^https?://(www\\.)?digitalspy\\.com","priority":100,"lastUpdated":"2021-05-26 19:44:49","browserSupport":"gcsibv","minVersion":"3.0","maxVersion":"","inRepository":true}', 1262275200000]

zotero(3)(+0000007): Getting contents of E:\Kumiko\pythonProject\Zotero\tmp\zotero-0.6.0-smoke-data\translators\DigiZeitschriften.js

zotero(4)(+0000001): REPLACE INTO translatorCache VALUES (?, ?, ?) ['DigiZeitschriften.js', '{"translatorID":"e46830a2-1b19-4b6b-9f1a-e5e9760a0f80","translatorType":4,"label":"DigiZeitschriften","creator":"Philipp Zumstein","target":"^https?://www\\.digizeitschriften\\.de/((en/)?dms/|index\\.php\\?id=27[24])","priority":100,"lastUpdated":"2018-01-07 09:28:38","browserSupport":"gcsv","minVersion":"3.0","maxVersion":"","inRepository":true}', 1262275200000]

zotero(3)(+0000007): Getting contents of E:\Kumiko\pythonProject\Zotero\tmp\zotero-0.6.0-smoke-data\translators\Dimensions.js

zotero(4)(+0000001): REPLACE INTO translatorCache VALUES (?, ?, ?) ['Dimensions.js', '{"translatorID":"19409763-fb3c-403f-af1c-c06ff9a9ea0e","translatorType":4,"label":"Dimensions","creator":"Abe Jellinek","target":"^https?://app\\.dimensions\\.ai/","priority":100,"lastUpdated":"2021-08-12 22:22:43","browserSupport":"gcsibv","minVersion":"3.0","maxVersion":"","inRepository":true}', 1262275200000]

zotero(3)(+0000007): Getting contents of E:\Kumiko\pythonProject\Zotero\tmp\zotero-0.6.0-smoke-data\translators\dLibra.js

zotero(4)(+0000013): REPLACE INTO translatorCache VALUES (?, ?, ?) ['dLibra.js', '{"translatorID":"915e3ae2-afa9-4b1d-9780-28ed3defe0ab","translatorType":4,"label":"dLibra","creator":"Pawel Kolodziej <p.kolodziej@gmail.com> and Kamil Gronowski <kgronowski@man.poznan.pl>","target":"/.*dlibra/(doccontent|docmetadata|collectiondescription|results)|/dlibra/?","priority":100,"lastUpdated":"2021-10-21 04:23:31","browserSupport":"gcsibv","minVersion":"2.1.9","maxVersion":"","inRepository":true}', 1262275200000]

zotero(3)(+0000008): Getting contents of E:\Kumiko\pythonProject\Zotero\tmp\zotero-0.6.0-smoke-data\translators\DOAJ.js

zotero(4)(+0000012): REPLACE INTO translatorCache VALUES (?, ?, ?) ['DOAJ.js', '{"translatorID":"53734210-2284-437f-9896-8ad65917c343","translatorType":4,"label":"DOAJ","creator":"Abe Jellinek","target":"^https?://(www\\.)?doaj\\.org/(article|search)/","priority":100,"lastUpdated":"2025-08-08 16:00:53","browserSupport":"gcsibv","minVersion":"3.0","maxVersion":"","inRepository":true}', 1262275200000]

zotero(3)(+0000007): Getting contents of E:\Kumiko\pythonProject\Zotero\tmp\zotero-0.6.0-smoke-data\translators\DOI Content Negotiation.js

zotero(4)(+0000012): REPLACE INTO translatorCache VALUES (?, ?, ?) ['DOI Content Negotiation.js', '{"translatorID":"b28d0d42-8549-4c6d-83fc-8382874a5cb9","translatorType":8,"label":"DOI Content Negotiation","creator":"Sebastian Karcher","target":"","priority":100,"lastUpdated":"2025-07-27 04:51:26","browserSupport":"g","minVersion":"5.0","maxVersion":"","inRepository":true}', 1262275200000]

zotero(3)(+0000007): Getting contents of E:\Kumiko\pythonProject\Zotero\tmp\zotero-0.6.0-smoke-data\translators\DOI.js

zotero(4)(+0000013): REPLACE INTO translatorCache VALUES (?, ?, ?) ['DOI.js', '{"translatorID":"c159dcfe-8a53-4301-a499-30f6549c340d","translatorType":4,"label":"DOI","creator":"Simon Kornblith","target":"","priority":400,"lastUpdated":"2024-06-04 14:34:03","browserSupport":"gcsibv","minVersion":"3.0","maxVersion":"","inRepository":true}', 1262275200000]

zotero(3)(+0000007): Getting contents of E:\Kumiko\pythonProject\Zotero\tmp\zotero-0.6.0-smoke-data\translators\Douban.js

zotero(4)(+0000012): REPLACE INTO translatorCache VALUES (?, ?, ?) ['Douban.js', '{"translatorID":"fc353b26-8911-4c34-9196-f6f567c93901","translatorType":4,"label":"Douban","creator":"Ace Strong<acestrong@gmail.com>","target":"^https?://(www|book)\\.douban\\.com/(subject|doulist|people/[a-zA-Z0-9._]*/(do|wish|collect)|.*?status=(do|wish|collect)|group/[0-9]*?/collection|tag)","priority":100,"lastUpdated":"2024-08-07 08:46:18","browserSupport":"gcsibv","minVersion":"2.0rc1","maxVersion":"","inRepository":true}', 1262275200000]

zotero(3)(+0000007): Getting contents of E:\Kumiko\pythonProject\Zotero\tmp\zotero-0.6.0-smoke-data\translators\DPLA.js

zotero(4)(+0000013): REPLACE INTO translatorCache VALUES (?, ?, ?) ['DPLA.js', '{"translatorID":"117feb72-21bb-4424-a47b-c9ca6b71f979","translatorType":4,"label":"DPLA","creator":"Sebastian Karcher","target":"^https?://dp\\.la/","priority":100,"lastUpdated":"2016-09-12 06:17:30","browserSupport":"gcv","minVersion":"3.0","maxVersion":"","inRepository":true}', 1262275200000]

zotero(3)(+0000007): Getting contents of E:\Kumiko\pythonProject\Zotero\tmp\zotero-0.6.0-smoke-data\translators\Dreier Neuerscheinungsdienst.js

zotero(4)(+0000012): REPLACE INTO translatorCache VALUES (?, ?, ?) ['Dreier Neuerscheinungsdienst.js', '{"translatorID":"60888261-7f17-41bd-95be-6982f05c01b3","translatorType":4,"label":"Dreier Neuerscheinungsdienst","creator":"Denis Maier","target":"^https?://www\\.dietmardreier\\.de/","priority":100,"lastUpdated":"2021-08-25 08:40:51","browserSupport":"gcsibv","minVersion":"3.0","maxVersion":"","inRepository":true}', 1262275200000]

zotero(3)(+0000007): Getting contents of E:\Kumiko\pythonProject\Zotero\tmp\zotero-0.6.0-smoke-data\translators\DrugBank.ca.js

zotero(4)(+0000015): REPLACE INTO translatorCache VALUES (?, ?, ?) ['DrugBank.ca.js', '{"translatorID":"b2a735f3-11ac-4e9f-b22b-00e1b1d3c9f6","translatorType":4,"label":"DrugBank.ca","creator":"Tom Hodder <tom@limepepper.co.uk>","target":"^https?://(www\\.)?drugbank\\.ca/drugs/","priority":100,"lastUpdated":"2017-01-01 16:52:59","browserSupport":"gcsibv","minVersion":"2.1.9","maxVersion":"","inRepository":true}', 1262275200000]

zotero(3)(+0000007): Getting contents of E:\Kumiko\pythonProject\Zotero\tmp\zotero-0.6.0-smoke-data\translators\Dryad Digital Repository.js

zotero(4)(+0000014): REPLACE INTO translatorCache VALUES (?, ?, ?) ['Dryad Digital Repository.js', '{"translatorID":"7a81d945-7d9c-4f8c-bd7b-4226c1cab40e","translatorType":4,"label":"Dryad Digital Repository","creator":"Nathan Day","target":"^https?://(www\\.)?datadryad\\.org/","priority":100,"lastUpdated":"2021-06-07 02:15:00","browserSupport":"gcsibv","minVersion":"3.0","maxVersion":"","inRepository":true}', 1262275200000]

zotero(3)(+0000007): Getting contents of E:\Kumiko\pythonProject\Zotero\tmp\zotero-0.6.0-smoke-data\translators\DSpace Intermediate Metadata.js

zotero(4)(+0000014): REPLACE INTO translatorCache VALUES (?, ?, ?) ['DSpace Intermediate Metadata.js', '{"translatorID":"2c05e2d1-a533-448f-aa20-e919584864cb","translatorType":1,"label":"DSpace Intermediate Metadata","creator":"Sebastian Karcher","target":"xml","priority":100,"lastUpdated":"2022-12-24 19:29:02","browserSupport":"g","minVersion":"5.0","maxVersion":"","inRepository":true}', 1262275200000]

zotero(3)(+0000008): Getting contents of E:\Kumiko\pythonProject\Zotero\tmp\zotero-0.6.0-smoke-data\translators\Duke University Press Books.js

zotero(4)(+0000013): REPLACE INTO translatorCache VALUES (?, ?, ?) ['Duke University Press Books.js', '{"translatorID":"4608f0e4-40a6-47ac-8467-1955eb8bd708","translatorType":4,"label":"Duke University Press Books","creator":"Sebastian Karcher","target":"^https?://www\\.dukeupress\\.edu/","priority":100,"lastUpdated":"2023-10-23 09:05:55","browserSupport":"gcsibv","minVersion":"5.0","maxVersion":"","inRepository":true}', 1262275200000]

zotero(3)(+0000007): Getting contents of E:\Kumiko\pythonProject\Zotero\tmp\zotero-0.6.0-smoke-data\translators\E-periodica Switzerland.js

zotero(4)(+0000012): REPLACE INTO translatorCache VALUES (?, ?, ?) ['E-periodica Switzerland.js', '{"translatorID":"dbfd99e3-6925-4b71-92b8-12b02aa875fc","translatorType":4,"label":"E-periodica Switzerland","creator":"Alain Borel","target":"^https?://(www|news?)\\.e-periodica\\.ch","priority":100,"lastUpdated":"2023-08-15 20:15:50","browserSupport":"gcsibv","minVersion":"5.0","maxVersion":"","inRepository":true}', 1262275200000]

zotero(3)(+0000007): Getting contents of E:\Kumiko\pythonProject\Zotero\tmp\zotero-0.6.0-smoke-data\translators\Eastview.js

zotero(4)(+0000012): REPLACE INTO translatorCache VALUES (?, ?, ?) ['Eastview.js', '{"translatorID":"c59896bc-4beb-43ed-8109-a73a13251828","translatorType":4,"label":"Eastview","creator":"Sebastian Karcher and Abe Jellinek","target":"^https?://dlib\\.eastview\\.com/(search/(advanced|simple)/|browse/(doc|favorites|issue))","priority":100,"lastUpdated":"2021-10-21 04:57:23","browserSupport":"gcsibv","minVersion":"3.0","maxVersion":"","inRepository":true}', 1262275200000]

zotero(3)(+0000007): Getting contents of E:\Kumiko\pythonProject\Zotero\tmp\zotero-0.6.0-smoke-data\translators\ebrary.js

zotero(4)(+0000001): REPLACE INTO translatorCache VALUES (?, ?, ?) ['ebrary.js', '{"translatorID":"2abe2519-2f0a-48c0-ad3a-b87b9c059459","translatorType":4,"label":"ebrary","creator":"Sebastian Karcher","target":"^https?://site\\.ebrary\\.com/.+(docDetail|search|detail)\\.action\\?","priority":100,"lastUpdated":"2015-08-29 22:03:15","browserSupport":"gcv","minVersion":"4.0","maxVersion":"","inRepository":true}', 1262275200000]

zotero(3)(+0000007): Getting contents of E:\Kumiko\pythonProject\Zotero\tmp\zotero-0.6.0-smoke-data\translators\EBSCO Discovery Layer.js

zotero(4)(+0000001): REPLACE INTO translatorCache VALUES (?, ?, ?) ['EBSCO Discovery Layer.js', '{"translatorID":"660fcf3e-3414-41b8-97a5-e672fc2e491d","translatorType":4,"label":"EBSCO Discovery Layer","creator":"Sebastian Karcher","target":"^https?://(discovery|research)\\.ebsco\\.com/","priority":100,"lastUpdated":"2026-03-09 16:01:06","browserSupport":"gcsibv","minVersion":"5.0","maxVersion":"","inRepository":true}', 1262275200000]

zotero(3)(+0000009): Getting contents of E:\Kumiko\pythonProject\Zotero\tmp\zotero-0.6.0-smoke-data\translators\EBSCOhost.js

zotero(4)(+0000014): REPLACE INTO translatorCache VALUES (?, ?, ?) ['EBSCOhost.js', '{"translatorID":"d0b1914a-11f1-4dd7-8557-b32fe8a3dd47","translatorType":4,"label":"EBSCOhost","creator":"Simon Kornblith, Michael Berkowitz, Josh Geller","target":"^https?://[^/]+/(eds|bsi|ehost)/(results|detail|folder|pdfviewer)","priority":100,"lastUpdated":"2024-04-15 01:50:53","browserSupport":"gcsibv","minVersion":"3.0","maxVersion":"","inRepository":true}', 1262275200000]

zotero(3)(+0000007): Getting contents of E:\Kumiko\pythonProject\Zotero\tmp\zotero-0.6.0-smoke-data\translators\Education Week.js

zotero(4)(+0000001): REPLACE INTO translatorCache VALUES (?, ?, ?) ['Education Week.js', '{"translatorID":"7e51d3fb-082e-4063-8601-cda08f6004a3","translatorType":4,"label":"Education Week","creator":"Ben Parr","target":"^https?://(www2?\\.|blogs\\.)?edweek\\.org/","priority":100,"lastUpdated":"2021-01-29 15:47:14","browserSupport":"gcsibv","minVersion":"1.0.0b4.r1","maxVersion":"","inRepository":true}', 1262275200000]

zotero(3)(+0000007): Getting contents of E:\Kumiko\pythonProject\Zotero\tmp\zotero-0.6.0-smoke-data\translators\EIDR.js

zotero(4)(+0000001): REPLACE INTO translatorCache VALUES (?, ?, ?) ['EIDR.js', '{"translatorID":"79c3d292-0afc-42a1-bd86-7e706fc35aa5","translatorType":8,"label":"EIDR","creator":"Aurimas Vinckevicius","target":"","priority":80,"lastUpdated":"2017-06-03 11:41:00","browserSupport":"gcsibv","minVersion":"1.0","maxVersion":"","inRepository":true}', 1262275200000]

zotero(3)(+0000007): Getting contents of E:\Kumiko\pythonProject\Zotero\tmp\zotero-0.6.0-smoke-data\translators\El Comercio (Peru).js

zotero(4)(+0000013): REPLACE INTO translatorCache VALUES (?, ?, ?) ['El Comercio (Peru).js', '{"translatorID":"e3da3448-db8f-44ad-a650-54110335c4ae","translatorType":4,"label":"El Comercio (Perú)","creator":"Sebastian Karcher","target":"^https?://elcomercio\\.pe","priority":280,"lastUpdated":"2022-08-22 02:12:03","browserSupport":"gcsibv","minVersion":"3.0","maxVersion":"","inRepository":true}', 1262275200000]

zotero(3)(+0000007): Getting contents of E:\Kumiko\pythonProject\Zotero\tmp\zotero-0.6.0-smoke-data\translators\El Pais.js

zotero(4)(+0000001): REPLACE INTO translatorCache VALUES (?, ?, ?) ['El Pais.js', '{"translatorID":"c3b97a6e-4879-4f77-9dbb-18a3fa2b2b81","translatorType":4,"label":"El Pais","creator":"Sebastian Karcher","target":"^https?://([^.]\\.)?elpais\\.com/","priority":100,"lastUpdated":"2018-01-07 16:59:34","browserSupport":"gcsibv","minVersion":"3.0","maxVersion":"","inRepository":true}', 1262275200000]

zotero(3)(+0000008): Getting contents of E:\Kumiko\pythonProject\Zotero\tmp\zotero-0.6.0-smoke-data\translators\Electronic Colloquium on Computational Complexity.js

zotero(4)(+0000011): REPLACE INTO translatorCache VALUES (?, ?, ?) ['Electronic Colloquium on Computational Complexity.js', '{"translatorID":"09a9599e-c20e-a405-d10d-35ad4130a426","translatorType":4,"label":"Electronic Colloquium on Computational Complexity","creator":"Jonas Schrieb and Morgan Shirley","target":"^https?://eccc\\.weizmann\\.ac\\.il/(title|year|keyword|report|search)","priority":100,"lastUpdated":"2023-08-14 06:03:23","browserSupport":"gcsibv","minVersion":"1.0.0b3.r1","maxVersion":"","inRepository":true}', 1262275200000]

zotero(3)(+0000007): Getting contents of E:\Kumiko\pythonProject\Zotero\tmp\zotero-0.6.0-smoke-data\translators\eLibrary.ru.js

zotero(4)(+0000013): REPLACE INTO translatorCache VALUES (?, ?, ?) ['eLibrary.ru.js', '{"translatorID":"587709d3-80c5-467d-9fc8-ed41c31e20cf","translatorType":4,"label":"eLibrary.ru","creator":"Avram Lyon","target":"^https?://(www\\.)?elibrary\\.ru/","priority":100,"lastUpdated":"2026-04-01 18:00:00","browserSupport":"gcsibv","minVersion":"2.1","maxVersion":"","inRepository":true}', 1262275200000]

zotero(3)(+0000007): Getting contents of E:\Kumiko\pythonProject\Zotero\tmp\zotero-0.6.0-smoke-data\translators\Elicit.js

zotero(4)(+0000001): REPLACE INTO translatorCache VALUES (?, ?, ?) ['Elicit.js', '{"translatorID":"e1c104ef-9f4d-44fb-bf84-59b99ead7329","translatorType":4,"label":"Elicit","creator":"Abe Jellinek","target":"^https://elicit\\.org/","priority":100,"lastUpdated":"2022-04-28 21:18:17","browserSupport":"gcsibv","minVersion":"5.0","maxVersion":"","inRepository":true}', 1262275200000]

zotero(3)(+0000007): Getting contents of E:\Kumiko\pythonProject\Zotero\tmp\zotero-0.6.0-smoke-data\translators\eLife.js

zotero(4)(+0000012): REPLACE INTO translatorCache VALUES (?, ?, ?) ['eLife.js', '{"translatorID":"98ad3ad1-9d43-4b2e-bc36-172cbf00ba1d","translatorType":4,"label":"eLife","creator":"Aurimas Vinckevicius, Sebastian Karcher","target":"^https?://(elife\\.)?elifesciences\\.org/(articles|search|subjects|archive)","priority":100,"lastUpdated":"2025-07-10 18:26:20","browserSupport":"gcsibv","minVersion":"4.0","maxVersion":"","inRepository":true}', 1262275200000]

zotero(3)(+0000007): Getting contents of E:\Kumiko\pythonProject\Zotero\tmp\zotero-0.6.0-smoke-data\translators\Elsevier Health Journals.js

zotero(4)(+0000012): REPLACE INTO translatorCache VALUES (?, ?, ?) ['Elsevier Health Journals.js', '{"translatorID":"b043e7ed-b921-4444-88af-2fcc39881ee2","translatorType":4,"label":"Elsevier Health Journals","creator":"Sebastian Karcher","target":"/action/doSearch\\?|/article/[^/]+/(abstract|fulltext|references|images)","priority":250,"lastUpdated":"2021-11-24 23:10:20","browserSupport":"gcsbv","minVersion":"3.0","maxVersion":"","inRepository":true}', 1262275200000]

zotero(3)(+0000008): Getting contents of E:\Kumiko\pythonProject\Zotero\tmp\zotero-0.6.0-smoke-data\translators\Elsevier Pure.js

zotero(4)(+0000013): REPLACE INTO translatorCache VALUES (?, ?, ?) ['Elsevier Pure.js', '{"translatorID":"ccc23d0e-77ac-42b4-ac54-c606bfb218b8","translatorType":4,"label":"Elsevier Pure","creator":"Abe Jellinek","target":"/[a-z]{2}/(publications|persons|searchAll)/","priority":270,"lastUpdated":"2021-08-31 04:08:43","browserSupport":"gcsibv","minVersion":"3.0","maxVersion":"","inRepository":true}', 1262275200000]

zotero(3)(+0000007): Getting contents of E:\Kumiko\pythonProject\Zotero\tmp\zotero-0.6.0-smoke-data\translators\Embedded Metadata.js

zotero(4)(+0000016): REPLACE INTO translatorCache VALUES (?, ?, ?) ['Embedded Metadata.js', '{"translatorID":"951c027d-74ac-47d4-a107-9c3069ab7b48","translatorType":4,"label":"Embedded Metadata","creator":"Simon Kornblith and Avram Lyon","target":"","priority":320,"lastUpdated":"2026-04-27 15:11:51","browserSupport":"gcsibv","minVersion":"3.0.4","maxVersion":"","inRepository":true}', 1262275200000]

zotero(3)(+0000007): Getting contents of E:\Kumiko\pythonProject\Zotero\tmp\zotero-0.6.0-smoke-data\translators\eMedicine.js

zotero(4)(+0000012): REPLACE INTO translatorCache VALUES (?, ?, ?) ['eMedicine.js', '{"translatorID":"ab88d517-d88c-4a73-a0ad-c94c76cca849","translatorType":4,"label":"eMedicine","creator":"William Smith","target":"^https?://emedicine\\.medscape\\.com/article/","priority":100,"lastUpdated":"2013-04-15 18:04:37","browserSupport":"gcsibv","minVersion":"1.0.0b4.r5","maxVersion":"","inRepository":true}', 1262275200000]

zotero(3)(+0000007): Getting contents of E:\Kumiko\pythonProject\Zotero\tmp\zotero-0.6.0-smoke-data\translators\Emerald Insight.js

zotero(4)(+0000012): REPLACE INTO translatorCache VALUES (?, ?, ?) ['Emerald Insight.js', '{"translatorID":"a14301dc-be1c-4f34-bcaa-1b53b08ce80d","translatorType":4,"label":"Emerald Insight","creator":"Sebastian Karcher","target":"^https?://www\\.emerald\\.com/insight/(publication/|content/|search\\?)","priority":100,"lastUpdated":"2024-08-29 15:32:04","browserSupport":"gcsibv","minVersion":"3.0","maxVersion":"","inRepository":true}', 1262275200000]

zotero(3)(+0000007): Getting contents of E:\Kumiko\pythonProject\Zotero\tmp\zotero-0.6.0-smoke-data\translators\eMJA.js

zotero(4)(+0000012): REPLACE INTO translatorCache VALUES (?, ?, ?) ['eMJA.js', '{"translatorID":"966a7612-900c-42d9-8780-2a3247548588","translatorType":4,"label":"eMJA","creator":"Sebastian Karcher","target":"^https?://www\\.mja\\.com\\.au/","priority":100,"lastUpdated":"2021-06-18 17:31:29","browserSupport":"gcsibv","minVersion":"2.1.9","maxVersion":"","inRepository":true}', 1262275200000]

zotero(3)(+0000008): Getting contents of E:\Kumiko\pythonProject\Zotero\tmp\zotero-0.6.0-smoke-data\translators\Encyclopedia of Chicago.js

zotero(4)(+0000014): REPLACE INTO translatorCache VALUES (?, ?, ?) ['Encyclopedia of Chicago.js', '{"translatorID":"0689f3e1-f0b4-4c0c-b795-4aebdfea08e0","translatorType":4,"label":"Encyclopedia of Chicago","creator":"Brodie Austin","target":"^https?://encyclopedia\\.chicagohistory\\.org/pages","priority":100,"lastUpdated":"2016-11-01 18:30:35","browserSupport":"gcsbv","minVersion":"2.1.9","maxVersion":"","inRepository":true}', 1262275200000]

zotero(3)(+0000007): Getting contents of E:\Kumiko\pythonProject\Zotero\tmp\zotero-0.6.0-smoke-data\translators\Encyclopedia of Korean Culture.js

zotero(4)(+0000012): REPLACE INTO translatorCache VALUES (?, ?, ?) ['Encyclopedia of Korean Culture.js', '{"translatorID":"dc879929-ae39-45b3-b49b-dab2c80815ab","translatorType":4,"label":"Encyclopedia of Korean Culture","creator":"jacoblee36251","target":"^https?://(www\\.)?encykorea\\.aks\\.ac\\.kr/Article/","priority":100,"lastUpdated":"2023-09-15 20:07:33","browserSupport":"gcsibv","minVersion":"5.0","maxVersion":"","inRepository":true}', 1262275200000]

zotero(3)(+0000007): Getting contents of E:\Kumiko\pythonProject\Zotero\tmp\zotero-0.6.0-smoke-data\translators\Endnote XML.js

zotero(4)(+0000015): REPLACE INTO translatorCache VALUES (?, ?, ?) ['Endnote XML.js', '{"translatorID":"eb7059a4-35ec-4961-a915-3cf58eb9784b","translatorType":3,"label":"Endnote XML","creator":"Sebastian Karcher","target":"xml","priority":100,"lastUpdated":"2021-07-14 20:41:42","browserSupport":"g","minVersion":"4.0","maxVersion":"","inRepository":true,"configOptions":{"async":true,"getCollections":true},"displayOptions":{"exportNotes":true,"exportFileData":false}}', 1262275200000]

zotero(3)(+0000007): Getting contents of E:\Kumiko\pythonProject\Zotero\tmp\zotero-0.6.0-smoke-data\translators\Engineering Village.js

zotero(4)(+0000014): REPLACE INTO translatorCache VALUES (?, ?, ?) ['Engineering Village.js', '{"translatorID":"1f40baef-eece-43e4-a1cc-27d20c0ce086","translatorType":4,"label":"Engineering Village","creator":"Ben Parr, Sebastian Karcher","target":"^https?://(www\\.)?engineeringvillage(2)?\\.(com|org)/","priority":100,"lastUpdated":"2022-10-04 02:24:06","browserSupport":"gcsibv","minVersion":"3.0","maxVersion":"","inRepository":true}', 1262275200000]

zotero(3)(+0000007): Getting contents of E:\Kumiko\pythonProject\Zotero\tmp\zotero-0.6.0-smoke-data\translators\Envidat.js

zotero(4)(+0000013): REPLACE INTO translatorCache VALUES (?, ?, ?) ['Envidat.js', '{"translatorID":"0f6f5164-b44b-4ef6-9c5e-e3f39637569b","translatorType":4,"label":"Envidat","creator":"Alain Borel","target":"^https://(www\\.)?envidat.ch/","priority":100,"lastUpdated":"2025-04-29 03:02:00","browserSupport":"gcsibv","minVersion":"6.0","maxVersion":"","inRepository":true}', 1262275200000]

zotero(3)(+0000008): Getting contents of E:\Kumiko\pythonProject\Zotero\tmp\zotero-0.6.0-smoke-data\translators\EPA National Library Catalog.js

zotero(4)(+0000012): REPLACE INTO translatorCache VALUES (?, ?, ?) ['EPA National Library Catalog.js', '{"translatorID":"99f11c5d-4413-4f96-9fc7-72fbd40372ef","translatorType":4,"label":"EPA National Library Catalog","creator":"Sebastian Karcher","target":"^https?://cfpub\\.epa\\.gov/ols","priority":100,"lastUpdated":"2016-09-14 10:36:08","browserSupport":"gcv","minVersion":"3.0","maxVersion":"","inRepository":true}', 1262275200000]

zotero(3)(+0000007): Getting contents of E:\Kumiko\pythonProject\Zotero\tmp\zotero-0.6.0-smoke-data\translators\Epicurious.js

zotero(4)(+0000012): REPLACE INTO translatorCache VALUES (?, ?, ?) ['Epicurious.js', '{"translatorID":"aee2323e-ce00-4fcc-a949-06eb1becc98f","translatorType":4,"label":"Epicurious","creator":"Philipp Zumstein","target":"^https?://www\\.epicurious\\.com/(tools/searchresults|recipes/food/views)","priority":100,"lastUpdated":"2016-09-14 10:54:06","browserSupport":"gcsibv","minVersion":"3.0","maxVersion":"","inRepository":true}', 1262275200000]

zotero(3)(+0000007): Getting contents of E:\Kumiko\pythonProject\Zotero\tmp\zotero-0.6.0-smoke-data\translators\ePrint IACR.js

zotero(4)(+0000018): REPLACE INTO translatorCache VALUES (?, ?, ?) ['ePrint IACR.js', '{"translatorID":"04a23cbe-5f8b-d6cd-8eb1-2e23bcc8ae8f","translatorType":4,"label":"ePrint IACR","creator":"Jonas Schrieb","target":"^https://eprint\\.iacr\\.org/","priority":100,"lastUpdated":"2025-10-19 18:51:24","browserSupport":"gcsibv","minVersion":"6.0","maxVersion":"","inRepository":true}', 1262275200000]

zotero(3)(+0000007): Getting contents of E:\Kumiko\pythonProject\Zotero\tmp\zotero-0.6.0-smoke-data\translators\ERIC.js

zotero(4)(+0000014): REPLACE INTO translatorCache VALUES (?, ?, ?) ['ERIC.js', '{"translatorID":"e4660e05-a935-43ec-8eec-df0347362e4c","translatorType":12,"label":"ERIC","creator":"Sebastian Karcher","target":"^https?://(www\\.)?eric\\.ed\\.gov/","priority":100,"lastUpdated":"2024-07-05 11:56:39","browserSupport":"gcsibv","minVersion":"3.0","maxVersion":"","inRepository":true}', 1262275200000]

zotero(3)(+0000007): Getting contents of E:\Kumiko\pythonProject\Zotero\tmp\zotero-0.6.0-smoke-data\translators\Erudit.js

zotero(4)(+0000012): REPLACE INTO translatorCache VALUES (?, ?, ?) ['Erudit.js', '{"translatorID":"daad5868-6e6a-414e-b2da-14fa013879fc","translatorType":4,"label":"Erudit","creator":"Philipp Zumstein","target":"^https?://(www\\.)?erudit\\.org/","priority":100,"lastUpdated":"2018-01-02 22:48:58","browserSupport":"gcsibv","minVersion":"3.0","maxVersion":"","inRepository":true}', 1262275200000]

zotero(3)(+0000010): Getting contents of E:\Kumiko\pythonProject\Zotero\tmp\zotero-0.6.0-smoke-data\translators\ESpacenet.js

zotero(4)(+0000013): REPLACE INTO translatorCache VALUES (?, ?, ?) ['ESpacenet.js', '{"translatorID":"176948f7-9df8-4afc-ace7-4c1c7318d426","translatorType":4,"label":"ESpacenet","creator":"Sebastian Karcher, Aurimas Vinckevicius, Philipp Zumstein, and Abe Jellinek","target":"^https?://(worldwide|[a-z][a-z])\\.espacenet\\.com/","priority":100,"lastUpdated":"2021-07-06 19:45:27","browserSupport":"gcsibv","minVersion":"4.0","maxVersion":"","inRepository":true}', 1262275200000]

zotero(3)(+0000007): Getting contents of E:\Kumiko\pythonProject\Zotero\tmp\zotero-0.6.0-smoke-data\translators\etatar.ru.js

zotero(4)(+0000016): REPLACE INTO translatorCache VALUES (?, ?, ?) ['etatar.ru.js', '{"translatorID":"9d8fb229-a563-489b-b36d-3bdaa69ddf1f","translatorType":4,"label":"etatar.ru","creator":"Avram Lyon","target":"^https?://(www\\.)?etatar\\.ru/","priority":100,"lastUpdated":"2011-09-13 10:20:59","browserSupport":"gcsibv","minVersion":"2.1","maxVersion":"","inRepository":true}', 1262275200000]

zotero(3)(+0000007): Getting contents of E:\Kumiko\pythonProject\Zotero\tmp\zotero-0.6.0-smoke-data\translators\Euclid.js

zotero(4)(+0000012): REPLACE INTO translatorCache VALUES (?, ?, ?) ['Euclid.js', '{"translatorID":"2e1c09a0-3006-11de-8c30-0800200c9a66","translatorType":4,"label":"Euclid","creator":"Guy Freeman and Avram Lyon","target":"^https?://[^/]*projecteuclid\\.org[^/]*/","priority":100,"lastUpdated":"2014-06-05 07:32:38","browserSupport":"gcsibv","minVersion":"1.0","maxVersion":"","inRepository":true}', 1262275200000]

zotero(3)(+0000007): Getting contents of E:\Kumiko\pythonProject\Zotero\tmp\zotero-0.6.0-smoke-data\translators\EUR-Lex.js

zotero(4)(+0000012): REPLACE INTO translatorCache VALUES (?, ?, ?) ['EUR-Lex.js', '{"translatorID":"bf053edc-a8c3-458c-93db-6d04ead2e636","translatorType":4,"label":"EUR-Lex","creator":"Philipp Zumstein, Pieter van der Wees","target":"^https://eur-lex\\.europa\\.eu/","priority":100,"lastUpdated":"2025-10-30 15:50:58","browserSupport":"gcsibv","minVersion":"3.0","maxVersion":"","inRepository":true}', 1262275200000]

zotero(3)(+0000009): Getting contents of E:\Kumiko\pythonProject\Zotero\tmp\zotero-0.6.0-smoke-data\translators\EurasiaNet.js

zotero(4)(+0000015): REPLACE INTO translatorCache VALUES (?, ?, ?) ['EurasiaNet.js', '{"translatorID":"58ae38d2-80d3-4569-81eb-9cefc43ac5b4","translatorType":4,"label":"EurasiaNet","creator":"Avram Lyon","target":"^https?://www\\.eurasianet\\.org/","priority":100,"lastUpdated":"2016-11-01 18:32:28","browserSupport":"gcsbv","minVersion":"1.0","maxVersion":"","inRepository":true}', 1262275200000]

zotero(3)(+0000008): Getting contents of E:\Kumiko\pythonProject\Zotero\tmp\zotero-0.6.0-smoke-data\translators\EurogamerUSgamer.js

zotero(4)(+0000014): REPLACE INTO translatorCache VALUES (?, ?, ?) ['EurogamerUSgamer.js', '{"translatorID":"e570f517-83f2-4735-97d2-44499aee0b21","translatorType":4,"label":"Eurogamer/USgamer","creator":"czar","target":"^https?://(www\\.)?(eurogamer|usgamer)\\.(net|cz|de|es|it|nl|pl|pt)","priority":100,"lastUpdated":"2018-07-14 19:42:21","browserSupport":"gcsibv","minVersion":"3.0","maxVersion":"","inRepository":true}', 1262275200000]

zotero(3)(+0000007): Getting contents of E:\Kumiko\pythonProject\Zotero\tmp\zotero-0.6.0-smoke-data\translators\Europe PMC.js

zotero(4)(+0000014): REPLACE INTO translatorCache VALUES (?, ?, ?) ['Europe PMC.js', '{"translatorID":"0fd5beb3-646a-4e01-960b-e7168d9292e1","translatorType":4,"label":"Europe PMC","creator":"Abe Jellinek","target":"^https?://europepmc\\.org/","priority":100,"lastUpdated":"2024-03-23 01:38:15","browserSupport":"gcsibv","minVersion":"3.0","maxVersion":"","inRepository":true}', 1262275200000]

zotero(3)(+0000007): Getting contents of E:\Kumiko\pythonProject\Zotero\tmp\zotero-0.6.0-smoke-data\translators\Evernote.js

zotero(4)(+0000014): REPLACE INTO translatorCache VALUES (?, ?, ?) ['Evernote.js', '{"translatorID":"18dd188a-9afc-4cd6-8775-1980c3ce0fbf","translatorType":2,"label":"Simple Evernote Export","creator":"Volodymir Skipa","target":"enex","priority":50,"lastUpdated":"2019-10-11 07:30:00","browserSupport":"g","minVersion":"2.1.9","maxVersion":"","inRepository":false,"displayOptions":{"exportNotes":true}}', 1262275200000]

zotero(3)(+0000011): Getting contents of E:\Kumiko\pythonProject\Zotero\tmp\zotero-0.6.0-smoke-data\translators\F1000 Research.js

zotero(4)(+0000013): REPLACE INTO translatorCache VALUES (?, ?, ?) ['F1000 Research.js', '{"translatorID":"f36025f5-597e-4873-841c-f5c877a05b9b","translatorType":4,"label":"F1000 Research","creator":"Abe Jellinek","target":"^https?://(www\\.)?(((openresearchcentral|(aas|amrc|hrb|wellcome|gates)openresearch)\\.org)|(f1000research|emeraldopenresearch)\\.com)/","priority":200,"lastUpdated":"2024-03-21 19:05:49","browserSupport":"gcsibv","minVersion":"3.0","maxVersion":"","inRepository":true}', 1262275200000]

zotero(3)(+0000007): Getting contents of E:\Kumiko\pythonProject\Zotero\tmp\zotero-0.6.0-smoke-data\translators\Fachportal Padagogik.js

zotero(4)(+0000013): REPLACE INTO translatorCache VALUES (?, ?, ?) ['Fachportal Padagogik.js', '{"translatorID":"4b0b42df-76b7-4a61-91aa-b15bc553b77d","translatorType":4,"label":"Fachportal Pädagogik","creator":"Philipp Zumstein","target":"^https?://(www\\.fachportal-paedagogik\\.de/literatur/|www\\.pedocs\\.de/)","priority":100,"lastUpdated":"2017-10-14 07:01:47","browserSupport":"gcsibv","minVersion":"3.0","maxVersion":"","inRepository":true}', 1262275200000]

zotero(3)(+0000010): Getting contents of E:\Kumiko\pythonProject\Zotero\tmp\zotero-0.6.0-smoke-data\translators\Factiva.js

zotero(4)(+0000012): REPLACE INTO translatorCache VALUES (?, ?, ?) ['Factiva.js', '{"translatorID":"7bdb79e-a47f-4e3d-b317-ccd5a0a74456","translatorType":4,"label":"Factiva","creator":"Philipp Zumstein and Aurimas Vinckevicius","target":"^https?://(global\\.factiva\\.com|[^/]*\\bglobal-factiva-com\\b[^/]+)/([gh]a|redir|np)/default\\.aspx","priority":100,"lastUpdated":"2015-02-13 21:54:59","browserSupport":"gcsv","minVersion":"4.0","maxVersion":"","inRepository":true}', 1262275200000]

zotero(3)(+0000007): Getting contents of E:\Kumiko\pythonProject\Zotero\tmp\zotero-0.6.0-smoke-data\translators\Failed Architecture.js

zotero(4)(+0000011): REPLACE INTO translatorCache VALUES (?, ?, ?) ['Failed Architecture.js', '{"translatorID":"31807458-4c59-4a9c-b78f-e6267aca53be","translatorType":4,"label":"Failed Architecture","creator":"Abe Jellinek","target":"^https?://failedarchitecture\\.com/","priority":100,"lastUpdated":"2021-09-05 21:18:37","browserSupport":"gcsibv","minVersion":"3.0","maxVersion":"","inRepository":true}', 1262275200000]

zotero(3)(+0000007): Getting contents of E:\Kumiko\pythonProject\Zotero\tmp\zotero-0.6.0-smoke-data\translators\Fairfax Australia.js

zotero(4)(+0000014): REPLACE INTO translatorCache VALUES (?, ?, ?) ['Fairfax Australia.js', '{"translatorID":"5c7892cb-a19e-4b85-8700-d68b547898f9","translatorType":4,"label":"Fairfax Australia","creator":"Martin Lewis","target":"^https?://www\\.(theage|smh|brisbanetimes|watoday)\\.com\\.au/","priority":100,"lastUpdated":"2017-06-07 11:47:30","browserSupport":"gcsibv","minVersion":"3.0","maxVersion":"","inRepository":true}', 1262275200000]

zotero(3)(+0000007): Getting contents of E:\Kumiko\pythonProject\Zotero\tmp\zotero-0.6.0-smoke-data\translators\FAO Knowledge Repository.js

zotero(4)(+0000013): REPLACE INTO translatorCache VALUES (?, ?, ?) ['FAO Knowledge Repository.js', '{"translatorID":"4883f662-29df-44ad-959e-27c9d036d165","translatorType":4,"label":"FAO Knowledge Repository","creator":"Bin Liu","target":"^https?://openknowledge\\.fao\\.org/(items/|search|browse/|collections/)","priority":100,"lastUpdated":"2026-02-09 15:53:01","browserSupport":"gcsibv","minVersion":"5.0","maxVersion":"","inRepository":true}', 1262275200000]

zotero(3)(+0000007): Getting contents of E:\Kumiko\pythonProject\Zotero\tmp\zotero-0.6.0-smoke-data\translators\FAOLEX Database.js

zotero(4)(+0000012): REPLACE INTO translatorCache VALUES (?, ?, ?) ['FAOLEX Database.js', '{"translatorID":"3b163469-3e62-46d8-82a1-4f31e86bf6f4","translatorType":4,"label":"FAOLEX Database","creator":"Bin Liu","target":"^https?://www\\.fao\\.org/faolex/results/","priority":100,"lastUpdated":"2025-10-28 21:09:38","browserSupport":"gcsibv","minVersion":"5.0","maxVersion":"","inRepository":true}', 1262275200000]

zotero(3)(+0000009): Getting contents of E:\Kumiko\pythonProject\Zotero\tmp\zotero-0.6.0-smoke-data\translators\Fatcat.js

zotero(4)(+0000013): REPLACE INTO translatorCache VALUES (?, ?, ?) ['Fatcat.js', '{"translatorID":"afef9c9d-53a1-49da-9155-1fdf683798c3","translatorType":4,"label":"Fatcat","creator":"Abe Jellinek","target":"^https://fatcat\\.wiki/","priority":100,"lastUpdated":"2021-07-18 23:05:26","browserSupport":"gcsibv","minVersion":"3.0","maxVersion":"","inRepository":true}', 1262275200000]

zotero(3)(+0000007): Getting contents of E:\Kumiko\pythonProject\Zotero\tmp\zotero-0.6.0-smoke-data\translators\FAZ.NET.js

zotero(4)(+0000012): REPLACE INTO translatorCache VALUES (?, ?, ?) ['FAZ.NET.js', '{"translatorID":"4f0d0c90-5da0-11df-a08a-0800200c9a66","translatorType":4,"label":"FAZ.NET","creator":"Philipp Zumstein","target":"^https?://((www\\.)?faz\\.net/.)","priority":100,"lastUpdated":"2017-11-11 11:24:04","browserSupport":"gcsibv","minVersion":"3.0","maxVersion":"","inRepository":true}', 1262275200000]

zotero(3)(+0000007): Getting contents of E:\Kumiko\pythonProject\Zotero\tmp\zotero-0.6.0-smoke-data\translators\feb-web.ru.js

zotero(4)(+0000001): REPLACE INTO translatorCache VALUES (?, ?, ?) ['feb-web.ru.js', '{"translatorID":"e92c8359-c3fc-468b-bc6a-107b2744fd17","translatorType":4,"label":"feb-web.ru","creator":"Avram Lyon","target":"^https?://(www\\.)?feb-web\\.ru/.*cmd=2","priority":100,"lastUpdated":"2017-01-01 16:09:57","browserSupport":"gcsibv","minVersion":"1.0","maxVersion":"","inRepository":true}', 1262275200000]

zotero(3)(+0000007): Getting contents of E:\Kumiko\pythonProject\Zotero\tmp\zotero-0.6.0-smoke-data\translators\Figshare.js

zotero(4)(+0000013): REPLACE INTO translatorCache VALUES (?, ?, ?) ['Figshare.js', '{"translatorID":"ab5983ab-6ad9-4060-aff1-4b455c89a3b3","translatorType":4,"label":"Figshare","creator":"Sebatian Karcher","target":"^https?://figshare\\.com/","priority":100,"lastUpdated":"2017-06-20 03:57:47","browserSupport":"gcsb","minVersion":"1.0","maxVersion":"","inRepository":true}', 1262275200000]

zotero(3)(+0000007): Getting contents of E:\Kumiko\pythonProject\Zotero\tmp\zotero-0.6.0-smoke-data\translators\Financial Times.js

zotero(4)(+0000001): REPLACE INTO translatorCache VALUES (?, ?, ?) ['Financial Times.js', '{"translatorID":"fc9b7700-b3cc-4150-ba89-c7e4443bd96d","translatorType":4,"label":"Financial Times","creator":"Sebastian Karcher and Abe Jellinek","target":"^https?://www\\.ft\\.com","priority":100,"lastUpdated":"2023-03-27 05:16:52","browserSupport":"gcsibv","minVersion":"2.1.9","maxVersion":"","inRepository":true}', 1262275200000]

zotero(3)(+0000009): Getting contents of E:\Kumiko\pythonProject\Zotero\tmp\zotero-0.6.0-smoke-data\translators\Finna.js

zotero(4)(+0000002): REPLACE INTO translatorCache VALUES (?, ?, ?) ['Finna.js', '{"translatorID":"808e29ab-620a-407a-b706-acae6c2c7ad7","translatorType":4,"label":"Finna","creator":"Abe Jellinek","target":"^https?://([^/]+\\.)?finna\\.fi/","priority":150,"lastUpdated":"2021-08-04 20:33:47","browserSupport":"gcsibv","minVersion":"3.0","maxVersion":"","inRepository":true}', 1262275200000]

zotero(3)(+0000007): Getting contents of E:\Kumiko\pythonProject\Zotero\tmp\zotero-0.6.0-smoke-data\translators\fishpond.co.nz.js

zotero(4)(+0000001): REPLACE INTO translatorCache VALUES (?, ?, ?) ['fishpond.co.nz.js', '{"translatorID":"c436f3c7-4246-4ed3-a227-a538c8113a0e","translatorType":4,"label":"fishpond.co.nz","creator":"Sopheak Hean, Sebastian Karcher","target":"^https?://www\\.fishpond\\.co\\.nz/","priority":100,"lastUpdated":"2017-06-07 17:26:42","browserSupport":"gcsibv","minVersion":"1.0","maxVersion":"","inRepository":true}', 1262275200000]

zotero(3)(+0000007): Getting contents of E:\Kumiko\pythonProject\Zotero\tmp\zotero-0.6.0-smoke-data\translators\Flickr.js

zotero(4)(+0000001): REPLACE INTO translatorCache VALUES (?, ?, ?) ['Flickr.js', '{"translatorID":"5dd22e9a-5124-4942-9b9e-6ee779f1023e","translatorType":4,"label":"Flickr","creator":"Sean Takats, Rintze Zelle, and Aurimas Vinckevicius","target":"^https?://(www\\.)?flickr\\.com/","priority":100,"lastUpdated":"2025-06-27 14:29:20","browserSupport":"gcsibv","minVersion":"3.0","maxVersion":"","inRepository":true}', 1262275200000]

zotero(3)(+0000007): Getting contents of E:\Kumiko\pythonProject\Zotero\tmp\zotero-0.6.0-smoke-data\translators\Foreign Affairs.js

zotero(4)(+0000013): REPLACE INTO translatorCache VALUES (?, ?, ?) ['Foreign Affairs.js', '{"translatorID":"4ab6d49c-d94e-4a9c-ae9a-3310c44ba612","translatorType":4,"label":"Foreign Affairs","creator":"Sebastian Karcher, Philipp Zumstein, Wenzhi Dave Ding","target":"^https?://www\\.foreignaffairs\\.com","priority":100,"lastUpdated":"2025-01-21 16:26:22","browserSupport":"gcsibv","minVersion":"3.0","maxVersion":"","inRepository":true}', 1262275200000]

zotero(3)(+0000007): Getting contents of E:\Kumiko\pythonProject\Zotero\tmp\zotero-0.6.0-smoke-data\translators\Foreign Policy.js

zotero(4)(+0000014): REPLACE INTO translatorCache VALUES (?, ?, ?) ['Foreign Policy.js', '{"translatorID":"0e7ab798-bb96-4a3a-9a01-8d1d67153908","translatorType":4,"label":"Foreign Policy","creator":"Sebastian Karcher","target":"^https?://[^/]*foreignpolicy\\.com","priority":100,"lastUpdated":"2014-01-04 16:38:42","browserSupport":"gcsibv","minVersion":"2.1.9","maxVersion":"","inRepository":true}', 1262275200000]

zotero(3)(+0000008): Getting contents of E:\Kumiko\pythonProject\Zotero\tmp\zotero-0.6.0-smoke-data\translators\fr-online.de.js

zotero(4)(+0000001): REPLACE INTO translatorCache VALUES (?, ?, ?) ['fr-online.de.js', '{"translatorID":"488fe1e0-b7d2-406f-8257-5060418ce9b2","translatorType":4,"label":"fr-online.de","creator":"Martin Meyerhoff","target":"^https?://www\\.fr-online\\.de","priority":100,"lastUpdated":"2014-04-03 17:37:43","browserSupport":"gcsibv","minVersion":"2.1.9","maxVersion":"","inRepository":true}', 1262275200000]

zotero(3)(+0000007): Getting contents of E:\Kumiko\pythonProject\Zotero\tmp\zotero-0.6.0-smoke-data\translators\FreeCite.js

zotero(4)(+0000011): REPLACE INTO translatorCache VALUES (?, ?, ?) ['FreeCite.js', '{"translatorID":"7bbef39f-8bb9-44d7-826f-47ce75eb15ae","translatorType":4,"label":"FreeCite","creator":"Philipp Zumstein","target":"^https?://freecite\\.library\\.brown\\.edu/citations/create","priority":100,"lastUpdated":"2015-03-16 23:13:55","browserSupport":"gcsibv","minVersion":"3.0","maxVersion":"","inRepository":true}', 1262275200000]

zotero(3)(+0000007): Getting contents of E:\Kumiko\pythonProject\Zotero\tmp\zotero-0.6.0-smoke-data\translators\FreePatentsOnline.js

zotero(4)(+0000001): REPLACE INTO translatorCache VALUES (?, ?, ?) ['FreePatentsOnline.js', '{"translatorID":"879d738c-bbdd-4fa0-afce-63295764d3b7","translatorType":4,"label":"FreePatentsOnline","creator":"Adam Crymble, Philipp Zumstein","target":"^https?://www\\.freepatentsonline\\.com/","priority":100,"lastUpdated":"2022-12-13 17:39:29","browserSupport":"gcsibv","minVersion":"3.0","maxVersion":"","inRepository":true}', 1262275200000]

zotero(3)(+0000007): Getting contents of E:\Kumiko\pythonProject\Zotero\tmp\zotero-0.6.0-smoke-data\translators\Frieze.js

zotero(4)(+0000001): REPLACE INTO translatorCache VALUES (?, ?, ?) ['Frieze.js', '{"translatorID":"7feb4b6c-05d6-4d61-bf0d-5e7f70c1ef0b","translatorType":4,"label":"Frieze","creator":"czar","target":"^https?://(www\\.)?frieze\\.com/","priority":100,"lastUpdated":"2021-06-11 16:34:07","browserSupport":"gcsibv","minVersion":"3.0","maxVersion":"","inRepository":true}', 1262275200000]

zotero(3)(+0000007): Getting contents of E:\Kumiko\pythonProject\Zotero\tmp\zotero-0.6.0-smoke-data\translators\Frontiers.js

zotero(4)(+0000012): REPLACE INTO translatorCache VALUES (?, ?, ?) ['Frontiers.js', '{"translatorID":"cb9e794e-7a65-47cd-90f6-58cdd191e8b0","translatorType":4,"label":"Frontiers","creator":"Abe Jellinek","target":"^https?://[^./]+\\.frontiersin\\.org/","priority":100,"lastUpdated":"2025-04-03 18:50:17","browserSupport":"gcsibv","minVersion":"5.0","maxVersion":"","inRepository":true}', 1262275200000]

zotero(3)(+0000007): Getting contents of E:\Kumiko\pythonProject\Zotero\tmp\zotero-0.6.0-smoke-data\translators\Gale Databases.js

zotero(4)(+0000012): REPLACE INTO translatorCache VALUES (?, ?, ?) ['Gale Databases.js', '{"translatorID":"e3748cf3-36dc-4816-bf86-95a0b63feb03","translatorType":4,"label":"Gale Databases","creator":"Abe Jellinek and Jim Miazek","target":"^https?://[^?&]*(?:gale|galegroup|galetesting|ggtest)\\.com(?:\\:\\d+)?/ps/","priority":100,"lastUpdated":"2026-05-20 19:58:42","browserSupport":"gcsibv","minVersion":"3.0","maxVersion":"","inRepository":true}', 1262275200000]

zotero(3)(+0000007): Getting contents of E:\Kumiko\pythonProject\Zotero\tmp\zotero-0.6.0-smoke-data\translators\GaleGDC.js

zotero(4)(+0000001): REPLACE INTO translatorCache VALUES (?, ?, ?) ['GaleGDC.js', '{"translatorID":"04e63564-b92b-41cd-a9d5-366a02056d10","translatorType":4,"label":"GaleGDC","creator":"GaleGDC","target":"/gdc/ncco|/gdc/xsearch|/gdc/artemis","priority":270,"lastUpdated":"2014-08-26 03:45:45","browserSupport":"gcsb","minVersion":"3.0","maxVersion":"","inRepository":true}', 1262275200000]

zotero(3)(+0000007): Getting contents of E:\Kumiko\pythonProject\Zotero\tmp\zotero-0.6.0-smoke-data\translators\Galegroup.js

zotero(4)(+0000013): REPLACE INTO translatorCache VALUES (?, ?, ?) ['Galegroup.js', '{"translatorID":"4ea89035-3dc4-4ae3-b22d-726bc0d83a64","translatorType":4,"label":"Galegroup","creator":"Sebastian Karcher and Aurimas Vinckevicius","target":"^https?://(find\\.galegroup\\.com/|go\\.galegroup\\.com/gdsc)","priority":100,"lastUpdated":"2018-10-07 16:06:56","browserSupport":"gcsibv","minVersion":"3.0","maxVersion":"","inRepository":true}', 1262275200000]

zotero(3)(+0000008): Getting contents of E:\Kumiko\pythonProject\Zotero\tmp\zotero-0.6.0-smoke-data\translators\Gallica.js

zotero(4)(+0000001): REPLACE INTO translatorCache VALUES (?, ?, ?) ['Gallica.js', '{"translatorID":"58ab2618-4a25-4b9b-83a7-80cd0259f896","translatorType":4,"label":"Gallica","creator":"Philipp Zumstein","target":"^https?://gallica\\.bnf\\.fr","priority":100,"lastUpdated":"2016-09-21 09:49:15","browserSupport":"gcsibv","minVersion":"3.0","maxVersion":"","inRepository":true}', 1262275200000]

zotero(3)(+0000007): Getting contents of E:\Kumiko\pythonProject\Zotero\tmp\zotero-0.6.0-smoke-data\translators\Game Studies.js

zotero(4)(+0000011): REPLACE INTO translatorCache VALUES (?, ?, ?) ['Game Studies.js', '{"translatorID":"8c2c716c-09ba-421a-ae23-a1590d90a95e","translatorType":4,"label":"Game Studies","creator":"John Weis","target":"^https?://gamestudies\\.org/\\d","priority":100,"lastUpdated":"2016-11-01 18:36:12","browserSupport":"gcsibv","minVersion":"2.1.9","maxVersion":"","inRepository":true}', 1262275200000]

zotero(3)(+0000008): Getting contents of E:\Kumiko\pythonProject\Zotero\tmp\zotero-0.6.0-smoke-data\translators\GameSpot.js

zotero(4)(+0000015): REPLACE INTO translatorCache VALUES (?, ?, ?) ['GameSpot.js', '{"translatorID":"9e0bb440-b68d-4743-870c-d57245cfdbda","translatorType":4,"label":"GameSpot","creator":"czar","target":"^https?://(www\\.)?gamespot\\.com","priority":100,"lastUpdated":"2017-03-11 09:11:19","browserSupport":"gcsibv","minVersion":"3.0","maxVersion":"","inRepository":true}', 1262275200000]

zotero(3)(+0000007): Getting contents of E:\Kumiko\pythonProject\Zotero\tmp\zotero-0.6.0-smoke-data\translators\GameStar GamePro.js

zotero(4)(+0000001): REPLACE INTO translatorCache VALUES (?, ?, ?) ['GameStar GamePro.js', '{"translatorID":"c87a910d-70aa-4f33-9bec-f703d63ba84f","translatorType":4,"label":"GameStar/GamePro","creator":"Matthias Mailänder","target":"^https?://(www\\.)?game(star|pro)\\.de","priority":100,"lastUpdated":"2021-06-01 22:28:52","browserSupport":"gcsibv","minVersion":"3.0","maxVersion":"","inRepository":true}', 1262275200000]

zotero(3)(+0000007): Getting contents of E:\Kumiko\pythonProject\Zotero\tmp\zotero-0.6.0-smoke-data\translators\Gasyrlar Awazy.js

zotero(4)(+0000011): REPLACE INTO translatorCache VALUES (?, ?, ?) ['Gasyrlar Awazy.js', '{"translatorID":"8afd6209-ef61-4e64-ae6c-3b2d6f71aa50","translatorType":4,"label":"Gasyrlar Awazy","creator":"Avram Lyon","target":"^https?://www\\.archive\\.gov\\.tatarstan\\.ru/magazine/go/anonymous/main/\\?path=mg:/","priority":100,"lastUpdated":"2012-03-03 23:38:39","browserSupport":"gcsibv","minVersion":"1.0","maxVersion":"","inRepository":true}', 1262275200000]

zotero(3)(+0000007): Getting contents of E:\Kumiko\pythonProject\Zotero\tmp\zotero-0.6.0-smoke-data\translators\Gemeinsamer Bibliotheksverbund ISBN.js

zotero(4)(+0000010): REPLACE INTO translatorCache VALUES (?, ?, ?) ['Gemeinsamer Bibliotheksverbund ISBN.js', '{"translatorID":"b7259652-640b-43f1-94e5-18e2f2268463","translatorType":8,"label":"Gemeinsamer Bibliotheksverbund ISBN","creator":"Philipp Zumstein","target":null,"priority":99,"lastUpdated":"2021-06-30 03:15:48","browserSupport":"gcsibv","minVersion":"4.0","maxVersion":null,"inRepository":true}', 1262275200000]

zotero(3)(+0000007): Getting contents of E:\Kumiko\pythonProject\Zotero\tmp\zotero-0.6.0-smoke-data\translators\Gene Ontology.js

zotero(4)(+0000012): REPLACE INTO translatorCache VALUES (?, ?, ?) ['Gene Ontology.js', '{"translatorID":"cee0cca2-e82a-4618-b6cf-16327970169d","translatorType":4,"label":"Gene Ontology","creator":"Amelia Ireland and Abe Jellinek","target":"^https?://(amigo\\.)?geneontology\\.org/","priority":100,"lastUpdated":"2021-06-18 21:31:51","browserSupport":"gcsibv","minVersion":"2.0","maxVersion":"","inRepository":true}', 1262275200000]

zotero(3)(+0000008): Getting contents of E:\Kumiko\pythonProject\Zotero\tmp\zotero-0.6.0-smoke-data\translators\GitHub.js

zotero(4)(+0000012): REPLACE INTO translatorCache VALUES (?, ?, ?) ['GitHub.js', '{"translatorID":"a7747ba7-42c6-4a22-9415-1dafae6262a9","translatorType":4,"label":"GitHub","creator":"Martin Fenner, Philipp Zumstein","target":"^https?://(www\\.)?github\\.com/([^/]+/[^/]+|search\\?)","priority":100,"lastUpdated":"2021-07-29 19:26:28","browserSupport":"gcsibv","minVersion":"3.0","maxVersion":"","inRepository":true}', 1262275200000]

zotero(3)(+0000007): Getting contents of E:\Kumiko\pythonProject\Zotero\tmp\zotero-0.6.0-smoke-data\translators\Globes.js

zotero(4)(+0000001): REPLACE INTO translatorCache VALUES (?, ?, ?) ['Globes.js', '{"translatorID":"4e9c34ef-89bb-4c7e-97dd-abb61d8b9254","translatorType":4,"label":"Globes","creator":"Eran Rosenthal","target":"^https?://(www\\.)?(en\\.)?globes\\.co\\.il/","priority":100,"lastUpdated":"2019-12-21 07:49:34","browserSupport":"gcsibv","minVersion":"3.0","maxVersion":"","inRepository":true}', 1262275200000]

zotero(3)(+0000007): Getting contents of E:\Kumiko\pythonProject\Zotero\tmp\zotero-0.6.0-smoke-data\translators\Gmail.js

zotero(4)(+0000001): REPLACE INTO translatorCache VALUES (?, ?, ?) ['Gmail.js', '{"translatorID":"58a778cc-25e2-4884-95b3-6b22d7571183","translatorType":4,"label":"Gmail","creator":"Aurimas Vinckevicius","target":"^https?://mail\\.google\\.com/","priority":100,"lastUpdated":"2017-01-01 16:53:13","browserSupport":"gcsb","minVersion":"2.1.9","maxVersion":"","inRepository":true}', 1262275200000]

zotero(3)(+0000007): Getting contents of E:\Kumiko\pythonProject\Zotero\tmp\zotero-0.6.0-smoke-data\translators\GMS German Medical Science.js

zotero(4)(+0000013): REPLACE INTO translatorCache VALUES (?, ?, ?) ['GMS German Medical Science.js', '{"translatorID":"8d5984e8-3ba9-4faa-8b84-a58adae56439","translatorType":4,"label":"GMS German Medical Science","creator":"Philipp Zumstein","target":"^https?://www\\.egms\\.de/static/(de|en)/","priority":100,"lastUpdated":"2018-11-12 15:53:36","browserSupport":"gcsibv","minVersion":"3.0","maxVersion":"","inRepository":true}', 1262275200000]

zotero(3)(+0000006): Getting contents of E:\Kumiko\pythonProject\Zotero\tmp\zotero-0.6.0-smoke-data\translators\Goodreads.js

zotero(4)(+0000012): REPLACE INTO translatorCache VALUES (?, ?, ?) ['Goodreads.js', '{"translatorID":"c3ecf413-ddd6-4d98-86e2-f63054bd2cc8","translatorType":4,"label":"Goodreads","creator":"Abe Jellinek","target":"^https?://www\\.goodreads\\.com/(book/show/|search\\?)","priority":100,"lastUpdated":"2024-12-11 18:50:04","browserSupport":"gcsibv","minVersion":"3.0","maxVersion":"","inRepository":true}', 1262275200000]

zotero(3)(+0000008): Getting contents of E:\Kumiko\pythonProject\Zotero\tmp\zotero-0.6.0-smoke-data\translators\Google Books.js

zotero(4)(+0000013): REPLACE INTO translatorCache VALUES (?, ?, ?) ['Google Books.js', '{"translatorID":"3e684d82-73a3-9a34-095f-19b112d88bbf","translatorType":4,"label":"Google Books","creator":"Simon Kornblith, Michael Berkowitz, Rintze Zelle, and Sebastian Karcher","target":"^https?://(books|www)\\.google\\.[a-z]+(\\.[a-z]+)?/(books(/.*)?\\?(.*id=.*|.*q=.*)|search\\?.*?(btnG=Search\\+Books|tbm=bks)|books/edition/)|^https?://play\\.google\\.[a-z]+(\\.[a-z]+)?/(store/)?(books|search\\?.*c=books)","priority":100,"lastUpdated":"2021-10-12 18:13:54","browserSupport":"gcsbv","minVersion":"2.1.9","maxVersion":"","inRepository":true}', 1262275200000]

zotero(3)(+0000007): Getting contents of E:\Kumiko\pythonProject\Zotero\tmp\zotero-0.6.0-smoke-data\translators\Google Gemini.js

zotero(4)(+0000001): REPLACE INTO translatorCache VALUES (?, ?, ?) ['Google Gemini.js', '{"translatorID":"8a0e0cde-0d21-43f6-915b-d1aab9dd0520","translatorType":4,"label":"Google Gemini","creator":"Abe Jellinek","target":"^https://gemini\\.google\\.com/","priority":100,"lastUpdated":"2025-10-27 15:55:46","browserSupport":"gcsibv","minVersion":"5.0","maxVersion":"","inRepository":true}', 1262275200000]

zotero(3)(+0000007): Getting contents of E:\Kumiko\pythonProject\Zotero\tmp\zotero-0.6.0-smoke-data\translators\Google Patents.js

zotero(4)(+0000014): REPLACE INTO translatorCache VALUES (?, ?, ?) ['Google Patents.js', '{"translatorID":"d71e9b6d-2baa-44ed-acb4-13fe2fe592c0","translatorType":4,"label":"Google Patents","creator":"Philipp Zumstein","target":"^https?://(www\\.)?patents\\.google\\.com/","priority":100,"lastUpdated":"2021-07-05 17:15:19","browserSupport":"gcsibv","minVersion":"4.0","maxVersion":"","inRepository":true}', 1262275200000]

zotero(3)(+0000010): Getting contents of E:\Kumiko\pythonProject\Zotero\tmp\zotero-0.6.0-smoke-data\translators\Google Play.js

zotero(4)(+0000001): REPLACE INTO translatorCache VALUES (?, ?, ?) ['Google Play.js', '{"translatorID":"abc89357-6185-4ddd-8583-80034b754832","translatorType":4,"label":"Google Play","creator":"Avram Lyon","target":"^https?://play\\.google\\.com/","priority":100,"lastUpdated":"2017-06-07 18:01:47","browserSupport":"gcsibv","minVersion":"4.0","maxVersion":"","inRepository":true}', 1262275200000]

zotero(3)(+0000007): Getting contents of E:\Kumiko\pythonProject\Zotero\tmp\zotero-0.6.0-smoke-data\translators\Google Presentation.js

zotero(4)(+0000001): REPLACE INTO translatorCache VALUES (?, ?, ?) ['Google Presentation.js', '{"translatorID":"c114f9fd-6387-4387-853d-fcfe5ab3ac0a","translatorType":4,"label":"Google Presentation","creator":"Philipp Zumstein","target":"^https?://docs\\.google\\.com/presentation/d/","priority":100,"lastUpdated":"2024-02-19 09:33:28","browserSupport":"gcsibv","minVersion":"3.0","maxVersion":"","inRepository":true}', 1262275200000]

zotero(3)(+0000007): Getting contents of E:\Kumiko\pythonProject\Zotero\tmp\zotero-0.6.0-smoke-data\translators\Google Research.js

zotero(4)(+0000001): REPLACE INTO translatorCache VALUES (?, ?, ?) ['Google Research.js', '{"translatorID":"5f1c4a3b-b7cf-4170-a896-e4d82c0621c9","translatorType":4,"label":"Google Research","creator":"Guy Aglionby","target":"^https://research\\.google/(pubs|people|research-areas|teams)","priority":100,"lastUpdated":"2020-01-01 19:36:16","browserSupport":"gcsibv","minVersion":"3.0","maxVersion":"","inRepository":true}', 1262275200000]

zotero(3)(+0000007): Getting contents of E:\Kumiko\pythonProject\Zotero\tmp\zotero-0.6.0-smoke-data\translators\Google Scholar.js

zotero(4)(+0000013): REPLACE INTO translatorCache VALUES (?, ?, ?) ['Google Scholar.js', '{"translatorID":"57a00950-f0d1-4b41-b6ba-44ff0fc30289","translatorType":4,"label":"Google Scholar","creator":"Simon Kornblith, Frank Bennett, Aurimas Vinckevicius","target":"^https?://scholar[-.]google[-.](com|cat|(com?[-.])?[a-z]{2})(\\.[^/]+)?/(scholar(_case|_labs/search/session/\\d+)?\\?|citations\\?)","priority":100,"lastUpdated":"2025-12-11 15:26:53","browserSupport":"gcsibv","minVersion":"3.0","maxVersion":"","inRepository":true}', 1262275200000]

zotero(3)(+0000007): Getting contents of E:\Kumiko\pythonProject\Zotero\tmp\zotero-0.6.0-smoke-data\translators\govinfo.js

zotero(4)(+0000001): REPLACE INTO translatorCache VALUES (?, ?, ?) ['govinfo.js', '{"translatorID":"12a3b1cb-6bbb-4cf9-904f-8f732ee3d1e3","translatorType":4,"label":"govinfo","creator":"Abe Jellinek","target":"https?://www\\.govinfo\\.gov/","priority":100,"lastUpdated":"2022-10-28 14:47:36","browserSupport":"gcsibv","minVersion":"3.0","maxVersion":"","inRepository":true}', 1262275200000]

zotero(3)(+0000007): Getting contents of E:\Kumiko\pythonProject\Zotero\tmp\zotero-0.6.0-smoke-data\translators\GPO Access e-CFR.js

zotero(4)(+0000001): REPLACE INTO translatorCache VALUES (?, ?, ?) ['GPO Access e-CFR.js', '{"translatorID":"dede653d-d1f8-411e-911c-44a0219bbdad","translatorType":4,"label":"GPO Access e-CFR","creator":"Bill McKinney, Sebastian Karcher","target":"^https?://(www\\.)?ecfr\\.gov/cgi-bin/","priority":100,"lastUpdated":"2014-04-03 17:38:54","browserSupport":"gcsibv","minVersion":"3.0","maxVersion":"","inRepository":true}', 1262275200000]

zotero(3)(+0000007): Getting contents of E:\Kumiko\pythonProject\Zotero\tmp\zotero-0.6.0-smoke-data\translators\Gulag Many Days, Many Lives.js

zotero(4)(+0000001): REPLACE INTO translatorCache VALUES (?, ?, ?) ['Gulag Many Days, Many Lives.js', '{"translatorID":"c41c9c66-8540-4216-b138-7c00532748c9","translatorType":4,"label":"Gulag: Many Days, Many Lives","creator":"Adam Crymble","target":"^https?://gulaghistory\\.org","priority":100,"lastUpdated":"2012-01-30 22:49:27","browserSupport":"gcsibv","minVersion":"1.0.0b4.r5","maxVersion":"","inRepository":true}', 1262275200000]

zotero(3)(+0000009): Getting contents of E:\Kumiko\pythonProject\Zotero\tmp\zotero-0.6.0-smoke-data\translators\Haaretz.js

zotero(4)(+0000014): REPLACE INTO translatorCache VALUES (?, ?, ?) ['Haaretz.js', '{"translatorID":"d6f64d96-aa6f-4fd3-816f-bdef842c7088","translatorType":4,"label":"Haaretz","creator":"Eran Rosenthal","target":"^https?://www\\.haaretz\\.(co\\.il|com)/","priority":100,"lastUpdated":"2023-11-05 08:15:35","browserSupport":"gcsibv","minVersion":"3.0","maxVersion":"","inRepository":true}', 1262275200000]

zotero(3)(+0000007): Getting contents of E:\Kumiko\pythonProject\Zotero\tmp\zotero-0.6.0-smoke-data\translators\Habr.js

zotero(4)(+0000001): REPLACE INTO translatorCache VALUES (?, ?, ?) ['Habr.js', '{"translatorID":"b4c54248-6e78-4afc-b566-45fee8cd43b7","translatorType":4,"label":"Habr","creator":"Ilya Zonov","target":"^https://habr\\.com/","priority":100,"lastUpdated":"2025-03-29 18:23:31","browserSupport":"gcsibv","minVersion":"5.0","maxVersion":"","inRepository":true}', 1262275200000]

zotero(3)(+0000007): Getting contents of E:\Kumiko\pythonProject\Zotero\tmp\zotero-0.6.0-smoke-data\translators\HAL.js

zotero(4)(+0000015): REPLACE INTO translatorCache VALUES (?, ?, ?) ['HAL.js', '{"translatorID":"f20f91fe-d875-47e7-9656-0abb928be472","translatorType":4,"label":"HAL","creator":"Sebastian Karcher and Abe Jellinek","target":"^https://([^/.]+\\.)?hal\\.science/","priority":100,"lastUpdated":"2025-10-23 17:03:48","browserSupport":"gcsibv","minVersion":"3.0","maxVersion":"","inRepository":true}', 1262275200000]

zotero(3)(+0000007): Getting contents of E:\Kumiko\pythonProject\Zotero\tmp\zotero-0.6.0-smoke-data\translators\Handelszeitung.js

zotero(4)(+0000013): REPLACE INTO translatorCache VALUES (?, ?, ?) ['Handelszeitung.js', '{"translatorID":"cfbb3e2c-8292-43d0-86d5-e457399107de","translatorType":4,"label":"Handelszeitung","creator":"ibex","target":"^https?://((www\\.)?(handelszeitung|bilanz|stocks)\\.ch/.)","priority":100,"lastUpdated":"2016-10-31 18:41:26","browserSupport":"gcsibv","minVersion":"3.0","maxVersion":"","inRepository":true}', 1262275200000]

zotero(3)(+0000007): Getting contents of E:\Kumiko\pythonProject\Zotero\tmp\zotero-0.6.0-smoke-data\translators\Hanrei Watch.js

zotero(4)(+0000001): REPLACE INTO translatorCache VALUES (?, ?, ?) ['Hanrei Watch.js', '{"translatorID":"8e5f8616-05d0-4d33-8554-dad76b20ecbx","translatorType":4,"label":"Hanrei Watch RSS service","creator":"Frank Bennett","target":"^https?://kanz\\.jp/hanrei/detail/[0-9]+/","priority":100,"lastUpdated":"2012-01-30 22:49:15","browserSupport":"gcsibv","minVersion":"1.0.0b3.r1","maxVersion":"","inRepository":true}', 1262275200000]

zotero(3)(+0000009): Getting contents of E:\Kumiko\pythonProject\Zotero\tmp\zotero-0.6.0-smoke-data\translators\Harper's Magazine.js

zotero(4)(+0000014): REPLACE INTO translatorCache VALUES (?, ?, ?) ['Harper's Magazine.js', '{"translatorID":"36e28164-afac-42c6-9a99-ed757b640002","translatorType":4,"label":"Harper's Magazine","creator":"Abe Jellinek","target":"^https?://(www\\.)?harpers\\.org/","priority":100,"lastUpdated":"2021-07-22 00:16:38","browserSupport":"gcsibv","minVersion":"3.0","maxVersion":"","inRepository":true}', 1262275200000]

zotero(3)(+0000007): Getting contents of E:\Kumiko\pythonProject\Zotero\tmp\zotero-0.6.0-smoke-data\translators\Harvard Business Review.js

zotero(4)(+0000015): REPLACE INTO translatorCache VALUES (?, ?, ?) ['Harvard Business Review.js', '{"translatorID":"afcd2650-9bdb-4489-b279-ec2274a24962","translatorType":4,"label":"Harvard Business Review","creator":"Philipp Zumstein","target":"^https?://(www\\.)?hbr\\.org/","priority":100,"lastUpdated":"2018-10-11 17:02:23","browserSupport":"gcsibv","minVersion":"3.0","maxVersion":"","inRepository":true}', 1262275200000]

zotero(3)(+0000007): Getting contents of E:\Kumiko\pythonProject\Zotero\tmp\zotero-0.6.0-smoke-data\translators\Harvard Caselaw Access Project.js

zotero(4)(+0000001): REPLACE INTO translatorCache VALUES (?, ?, ?) ['Harvard Caselaw Access Project.js', '{"translatorID":"2a1cafb9-6f61-48d3-b621-c3265fde9eba","translatorType":4,"label":"Harvard Caselaw Access Project","creator":"Franklin Pezzuti Dyer","target":"^https://(cite\\.)?case\\.law","priority":100,"lastUpdated":"2024-01-17 01:22:49","browserSupport":"gcsibv","minVersion":"5.0","maxVersion":"","inRepository":true}', 1262275200000]

zotero(3)(+0000007): Getting contents of E:\Kumiko\pythonProject\Zotero\tmp\zotero-0.6.0-smoke-data\translators\Harvard University Press Books.js

zotero(4)(+0000013): REPLACE INTO translatorCache VALUES (?, ?, ?) ['Harvard University Press Books.js', '{"translatorID":"1ffa5e32-a985-49cc-8c74-8b638d2c4142","translatorType":4,"label":"Harvard University Press Books","creator":"Sebastian Karcher","target":"https://www.hup.harvard.edu/(catalog.php|results-list.php)","priority":100,"lastUpdated":"2022-10-06 14:39:23","browserSupport":"gcsibv","minVersion":"5.0","maxVersion":"","inRepository":true}', 1262275200000]

zotero(3)(+0000007): Getting contents of E:\Kumiko\pythonProject\Zotero\tmp\zotero-0.6.0-smoke-data\translators\HathiTrust.js

zotero(4)(+0000015): REPLACE INTO translatorCache VALUES (?, ?, ?) ['HathiTrust.js', '{"translatorID":"31da33ad-b4d9-4e99-b9ea-3e1ddad284d8","translatorType":4,"label":"HathiTrust","creator":"Sebastian Karcher and Abe Jellinek","target":"^https?://(catalog|babel)\\.hathitrust\\.org/","priority":100,"lastUpdated":"2025-04-29 03:02:00","browserSupport":"gcsibv","minVersion":"3.0","maxVersion":"","inRepository":true}', 1262275200000]

zotero(3)(+0000013): Getting contents of E:\Kumiko\pythonProject\Zotero\tmp\zotero-0.6.0-smoke-data\translators\HCSP.js

zotero(4)(+0000012): REPLACE INTO translatorCache VALUES (?, ?, ?) ['HCSP.js', '{"translatorID":"3e375db7-5f6e-4861-ab8b-3ddb0f4accc9","translatorType":4,"label":"HCSP","creator":"Joris Muller","target":"^https?://(www\\.)?hcsp\\.fr/explore\\.cgi/","priority":100,"lastUpdated":"2016-10-31 19:16:45","browserSupport":"gcsibv","minVersion":"3.0","maxVersion":"","inRepository":true}', 1262275200000]

zotero(3)(+0000006): Getting contents of E:\Kumiko\pythonProject\Zotero\tmp\zotero-0.6.0-smoke-data\translators\HeinOnline.js

zotero(4)(+0000012): REPLACE INTO translatorCache VALUES (?, ?, ?) ['HeinOnline.js', '{"translatorID":"3dcbb947-f7e3-4bbd-a4e5-717f3701d624","translatorType":4,"label":"HeinOnline","creator":"Frank Bennett","target":"^https?://(www\\.)?heinonline\\.org/HOL/(LuceneSearch|Page|IFLPMetaData|AuthorProfile)\\?","priority":100,"lastUpdated":"2026-01-09 20:36:33","browserSupport":"gcsibv","minVersion":"3.0","maxVersion":"","inRepository":true}', 1262275200000]

zotero(3)(+0000007): Getting contents of E:\Kumiko\pythonProject\Zotero\tmp\zotero-0.6.0-smoke-data\translators\Heise.js

zotero(4)(+0000010): REPLACE INTO translatorCache VALUES (?, ?, ?) ['Heise.js', '{"translatorID":"54c3bec7-c1bc-4ffa-b103-53759845b6c4","translatorType":4,"label":"Heise","creator":"optiprime, ApoB-100","target":"^https?://www\\.heise\\.de/(suche|select)/","priority":100,"lastUpdated":"2021-05-27 00:40:31","browserSupport":"gcsv","minVersion":"3.0","maxVersion":"","inRepository":true}', 1262275200000]

zotero(3)(+0000007): Getting contents of E:\Kumiko\pythonProject\Zotero\tmp\zotero-0.6.0-smoke-data\translators\Herder.js

zotero(4)(+0000011): REPLACE INTO translatorCache VALUES (?, ?, ?) ['Herder.js', '{"translatorID":"fb23f4a4-d1be-4c41-9f74-4a6fe964a5bf","translatorType":4,"label":"Herder","creator":"Abe Jellinek","target":"^https?://www\\.herder\\.de/","priority":100,"lastUpdated":"2021-07-06 21:21:28","browserSupport":"gcsibv","minVersion":"3.0","maxVersion":"","inRepository":true}', 1262275200000]

zotero(3)(+0000007): Getting contents of E:\Kumiko\pythonProject\Zotero\tmp\zotero-0.6.0-smoke-data\translators\HighBeam.js

zotero(4)(+0000012): REPLACE INTO translatorCache VALUES (?, ?, ?) ['HighBeam.js', '{"translatorID":"9021ee70-1411-45c9-9dd6-f070cc80641a","translatorType":4,"label":"HighBeam","creator":"Philipp Zumstein","target":"^https?://www\\.highbeam\\.com/","priority":100,"lastUpdated":"2018-01-07 09:32:09","browserSupport":"gcsibv","minVersion":"3.0","maxVersion":"","inRepository":true}', 1262275200000]

zotero(3)(+0000008): Getting contents of E:\Kumiko\pythonProject\Zotero\tmp\zotero-0.6.0-smoke-data\translators\HighWire 2.0.js

zotero(4)(+0000011): REPLACE INTO translatorCache VALUES (?, ?, ?) ['HighWire 2.0.js', '{"translatorID":"8c1f42d5-02fa-437b-b2b2-73afc768eb07","translatorType":4,"label":"HighWire 2.0","creator":"Matt Burton, Sebastian Karcher","target":"^[^?#]+(/content/([0-9.]+[A-Z\\-]*/|current|firstcite|early)|/search\\?.*?\\bsubmit=|/search(/results)?\\?fulltext=|/cgi/collection/.|/search/.)","priority":250,"lastUpdated":"2022-06-13 22:14:27","browserSupport":"gcsibv","minVersion":"3.0","maxVersion":"","inRepository":true}', 1262275200000]

zotero(3)(+0000007): Getting contents of E:\Kumiko\pythonProject\Zotero\tmp\zotero-0.6.0-smoke-data\translators\HighWire.js

zotero(4)(+0000001): REPLACE INTO translatorCache VALUES (?, ?, ?) ['HighWire.js', '{"translatorID":"5eacdb93-20b9-4c46-a89b-523f62935ae4","translatorType":4,"label":"HighWire","creator":"Simon Kornblith","target":"^https?://[^/]+/(cgi/searchresults|cgi/search|cgi/content/(abstract|full|short|summary)|current\\.dtl$|content/vol[0-9]+/issue[0-9]+/(index\\.dtl)?$)","priority":250,"lastUpdated":"2015-06-02 17:33:54","browserSupport":"gcsbv","minVersion":"2.1","maxVersion":"","inRepository":true}', 1262275200000]

zotero(3)(+0000007): Getting contents of E:\Kumiko\pythonProject\Zotero\tmp\zotero-0.6.0-smoke-data\translators\Hindawi Publishers.js

zotero(4)(+0000001): REPLACE INTO translatorCache VALUES (?, ?, ?) ['Hindawi Publishers.js', '{"translatorID":"186efdd2-3621-4703-aac6-3b5e286bdd86","translatorType":4,"label":"Hindawi Publishers","creator":"Sebastian Karcher","target":"^https?://www\\.hindawi\\.com/(journals|search)/","priority":100,"lastUpdated":"2021-03-07 03:48:04","browserSupport":"gcsbv","minVersion":"3.0","maxVersion":"","inRepository":true}', 1262275200000]

zotero(3)(+0000007): Getting contents of E:\Kumiko\pythonProject\Zotero\tmp\zotero-0.6.0-smoke-data\translators\Hispanic-American Periodical Index.js

zotero(4)(+0000012): REPLACE INTO translatorCache VALUES (?, ?, ?) ['Hispanic-American Periodical Index.js', '{"translatorID":"cc4b1ea4-3349-4bb4-af55-cce5e06e4669","translatorType":4,"label":"Hispanic-American Periodical Index","creator":"Sebastian Karcher","target":"^https?://hapi\\.ucla\\.edu","priority":100,"lastUpdated":"2021-09-03 18:32:03","browserSupport":"gcsibv","minVersion":"3.0","maxVersion":"","inRepository":true}', 1262275200000]

zotero(3)(+0000007): Getting contents of E:\Kumiko\pythonProject\Zotero\tmp\zotero-0.6.0-smoke-data\translators\Homeland Security Digital Library.js

zotero(4)(+0000011): REPLACE INTO translatorCache VALUES (?, ?, ?) ['Homeland Security Digital Library.js', '{"translatorID":"d8337e3a-434c-457a-a35b-b17e6a7fdccd","translatorType":4,"label":"Homeland Security Digital Library","creator":"Abe Jellinek","target":"^https?://www\\.hsdl\\.org/","priority":100,"lastUpdated":"2021-09-26 20:12:30","browserSupport":"gcsibv","minVersion":"3.0","maxVersion":"","inRepository":true}', 1262275200000]

zotero(3)(+0000008): Getting contents of E:\Kumiko\pythonProject\Zotero\tmp\zotero-0.6.0-smoke-data\translators\Hrvatska enciklopedija.js

zotero(4)(+0000001): REPLACE INTO translatorCache VALUES (?, ?, ?) ['Hrvatska enciklopedija.js', '{"translatorID":"6f98e6ce-f92f-4f74-beaf-499dccb5cb6c","translatorType":4,"label":"Hrvatska enciklopedija","creator":"Ivo Pletikosić","target":"^https?://(?:www\\.)?enciklopedija\\.hr/","priority":100,"lastUpdated":"2025-10-14 21:59:26","browserSupport":"gcsibv","minVersion":"5.0","maxVersion":"","inRepository":true}', 1262275200000]

zotero(3)(+0000007): Getting contents of E:\Kumiko\pythonProject\Zotero\tmp\zotero-0.6.0-smoke-data\translators\HUDOC.js

zotero(4)(+0000014): REPLACE INTO translatorCache VALUES (?, ?, ?) ['HUDOC.js', '{"translatorID":"d541622d-09c3-4e20-b010-c506b2d01151","translatorType":4,"label":"HUDOC","creator":"Jonas Skorzak","target":"^https?://hudoc\\.echr\\.coe\\.int","priority":100,"lastUpdated":"2021-07-19 21:19:21","browserSupport":"gcsibv","minVersion":"4.0","maxVersion":"","inRepository":true}', 1262275200000]

zotero(3)(+0000007): Getting contents of E:\Kumiko\pythonProject\Zotero\tmp\zotero-0.6.0-smoke-data\translators\Huff Post.js

zotero(4)(+0000012): REPLACE INTO translatorCache VALUES (?, ?, ?) ['Huff Post.js', '{"translatorID":"36e34937-2ec3-418b-8199-2c8cc3488875","translatorType":4,"label":"Huff Post","creator":"Philipp Zumstein","target":"^https?://www\\.huffingtonpost\\.com","priority":100,"lastUpdated":"2016-10-31 21:35:41","browserSupport":"gcsibv","minVersion":"3.0","maxVersion":"","inRepository":true}', 1262275200000]

zotero(3)(+0000007): Getting contents of E:\Kumiko\pythonProject\Zotero\tmp\zotero-0.6.0-smoke-data\translators\Human Rights Watch.js

zotero(4)(+0000011): REPLACE INTO translatorCache VALUES (?, ?, ?) ['Human Rights Watch.js', '{"translatorID":"2bd6876f-26ce-43ec-a9af-88616a464ed0","translatorType":4,"label":"Human Rights Watch","creator":"Abe Jellinek","target":"^https?://www\\.hrw\\.org/","priority":100,"lastUpdated":"2021-08-14 03:16:54","browserSupport":"gcsibv","minVersion":"3.0","maxVersion":"","inRepository":true}', 1262275200000]

zotero(3)(+0000007): Getting contents of E:\Kumiko\pythonProject\Zotero\tmp\zotero-0.6.0-smoke-data\translators\IBISWorld.js

zotero(4)(+0000013): REPLACE INTO translatorCache VALUES (?, ?, ?) ['IBISWorld.js', '{"translatorID":"b16d76b4-ce4d-4774-b29c-b6aea71d417b","translatorType":4,"label":"IBISWorld","creator":"Sebastian Karcher","target":"^https?://clients\\d\\.ibisworld\\.com/(reports|search)","priority":100,"lastUpdated":"2014-03-12 04:43:57","browserSupport":"gc","minVersion":"3.0","maxVersion":"","inRepository":true}', 1262275200000]

zotero(3)(+0000007): Getting contents of E:\Kumiko\pythonProject\Zotero\tmp\zotero-0.6.0-smoke-data\translators\IDEA ALM.js

zotero(4)(+0000011): REPLACE INTO translatorCache VALUES (?, ?, ?) ['IDEA ALM.js', '{"translatorID":"af5e71a1-798f-4b46-bc79-3d6ed83ba8f1","translatorType":4,"label":"IDEA ALM","creator":"Abe Jellinek","target":"/((notebook(_f?ext)?)|list)\\.asp","priority":200,"lastUpdated":"2021-07-22 23:39:19","browserSupport":"gcsibv","minVersion":"3.0","maxVersion":"","inRepository":true}', 1262275200000]

zotero(3)(+0000007): Getting contents of E:\Kumiko\pythonProject\Zotero\tmp\zotero-0.6.0-smoke-data\translators\Idref.js

zotero(4)(+0000001): REPLACE INTO translatorCache VALUES (?, ?, ?) ['Idref.js', '{"translatorID":"271ee1a5-da86-465b-b3a5-eafe7bd3c156","translatorType":4,"label":"Idref","creator":"Sylvain Machefert","target":"^https?://www\\.idref\\.fr/","priority":100,"lastUpdated":"2021-06-29 09:01:54","browserSupport":"gcsibv","minVersion":"3.0","maxVersion":"","inRepository":true}', 1262275200000]

zotero(3)(+0000008): Getting contents of E:\Kumiko\pythonProject\Zotero\tmp\zotero-0.6.0-smoke-data\translators\IEEE Computer Society.js

zotero(4)(+0000012): REPLACE INTO translatorCache VALUES (?, ?, ?) ['IEEE Computer Society.js', '{"translatorID":"8d72adbc-376c-4a33-b6be-730bc235190f","translatorType":4,"label":"IEEE Computer Society","creator":"Philipp Zumstein","target":"^https?://(www[0-9]?|search[0-9]?)\\.computer\\.org/(csdl/(mags/[0-9a-z/]+|trans/[0-9a-z/]+|letters/[0-9a-z]+|proceedings/[0-9a-z/]+|doi|abs/proceedings)|search/results|portal/web/computingnow/.*content\\?)","priority":100,"lastUpdated":"2017-06-07 18:52:06","browserSupport":"gcsibv","minVersion":"3.0","maxVersion":"","inRepository":true}', 1262275200000]

zotero(3)(+0000007): Getting contents of E:\Kumiko\pythonProject\Zotero\tmp\zotero-0.6.0-smoke-data\translators\IEEE Xplore.js

zotero(4)(+0000012): REPLACE INTO translatorCache VALUES (?, ?, ?) ['IEEE Xplore.js', '{"translatorID":"92d4ed84-8d0-4d3c-941f-d4b9124cfbb","translatorType":4,"label":"IEEE Xplore","creator":"Simon Kornblith, Michael Berkowitz, Bastian Koenings, and Avram Lyon","target":"^https?://([^/]+\\.)?ieeexplore\\.ieee\\.org/([^#]+[&?]arnumber=\\d+|(abstract/)?document/|search/(searchresult|selected)\\.jsp|xpl/(mostRecentIssue|tocresult)\\.jsp\\?|xpl/conhome/\\d+/proceeding)","priority":100,"lastUpdated":"2025-04-04 18:55:24","browserSupport":"gcsibv","minVersion":"4.0","maxVersion":"","inRepository":true}', 1262275200000]

zotero(3)(+0000006): Getting contents of E:\Kumiko\pythonProject\Zotero\tmp\zotero-0.6.0-smoke-data\translators\IETF.js

zotero(4)(+0000012): REPLACE INTO translatorCache VALUES (?, ?, ?) ['IETF.js', '{"translatorID":"20d5254c-edfb-4728-94be-67828cdfeee3","translatorType":4,"label":"IETF","creator":"Abe Jellinek","target":"^https?://(datatracker\\.ietf\\.org/|www\\.ietf\\.org/archive/id/|tools\\.ietf\\.org/pdf/|www\\.rfc-editor\\.org/)","priority":100,"lastUpdated":"2022-01-14 12:11:37","browserSupport":"gcsibv","minVersion":"3.0","maxVersion":"","inRepository":true}', 1262275200000]

zotero(3)(+0000007): Getting contents of E:\Kumiko\pythonProject\Zotero\tmp\zotero-0.6.0-smoke-data\translators\IGN.js

zotero(4)(+0000015): REPLACE INTO translatorCache VALUES (?, ?, ?) ['IGN.js', '{"translatorID":"d210c5a1-73e1-41ad-a3c9-331d5a3ead48","translatorType":4,"label":"IGN","creator":"czar","target":"^https?://(www\\.)?ign\\.com/articles/","priority":100,"lastUpdated":"2016-06-15 16:37:47","browserSupport":"gcsibv","minVersion":"3.0","maxVersion":"","inRepository":true}', 1262275200000]

zotero(3)(+0000007): Getting contents of E:\Kumiko\pythonProject\Zotero\tmp\zotero-0.6.0-smoke-data\translators\IMDb.js

zotero(4)(+0000012): REPLACE INTO translatorCache VALUES (?, ?, ?) ['IMDb.js', '{"translatorID":"a30274ac-d3d1-4977-80f4-5320613226ec","translatorType":4,"label":"IMDb","creator":"Philipp Zumstien and Abe Jellinek","target":"^https?://www\\.imdb\\.com/","priority":100,"lastUpdated":"2025-07-29 17:25:50","browserSupport":"gcsibv","minVersion":"3.0","maxVersion":"","inRepository":true}', 1262275200000]

zotero(3)(+0000006): Getting contents of E:\Kumiko\pythonProject\Zotero\tmp\zotero-0.6.0-smoke-data\translators\In These Times.js

zotero(4)(+0000013): REPLACE INTO translatorCache VALUES (?, ?, ?) ['In These Times.js', '{"translatorID":"88268d51-dc41-4f98-bb93-d13af50ba1ab","translatorType":4,"label":"In These Times","creator":"Sebastian Karcher","target":"^https?://(www\\.)?inthesetimes\\.com","priority":100,"lastUpdated":"2016-11-01 17:45:07","browserSupport":"gcsbv","minVersion":"2.1.9","maxVersion":"","inRepository":true}', 1262275200000]

zotero(3)(+0000009): Getting contents of E:\Kumiko\pythonProject\Zotero\tmp\zotero-0.6.0-smoke-data\translators\Ined.js

zotero(4)(+0000010): REPLACE INTO translatorCache VALUES (?, ?, ?) ['Ined.js', '{"translatorID":"dd5761aa-4145-4911-b45c-16c78cfc24c8","translatorType":4,"label":"Ined","creator":"Mysciencework","target":"^https?://archined\\.ined\\.fr/","priority":100,"lastUpdated":"2025-12-04 18:32:52","browserSupport":"gcsibv","minVersion":"3.0","maxVersion":"","inRepository":true}', 1262275200000]

zotero(3)(+0000007): Getting contents of E:\Kumiko\pythonProject\Zotero\tmp\zotero-0.6.0-smoke-data\translators\Informationssystem Medienpaedagogik.js

zotero(4)(+0000011): REPLACE INTO translatorCache VALUES (?, ?, ?) ['Informationssystem Medienpaedagogik.js', '{"translatorID":"f4469574-1d96-4a4a-a0ac-1b9f7c49654b","translatorType":4,"label":"Informationssystem Medienpaedagogik","creator":"Sebastian Karcher","target":"^https?://www\\.ism-info\\.de/ism-info\\.html\\?","priority":100,"lastUpdated":"2017-01-01 16:54:04","browserSupport":"gcsibv","minVersion":"3.0","maxVersion":"","inRepository":true}', 1262275200000]

zotero(3)(+0000007): Getting contents of E:\Kumiko\pythonProject\Zotero\tmp\zotero-0.6.0-smoke-data\translators\informIT database.js

zotero(4)(+0000011): REPLACE INTO translatorCache VALUES (?, ?, ?) ['informIT database.js', '{"translatorID":"add79dfd-7951-4c72-af1d-ce1d50aa4fb4","translatorType":4,"label":"informIT database","creator":"Adam Crymble, Sebastian Karcher","target":"^https?://www\\.informit\\.com","priority":100,"lastUpdated":"2012-10-15 10:37:49","browserSupport":"gcsibv","minVersion":"2.1.9","maxVersion":"","inRepository":true}', 1262275200000]

zotero(3)(+0000007): Getting contents of E:\Kumiko\pythonProject\Zotero\tmp\zotero-0.6.0-smoke-data\translators\InfoTrac.js

zotero(4)(+0000012): REPLACE INTO translatorCache VALUES (?, ?, ?) ['InfoTrac.js', '{"translatorID":"6773a9af-5375-3224-d148-d32793884dec","translatorType":4,"label":"InfoTrac","creator":"Simon Kornblith","target":"^https?://[^/]+/itw/infomark/","priority":250,"lastUpdated":"2021-12-28 04:42:55","browserSupport":"gcsibv","minVersion":"1.0.0b3.r1","maxVersion":"","inRepository":true}', 1262275200000]

zotero(3)(+0000009): Getting contents of E:\Kumiko\pythonProject\Zotero\tmp\zotero-0.6.0-smoke-data\translators\IngentaConnect.js

zotero(4)(+0000013): REPLACE INTO translatorCache VALUES (?, ?, ?) ['IngentaConnect.js', '{"translatorID":"9e306d5d-193f-44ae-9dd6-ace63bf47689","translatorType":4,"label":"IngentaConnect","creator":"Michael Berkowitz","target":"^https?://(www\\.)?ingentaconnect\\.com","priority":100,"lastUpdated":"2022-07-12 05:41:32","browserSupport":"gcsibv","minVersion":"3.0","maxVersion":"","inRepository":true}', 1262275200000]

zotero(3)(+0000007): Getting contents of E:\Kumiko\pythonProject\Zotero\tmp\zotero-0.6.0-smoke-data\translators\Inside Higher Ed.js

zotero(4)(+0000001): REPLACE INTO translatorCache VALUES (?, ?, ?) ['Inside Higher Ed.js', '{"translatorID":"ef365b99-3797-4a01-a1d8-9aea9a7e9548","translatorType":4,"label":"Inside Higher Ed","creator":"Sebastian Karcher","target":"^https?://www\\.insidehighered\\.com","priority":100,"lastUpdated":"2021-10-11 01:45:31","browserSupport":"gcsibv","minVersion":"3.0","maxVersion":"","inRepository":true}', 1262275200000]

zotero(3)(+0000007): Getting contents of E:\Kumiko\pythonProject\Zotero\tmp\zotero-0.6.0-smoke-data\translators\Insignia OPAC.js

zotero(4)(+0000003): REPLACE INTO translatorCache VALUES (?, ?, ?) ['Insignia OPAC.js', '{"translatorID":"abd7c626-6913-42d4-a05f-acc6683c69da","translatorType":4,"label":"Insignia OPAC","creator":"Niko","target":"^https?://[^/]+/(library|crts)/[^/?#]+\\.aspx","priority":100,"lastUpdated":"2017-01-01 15:21:20","browserSupport":"gcs","minVersion":"3.0","maxVersion":"","inRepository":true}', 1262275200000]

zotero(3)(+0000009): Getting contents of E:\Kumiko\pythonProject\Zotero\tmp\zotero-0.6.0-smoke-data\translators\INSPIRE.js

zotero(4)(+0000001): REPLACE INTO translatorCache VALUES (?, ?, ?) ['INSPIRE.js', '{"translatorID":"17b1a93f-b342-4b54-ad50-08ecc26e0ac3","translatorType":4,"label":"INSPIRE","creator":"Abe Jellinek","target":"^https?://inspirehep\\.net/","priority":100,"lastUpdated":"2023-04-06 18:53:02","browserSupport":"gcsibv","minVersion":"3.0","maxVersion":"","inRepository":true}', 1262275200000]

zotero(3)(+0000009): Getting contents of E:\Kumiko\pythonProject\Zotero\tmp\zotero-0.6.0-smoke-data\translators\Institute of Contemporary Art.js

zotero(4)(+0000014): REPLACE INTO translatorCache VALUES (?, ?, ?) ['Institute of Contemporary Art.js', '{"translatorID":"9b1a3011-af6d-47d8-ac01-ec8c42d5ac58","translatorType":4,"label":"Institute of Contemporary Art","creator":"Abe Jellinek","target":"^https?://www\\.icaboston\\.org/","priority":100,"lastUpdated":"2021-07-16 15:43:34","browserSupport":"gcsibv","minVersion":"3.0","maxVersion":"","inRepository":true}', 1262275200000]

zotero(3)(+0000007): Getting contents of E:\Kumiko\pythonProject\Zotero\tmp\zotero-0.6.0-smoke-data\translators\Institute of Physics.js

zotero(4)(+0000013): REPLACE INTO translatorCache VALUES (?, ?, ?) ['Institute of Physics.js', '{"translatorID":"9346ddef-126b-47ec-afef-8809ed1972ab","translatorType":4,"label":"Institute of Physics","creator":"Michael Berkowitz and Avram Lyon and Sebastian Karcher","target":"^https?://iopscience\\.iop\\.org/((article/10\\.[^/]+/)?[0-9-X]+/.+|n?search\\?.+)","priority":99,"lastUpdated":"2016-11-01 12:54:14","browserSupport":"gcsbv","minVersion":"3.0","maxVersion":"","inRepository":true}', 1262275200000]

zotero(3)(+0000008): Getting contents of E:\Kumiko\pythonProject\Zotero\tmp\zotero-0.6.0-smoke-data\translators\Integrum.js

zotero(4)(+0000015): REPLACE INTO translatorCache VALUES (?, ?, ?) ['Integrum.js', '{"translatorID":"570d4c35-a16d-48f9-aa73-6161d067da79","translatorType":4,"label":"Integrum","creator":"Sebastian Karcher","target":"^https?://aafnet\\.integrum\\.ru/","priority":100,"lastUpdated":"2017-12-05 03:14:12","browserSupport":"gcsibv","minVersion":"3","maxVersion":"","inRepository":true}', 1262275200000]

zotero(3)(+0000008): Getting contents of E:\Kumiko\pythonProject\Zotero\tmp\zotero-0.6.0-smoke-data\translators\Intellixir.js

zotero(4)(+0000015): REPLACE INTO translatorCache VALUES (?, ?, ?) ['Intellixir.js', '{"translatorID":"20e87da1-e1c9-410d-b400-a1c27272ae19","translatorType":4,"label":"Intellixir","creator":"Maxime Escourbiac","target":"/intellixir/(afficheliste\\.aspx|liste_articles\\.aspx)","priority":100,"lastUpdated":"2017-01-01 16:54:26","browserSupport":"gcsb","minVersion":"3.0","maxVersion":"","inRepository":true}', 1262275200000]

zotero(3)(+0000013): Getting contents of E:\Kumiko\pythonProject\Zotero\tmp\zotero-0.6.0-smoke-data\translators\Inter-Research Science Center.js

zotero(4)(+0000016): REPLACE INTO translatorCache VALUES (?, ?, ?) ['Inter-Research Science Center.js', '{"translatorID":"0eeb2ac0-fbaf-4994-b98f-203d273eb9fa","translatorType":4,"label":"Inter-Research Science Center","creator":"Philipp Zumstein","target":"^https?://www\\.int-res\\.com/","priority":100,"lastUpdated":"2017-10-22 20:07:17","browserSupport":"gcsibv","minVersion":"3.0","maxVersion":"","inRepository":true}', 1262275200000]

zotero(3)(+0000007): Getting contents of E:\Kumiko\pythonProject\Zotero\tmp\zotero-0.6.0-smoke-data\translators\International Nuclear Information System.js

zotero(4)(+0000014): REPLACE INTO translatorCache VALUES (?, ?, ?) ['International Nuclear Information System.js', '{"translatorID":"374c83fa-58ef-47cf-af23-e42630203ce7","translatorType":4,"label":"International Nuclear Information System","creator":"Abe Jellinek","target":"^https?://inis\\.iaea\\.org/","priority":100,"lastUpdated":"2021-08-12 23:15:14","browserSupport":"gcsibv","minVersion":"3.0","maxVersion":"","inRepository":true}', 1262275200000]

zotero(3)(+0000007): Getting contents of E:\Kumiko\pythonProject\Zotero\tmp\zotero-0.6.0-smoke-data\translators\Internet Archive Scholar.js

zotero(4)(+0000001): REPLACE INTO translatorCache VALUES (?, ?, ?) ['Internet Archive Scholar.js', '{"translatorID":"41c2be3b-eb2f-441e-b987-c98f9318e841","translatorType":4,"label":"Internet Archive Scholar","creator":"Abe Jellinek","target":"^https://scholar\\.archive\\.org/","priority":100,"lastUpdated":"2021-06-22 07:47:04","browserSupport":"gcsibv","minVersion":"3.0","maxVersion":"","inRepository":true}', 1262275200000]

zotero(3)(+0000007): Getting contents of E:\Kumiko\pythonProject\Zotero\tmp\zotero-0.6.0-smoke-data\translators\Internet Archive Wayback Machine.js

zotero(4)(+0000014): REPLACE INTO translatorCache VALUES (?, ?, ?) ['Internet Archive Wayback Machine.js', '{"translatorID":"513a53f5-b95e-4df6-a03e-3348d9ec9f44","translatorType":4,"label":"Internet Archive Wayback Machine","creator":"Sean Takats, Philipp Zumstein","target":"^https?://web\\.archive\\.org/web/","priority":100,"lastUpdated":"2021-06-09 19:05:33","browserSupport":"gcsibv","minVersion":"1.0","maxVersion":"","inRepository":true}', 1262275200000]

zotero(3)(+0000006): Getting contents of E:\Kumiko\pythonProject\Zotero\tmp\zotero-0.6.0-smoke-data\translators\Internet Archive.js

zotero(4)(+0000014): REPLACE INTO translatorCache VALUES (?, ?, ?) ['Internet Archive.js', '{"translatorID":"db0f4858-10fa-4f76-976c-2592c95f029c","translatorType":4,"label":"Internet Archive","creator":"Adam Crymble, Sebastian Karcher","target":"^https?://(www\\.)?archive\\.org/","priority":100,"lastUpdated":"2020-07-16 13:38:10","browserSupport":"gcsibv","minVersion":"3.0","maxVersion":"","inRepository":true}', 1262275200000]

zotero(3)(+0000008): Getting contents of E:\Kumiko\pythonProject\Zotero\tmp\zotero-0.6.0-smoke-data\translators\InvenioRDM.js

zotero(4)(+0000012): REPLACE INTO translatorCache VALUES (?, ?, ?) ['InvenioRDM.js', '{"translatorID":"a714cb93-6595-482f-b371-a4ca0be14449","translatorType":4,"label":"InvenioRDM","creator":"Philipp Zumstein, Sebastian Karcher and contributors","target":"^https?://(zenodo\\.org|sandbox\\.zenodo\\.org|repository\\.cern|data\\.caltech\\.edu|repository\\.tugraz\\.at|researchdata\\.tuwien\\.at|ultraviolet\\.library\\.nyu\\.edu|adc\\.ei-basel\\.hasdai\\.org|fdat\\.uni-tuebingen\\.de|www\\.fdr\\.uni-hamburg\\.de|rodare\\.hzdr\\.de|aperta\\.ulakbim.gov\\.tr|www\\.openaccessrepository\\.it|eic-zenodo\\.sdcc\\.bnl\\.gov)","priority":100,"lastUpdated":"2026-05-19 15:16:47","browserSupport":"gcsibv","minVersion":"6.0","maxVersion":"","inRepository":true}', 1262275200000]

zotero(3)(+0000007): Getting contents of E:\Kumiko\pythonProject\Zotero\tmp\zotero-0.6.0-smoke-data\translators\io-port.js

zotero(4)(+0000011): REPLACE INTO translatorCache VALUES (?, ?, ?) ['io-port.js', '{"translatorID":"1c0c63d9-4a95-44d4-b441-173cdc1b8688","translatorType":4,"label":"io-port","creator":"Sebastian Karcher","target":"^https?://www\\.zentralblatt-math\\.org/ioport/","priority":100,"lastUpdated":"2014-03-08 16:26:00","browserSupport":"g","minVersion":"3.0","maxVersion":"","inRepository":true}', 1262275200000]

zotero(3)(+0000007): Getting contents of E:\Kumiko\pythonProject\Zotero\tmp\zotero-0.6.0-smoke-data\translators\IPCC.js

zotero(4)(+0000013): REPLACE INTO translatorCache VALUES (?, ?, ?) ['IPCC.js', '{"translatorID":"c6efb3a8-a6c9-4ff2-b1c5-27fb4b5b2935","translatorType":4,"label":"IPCC","creator":"Abe Jellinek","target":"^https?://www\\.ipcc\\.ch/report/","priority":100,"lastUpdated":"2023-09-18 01:10:08","browserSupport":"gcsibv","minVersion":"3.0","maxVersion":"","inRepository":true}', 1262275200000]

zotero(3)(+0000007): Getting contents of E:\Kumiko\pythonProject\Zotero\tmp\zotero-0.6.0-smoke-data\translators\Isidore.js

zotero(4)(+0000012): REPLACE INTO translatorCache VALUES (?, ?, ?) ['Isidore.js', '{"translatorID":"43a53465-0354-42fd-aba9-dc1af8be7061","translatorType":4,"label":"Isidore","creator":"Abe Jellinek","target":"^https?://(www\\.)?isidore\\.science/","priority":100,"lastUpdated":"2021-06-29 03:29:14","browserSupport":"gcsibv","minVersion":"3.0","maxVersion":"","inRepository":true}', 1262275200000]

zotero(3)(+0000006): Getting contents of E:\Kumiko\pythonProject\Zotero\tmp\zotero-0.6.0-smoke-data\translators\ISTC.js

zotero(4)(+0000001): REPLACE INTO translatorCache VALUES (?, ?, ?) ['ISTC.js', '{"translatorID":"29051e64-8eba-4b26-bbf1-0c224bc59497","translatorType":4,"label":"ISTC","creator":"Maike Kittelmann","target":"^https?://data\\.cerl\\.org/istc/(_search|i[a-z]\\d{8})","priority":100,"lastUpdated":"2016-12-28 14:39:45","browserSupport":"gcsibv","minVersion":"3.0","maxVersion":"","inRepository":true}', 1262275200000]

zotero(3)(+0000008): Getting contents of E:\Kumiko\pythonProject\Zotero\tmp\zotero-0.6.0-smoke-data\translators\J-Stage.js

zotero(4)(+0000011): REPLACE INTO translatorCache VALUES (?, ?, ?) ['J-Stage.js', '{"translatorID":"e40a27bc-0eef-4c50-b78b-37274808d7d2","translatorType":4,"label":"J-Stage","creator":"Sebastian Karcher, Satoshi Ando","target":"^https?://www\\.jstage\\.jst\\.go\\.jp/","priority":100,"lastUpdated":"2023-10-06 07:23:03","browserSupport":"gcsibv","minVersion":"3.0","maxVersion":"","inRepository":true}', 1262275200000]

zotero(3)(+0000007): Getting contents of E:\Kumiko\pythonProject\Zotero\tmp\zotero-0.6.0-smoke-data\translators\Jahrbuch.js

zotero(4)(+0000012): REPLACE INTO translatorCache VALUES (?, ?, ?) ['Jahrbuch.js', '{"translatorID":"e5e34825-1314-43bd-a9fe-f38f6ab48403","translatorType":4,"label":"Jahrbuch","creator":"Aurimas Vinckevicius","target":"^https?://www\\.emis\\.de/cgi-bin/jfmen/MATH/JFM/","priority":100,"lastUpdated":"2017-11-04 10:50:28","browserSupport":"gcsv","minVersion":"3.0","maxVersion":"","inRepository":true}', 1262275200000]

zotero(3)(+0000007): Getting contents of E:\Kumiko\pythonProject\Zotero\tmp\zotero-0.6.0-smoke-data\translators\Japan Times Online.js

zotero(4)(+0000013): REPLACE INTO translatorCache VALUES (?, ?, ?) ['Japan Times Online.js', '{"translatorID":"b56d756e-934e-4b46-bc58-d61dccc9f32f","translatorType":4,"label":"Japan Times Online","creator":"Sebastian Karcher","target":"^https?://(www|search)\\.japantimes\\.co\\.jp/(cgi-bin|gsearch|search-results|features|entertainment|sports|life|news|rss|\\?)","priority":100,"lastUpdated":"2016-11-01 18:46:38","browserSupport":"gcsibv","minVersion":"2.1.9","maxVersion":"","inRepository":true}', 1262275200000]

zotero(3)(+0000007): Getting contents of E:\Kumiko\pythonProject\Zotero\tmp\zotero-0.6.0-smoke-data\translators\JETS.js

zotero(4)(+0000017): REPLACE INTO translatorCache VALUES (?, ?, ?) ['JETS.js', '{"translatorID":"e7bb82b1-cebf-432c-96df-1c5211f59927","translatorType":4,"label":"JETS","creator":"Luke van der Hoeven","target":"^https?://(www\\.)?etsjets\\.org/","priority":100,"lastUpdated":"2021-06-18 00:00:50","browserSupport":"gcsibv","minVersion":"3.0","maxVersion":"","inRepository":true}', 1262275200000]

zotero(3)(+0000007): Getting contents of E:\Kumiko\pythonProject\Zotero\tmp\zotero-0.6.0-smoke-data\translators\JISC Historical Texts.js

zotero(4)(+0000013): REPLACE INTO translatorCache VALUES (?, ?, ?) ['JISC Historical Texts.js', '{"translatorID":"327cacea-9603-4554-91a8-ed0587e0d83a","translatorType":4,"label":"JISC Historical Texts","creator":"Sebastian Karcher","target":"^https?://(data\\.)?[^/]*historicaltexts\\.jisc\\.ac\\.uk/(view|results)\\?","priority":100,"lastUpdated":"2021-06-07 16:45:40","browserSupport":"gcsibv","minVersion":"4.0","maxVersion":"","inRepository":true}', 1262275200000]

zotero(3)(+0000010): Getting contents of E:\Kumiko\pythonProject\Zotero\tmp\zotero-0.6.0-smoke-data\translators\Journal of Electronic Publishing.js

zotero(4)(+0000002): REPLACE INTO translatorCache VALUES (?, ?, ?) ['Journal of Electronic Publishing.js', '{"translatorID":"d93c14fb-d327-4540-b60a-327309ea512b","translatorType":4,"label":"Journal of Electronic Publishing","creator":"Sebastian Karcher","target":"^https?://quod\\.lib\\.umich\\.edu/j/jep","priority":100,"lastUpdated":"2018-01-31 20:16:13","browserSupport":"gcsibv","minVersion":"3.0","maxVersion":"","inRepository":true}', 1262275200000]

zotero(3)(+0000007): Getting contents of E:\Kumiko\pythonProject\Zotero\tmp\zotero-0.6.0-smoke-data\translators\Journal of Extension.js

zotero(4)(+0000016): REPLACE INTO translatorCache VALUES (?, ?, ?) ['Journal of Extension.js', '{"translatorID":"7e56f792-e96b-42a1-913c-40c69cc9ce40","translatorType":4,"label":"Journal of Extension","creator":"John Weis","target":"^https?://www\\.joe\\.org/","priority":100,"lastUpdated":"2016-11-01 18:47:05","browserSupport":"gcsibv","minVersion":"2.1.9","maxVersion":"","inRepository":true}', 1262275200000]

zotero(3)(+0000007): Getting contents of E:\Kumiko\pythonProject\Zotero\tmp\zotero-0.6.0-smoke-data\translators\Journal of Machine Learning Research.js

zotero(4)(+0000012): REPLACE INTO translatorCache VALUES (?, ?, ?) ['Journal of Machine Learning Research.js', '{"translatorID":"c5abbc55-98a1-4557-a295-841c7ae7dfea","translatorType":4,"label":"Journal of Machine Learning Research","creator":"Abe Jellinek","target":"^https?://((www\\.)?(jmlr\\.(org|csail\\.mit\\.edu))/(papers/v|mloss/)|proceedings\\.mlr\\.press/v)","priority":100,"lastUpdated":"2021-09-16 20:23:32","browserSupport":"gcsibv","minVersion":"3.0","maxVersion":"","inRepository":true}', 1262275200000]

zotero(3)(+0000007): Getting contents of E:\Kumiko\pythonProject\Zotero\tmp\zotero-0.6.0-smoke-data\translators\Journal of Religion and Society.js

zotero(4)(+0000001): REPLACE INTO translatorCache VALUES (?, ?, ?) ['Journal of Religion and Society.js', '{"translatorID":"e969da6b-30c9-4b26-8fcc-c2d78bce685f","translatorType":4,"label":"Journal of Religion and Society","creator":"Vincent Carret","target":"^https?://(www\\.)?moses\\.creighton\\.edu/JRS","priority":100,"lastUpdated":"2021-07-14 20:06:32","browserSupport":"gcsibv","minVersion":"3.0","maxVersion":"","inRepository":true}', 1262275200000]

zotero(3)(+0000007): Getting contents of E:\Kumiko\pythonProject\Zotero\tmp\zotero-0.6.0-smoke-data\translators\JRC Publications Repository.js

zotero(4)(+0000012): REPLACE INTO translatorCache VALUES (?, ?, ?) ['JRC Publications Repository.js', '{"translatorID":"03df2575-dbd9-49aa-9e58-1e6edd86d562","translatorType":4,"label":"JRC Publications Repository","creator":"Philipp Zumstein","target":"^https?://(www\\.)?publications\\.jrc\\.ec\\.europa\\.eu/repository/(handle/|simple-search\\?|browse\\?)","priority":100,"lastUpdated":"2017-01-01 15:24:49","browserSupport":"gcsibv","minVersion":"3.0","maxVersion":"","inRepository":true}', 1262275200000]

zotero(3)(+0000008): Getting contents of E:\Kumiko\pythonProject\Zotero\tmp\zotero-0.6.0-smoke-data\translators\JSTOR.js

zotero(4)(+0000013): REPLACE INTO translatorCache VALUES (?, ?, ?) ['JSTOR.js', '{"translatorID":"d921155f-0186-1684-615c-ca57682ced9b","translatorType":4,"label":"JSTOR","creator":"Simon Kornblith, Sean Takats, Michael Berkowitz, Eli Osherovich, czar","target":"^https?://([^/]+\\.)?jstor\\.org/(discover/|action/(showArticle|doBasicSearch|doAdvancedSearch|doLocatorSearch|doAdvancedResults|doBasicResults)|stable/|pss/|openurl\\?|sici\\?)","priority":100,"lastUpdated":"2024-03-31 15:58:08","browserSupport":"gcsibv","minVersion":"3.0.12","maxVersion":"","inRepository":true}', 1262275200000]

zotero(3)(+0000007): Getting contents of E:\Kumiko\pythonProject\Zotero\tmp\zotero-0.6.0-smoke-data\translators\Juricaf.js

zotero(4)(+0000001): REPLACE INTO translatorCache VALUES (?, ?, ?) ['Juricaf.js', '{"translatorID":"86168097-0ce0-4c77-ba34-8bd57f47a3d3","translatorType":4,"label":"Juricaf","creator":"Guillaume Adreani and Abe Jellinek","target":"^https?://(www\\.)?juricaf\\.org/(arret|recherche)/","priority":100,"lastUpdated":"2021-07-12 16:37:43","browserSupport":"gcsibv","minVersion":"3.0","maxVersion":"","inRepository":true}', 1262275200000]

zotero(3)(+0000006): Getting contents of E:\Kumiko\pythonProject\Zotero\tmp\zotero-0.6.0-smoke-data\translators\jurion.js

zotero(4)(+0000012): REPLACE INTO translatorCache VALUES (?, ?, ?) ['jurion.js', '{"translatorID":"dc78e210-31da-4fe5-99d6-1ea1a61874ca","translatorType":4,"label":"jurion","creator":"Philipp Zumstein","target":"^https?://www\\.recht\\.jurion\\.de/","priority":100,"lastUpdated":"2017-01-30 20:15:34","browserSupport":"gcsibv","minVersion":"3.0","maxVersion":"","inRepository":true}', 1262275200000]

zotero(3)(+0000007): Getting contents of E:\Kumiko\pythonProject\Zotero\tmp\zotero-0.6.0-smoke-data\translators\Juris.js

zotero(4)(+0000012): REPLACE INTO translatorCache VALUES (?, ?, ?) ['Juris.js', '{"translatorID":"bc2ec385-e60a-4899-96ae-d4f0d6574ad7","translatorType":4,"label":"Juris","creator":"Reto Mantz","target":"^https?://(www\\.|testsystem\\.)?juris\\.de/","priority":100,"lastUpdated":"2018-08-27 10:42:50","browserSupport":"gcsibv","minVersion":"3.0","maxVersion":"","inRepository":true}', 1262275200000]

zotero(3)(+0000007): Getting contents of E:\Kumiko\pythonProject\Zotero\tmp\zotero-0.6.0-smoke-data\translators\JurPC.js

zotero(4)(+0000012): REPLACE INTO translatorCache VALUES (?, ?, ?) ['JurPC.js', '{"translatorID":"b662c6eb-e478-46bd- bad4-23cdfd0c9d67","translatorType":4,"label":"JurPC","creator":"Oliver Vivell and Michael Berkowitz","target":"^https?://www\\.jurpc\\.de/jurpc/show\\?id=","priority":100,"lastUpdated":"2021-06-07 18:03:03","browserSupport":"gcsibv","minVersion":"3.0","maxVersion":"","inRepository":true}', 1262275200000]

zotero(3)(+0000007): Getting contents of E:\Kumiko\pythonProject\Zotero\tmp\zotero-0.6.0-smoke-data\translators\K10plus ISBN.js

zotero(4)(+0000013): REPLACE INTO translatorCache VALUES (?, ?, ?) ['K10plus ISBN.js', '{"translatorID":"de0eef58-cb39-4410-ada0-6b39f43383f9","translatorType":8,"label":"K10plus ISBN","creator":"Philipp Zumstein","target":"","priority":99,"lastUpdated":"2024-10-09 14:20:54","browserSupport":"g","minVersion":"4.0","maxVersion":"","inRepository":true}', 1262275200000]

zotero(3)(+0000007): Getting contents of E:\Kumiko\pythonProject\Zotero\tmp\zotero-0.6.0-smoke-data\translators\Kanopy.js

zotero(4)(+0000012): REPLACE INTO translatorCache VALUES (?, ?, ?) ['Kanopy.js', '{"translatorID":"595f70a0-9f64-459c-a4b1-658c8193bf7f","translatorType":4,"label":"Kanopy","creator":"Abe Jellinek","target":"^https?://[^/]+\\.kanopy\\.com/","priority":100,"lastUpdated":"2021-08-16 23:36:22","browserSupport":"gcsibv","minVersion":"3.0","maxVersion":"","inRepository":true}', 1262275200000]

zotero(3)(+0000007): Getting contents of E:\Kumiko\pythonProject\Zotero\tmp\zotero-0.6.0-smoke-data\translators\Khaama Press.js

zotero(4)(+0000012): REPLACE INTO translatorCache VALUES (?, ?, ?) ['Khaama Press.js', '{"translatorID":"dfb58faa-d501-4de8-8e03-ea84ef8986cd","translatorType":4,"label":"Khaama Press","creator":"Abe Jellinek","target":"^https?://www\\.khaama\\.com/","priority":100,"lastUpdated":"2021-08-16 03:29:02","browserSupport":"gcsibv","minVersion":"3.0","maxVersion":"","inRepository":true}', 1262275200000]

zotero(3)(+0000007): Getting contents of E:\Kumiko\pythonProject\Zotero\tmp\zotero-0.6.0-smoke-data\translators\KiM.js

zotero(4)(+0000011): REPLACE INTO translatorCache VALUES (?, ?, ?) ['KiM.js', '{"translatorID":"429936dd-ad60-4e23-b346-569c85d17e0b","translatorType":4,"label":"KiM","creator":"Ewout ter Hoeven","target":"^https?://[^/]*kimnet\\.nl/document","priority":100,"lastUpdated":"2026-01-02 16:28:12","browserSupport":"gcsibv","minVersion":"5.0","maxVersion":"","inRepository":true}', 1262275200000]

zotero(3)(+0000007): Getting contents of E:\Kumiko\pythonProject\Zotero\tmp\zotero-0.6.0-smoke-data\translators\KitapYurdu.com.js

zotero(4)(+0000012): REPLACE INTO translatorCache VALUES (?, ?, ?) ['KitapYurdu.com.js', '{"translatorID":"d3f35d5a-55da-4e07-be7d-b4d2a821279f","translatorType":4,"label":"KitapYurdu.com","creator":"Hasan Huseyin DER","target":"^https?://www\\.kitapyurdu\\.com/","priority":100,"lastUpdated":"2022-02-08 18:18:10","browserSupport":"gcsibv","minVersion":"3.0","maxVersion":"","inRepository":true}', 1262275200000]

zotero(3)(+0000008): Getting contents of E:\Kumiko\pythonProject\Zotero\tmp\zotero-0.6.0-smoke-data\translators\Kommersant.js

zotero(4)(+0000013): REPLACE INTO translatorCache VALUES (?, ?, ?) ['Kommersant.js', '{"translatorID":"43bc17ed-e994-4fdb-ac28-594c839658ca","translatorType":4,"label":"Kommersant","creator":"Avram Lyon","target":"^https?://(www\\.)?kommersant\\.ru/","priority":100,"lastUpdated":"2017-01-01 16:02:40","browserSupport":"gcsibv","minVersion":"2.1","maxVersion":"","inRepository":true}', 1262275200000]

zotero(3)(+0000007): Getting contents of E:\Kumiko\pythonProject\Zotero\tmp\zotero-0.6.0-smoke-data\translators\Korean National Library.js

zotero(4)(+0000012): REPLACE INTO translatorCache VALUES (?, ?, ?) ['Korean National Library.js', '{"translatorID":"b077ea16-c6d6-48f8-906a-05a193da4c2f","translatorType":4,"label":"Korean National Library","creator":"Sebastian Karcher","target":"^https?://www\\.nl\\.go\\.kr/(EN|NL)/contents/(eng)?[sS]earch\\.do","priority":100,"lastUpdated":"2026-04-01 18:00:00","browserSupport":"gcsibv","minVersion":"5.0","maxVersion":"","inRepository":true}', 1262275200000]

zotero(3)(+0000007): Getting contents of E:\Kumiko\pythonProject\Zotero\tmp\zotero-0.6.0-smoke-data\translators\KStudy.js

zotero(4)(+0000012): REPLACE INTO translatorCache VALUES (?, ?, ?) ['KStudy.js', '{"translatorID":"b298ca93-0010-48f5-97fb-e9923519a380","translatorType":4,"label":"KStudy","creator":"Yunwoo Song, Frank Bennett, Philipp Zumstein","target":"^https?://[^/]+\\.kstudy\\.com","priority":100,"lastUpdated":"2018-01-03 13:10:00","browserSupport":"gcsibv","minVersion":"3.0","maxVersion":"","inRepository":true}', 1262275200000]

zotero(3)(+0000007): Getting contents of E:\Kumiko\pythonProject\Zotero\tmp\zotero-0.6.0-smoke-data\translators\L'Annee Philologique.js

zotero(4)(+0000012): REPLACE INTO translatorCache VALUES (?, ?, ?) ['L'Annee Philologique.js', '{"translatorID":"e04e4bab-64c2-4b9a-b6c2-7fb186281969","translatorType":4,"label":"L'Année Philologique","creator":"Sebastian Karcher and Abe Jellinek","target":"^https?://cpps\\.brepolis\\.net/aph/","priority":100,"lastUpdated":"2021-08-13 02:22:54","browserSupport":"gcsibv","minVersion":"3.0","maxVersion":"","inRepository":true}', 1262275200000]

zotero(3)(+0000007): Getting contents of E:\Kumiko\pythonProject\Zotero\tmp\zotero-0.6.0-smoke-data\translators\La Croix.js

zotero(4)(+0000012): REPLACE INTO translatorCache VALUES (?, ?, ?) ['La Croix.js', '{"translatorID":"f6279abd-ab60-4aad-bdb0-20137279cd19","translatorType":4,"label":"La Croix","creator":"Philipp Zumstein","target":"^https?://www\\.la-croix\\.com","priority":100,"lastUpdated":"2016-11-03 20:18:42","browserSupport":"gcsibv","minVersion":"3.0.4","maxVersion":"","inRepository":true}', 1262275200000]

zotero(3)(+0000007): Getting contents of E:\Kumiko\pythonProject\Zotero\tmp\zotero-0.6.0-smoke-data\translators\La Nacion (Argentina).js

zotero(4)(+0000011): REPLACE INTO translatorCache VALUES (?, ?, ?) ['La Nacion (Argentina).js', '{"translatorID":"44017484-f65e-4575-9a6e-d9050c27d18e","translatorType":4,"label":"La Nación (Argentina)","creator":"Sebastian Karcher and Abe Jellinek","target":"^https://www\\.lanacion\\.com\\.ar/","priority":100,"lastUpdated":"2021-07-23 03:22:23","browserSupport":"gcsibv","minVersion":"3.0","maxVersion":"","inRepository":true}', 1262275200000]

zotero(3)(+0000008): Getting contents of E:\Kumiko\pythonProject\Zotero\tmp\zotero-0.6.0-smoke-data\translators\La Presse.js

zotero(4)(+0000001): REPLACE INTO translatorCache VALUES (?, ?, ?) ['La Presse.js', '{"translatorID":"dbfcaa3e-082a-45a4-9619-9892f49399c1","translatorType":4,"label":"La Presse","creator":"Sebastian Karcher and Abe Jellinek","target":"^https?://(www|recherche)\\.lapresse\\.ca/","priority":100,"lastUpdated":"2021-08-27 05:05:03","browserSupport":"gcsibv","minVersion":"2.1.9","maxVersion":"","inRepository":true}', 1262275200000]

zotero(3)(+0000007): Getting contents of E:\Kumiko\pythonProject\Zotero\tmp\zotero-0.6.0-smoke-data\translators\La Republica (Peru).js

zotero(4)(+0000001): REPLACE INTO translatorCache VALUES (?, ?, ?) ['La Republica (Peru).js', '{"translatorID":"4ec51dc9-b949-497e-856b-a7624175d5c6","translatorType":4,"label":"La República (Peru)","creator":"Abe Jellinek","target":"^https?://larepublica\\.pe/","priority":100,"lastUpdated":"2022-07-14 18:50:45","browserSupport":"gcsibv","minVersion":"5.0","maxVersion":"","inRepository":true}', 1262275200000]

zotero(3)(+0000007): Getting contents of E:\Kumiko\pythonProject\Zotero\tmp\zotero-0.6.0-smoke-data\translators\LA Times.js

zotero(4)(+0000014): REPLACE INTO translatorCache VALUES (?, ?, ?) ['LA Times.js', '{"translatorID":"e4fe1596-a8c4-4d09-945f-120c4d83e580","translatorType":4,"label":"LA Times","creator":"Sebastian Karcher","target":"^https?://(www\\.|travel\\.|articles\\.|latimesblogs\\.)?latimes\\.com","priority":100,"lastUpdated":"2016-11-07 04:08:21","browserSupport":"gcsibv","minVersion":"2.1.9","maxVersion":"","inRepository":true}', 1262275200000]

zotero(3)(+0000007): Getting contents of E:\Kumiko\pythonProject\Zotero\tmp\zotero-0.6.0-smoke-data\translators\Lagen.nu.js

zotero(4)(+0000013): REPLACE INTO translatorCache VALUES (?, ?, ?) ['Lagen.nu.js', '{"translatorID":"e1356ac2-8254-44d5-8ece-4829827d5bc6","translatorType":4,"label":"Lagen.nu","creator":"Isak Bergdahl","target":"^https?://lagen\\.nu/","priority":100,"lastUpdated":"2016-11-03 20:33:09","browserSupport":"gcsibv","minVersion":"2.1.9","maxVersion":"","inRepository":true}', 1262275200000]

zotero(3)(+0000007): Getting contents of E:\Kumiko\pythonProject\Zotero\tmp\zotero-0.6.0-smoke-data\translators\Landesbibliographie Baden-Wurttemberg.js

zotero(4)(+0000001): REPLACE INTO translatorCache VALUES (?, ?, ?) ['Landesbibliographie Baden-Wurttemberg.js', '{"translatorID":"d2c0d2f4-42c0-41e0-8021-3b87b52b27d2","translatorType":4,"label":"Landesbibliographie Baden-Württemberg","creator":"Philipp Zumstein","target":"^https?://(www\\.)?(statistik\\.baden-wuerttemberg|statistik-bw)\\.de/LABI","priority":100,"lastUpdated":"2021-07-12 18:14:55","browserSupport":"gcsibv","minVersion":"3.0","maxVersion":"","inRepository":true}', 1262275200000]

zotero(3)(+0000007): Getting contents of E:\Kumiko\pythonProject\Zotero\tmp\zotero-0.6.0-smoke-data\translators\Lapham's Quarterly.js

zotero(4)(+0000011): REPLACE INTO translatorCache VALUES (?, ?, ?) ['Lapham's Quarterly.js', '{"translatorID":"e329ec79-397e-4aa5-a06e-1aa32f10a138","translatorType":4,"label":"Lapham's Quarterly","creator":"Zoë C. Ma","target":"^https?://www\\.laphamsquarterly\\.org/","priority":100,"lastUpdated":"2023-04-11 10:35:51","browserSupport":"gcsibv","minVersion":"5.0","maxVersion":"","inRepository":true}', 1262275200000]

zotero(3)(+0000007): Getting contents of E:\Kumiko\pythonProject\Zotero\tmp\zotero-0.6.0-smoke-data\translators\Le Devoir.js

zotero(4)(+0000001): REPLACE INTO translatorCache VALUES (?, ?, ?) ['Le Devoir.js', '{"translatorID":"d1605270-d7dc-459f-9875-74ad8dde1f7d","translatorType":4,"label":"Le Devoir","creator":"Philipp Zumstein","target":"^https?://www\\.ledevoir\\.com","priority":100,"lastUpdated":"2017-01-01 15:26:06","browserSupport":"gcsibv","minVersion":"3.0","maxVersion":"","inRepository":true}', 1262275200000]

zotero(3)(+0000007): Getting contents of E:\Kumiko\pythonProject\Zotero\tmp\zotero-0.6.0-smoke-data\translators\Le Figaro.js

zotero(4)(+0000001): REPLACE INTO translatorCache VALUES (?, ?, ?) ['Le Figaro.js', '{"translatorID":"80a58db6-7353-4bfa-9f3a-4a44fc903f01","translatorType":4,"label":"Le Figaro","creator":"Philipp Zumstein","target":"^https?://www\\.lefigaro\\.fr/","priority":100,"lastUpdated":"2016-05-29 22:56:59","browserSupport":"gcsibv","minVersion":"3.0","maxVersion":"","inRepository":true}', 1262275200000]

zotero(3)(+0000007): Getting contents of E:\Kumiko\pythonProject\Zotero\tmp\zotero-0.6.0-smoke-data\translators\Le Maitron.js

zotero(4)(+0000012): REPLACE INTO translatorCache VALUES (?, ?, ?) ['Le Maitron.js', '{"translatorID":"ee016722-5f02-4362-8ffe-c96e06872b3e","translatorType":4,"label":"Le Maitron","creator":"czar","target":"^https?://maitron\\.fr/","priority":100,"lastUpdated":"2022-09-24 22:15:07","browserSupport":"gcsibv","minVersion":"3.0","maxVersion":"","inRepository":true}', 1262275200000]

zotero(3)(+0000006): Getting contents of E:\Kumiko\pythonProject\Zotero\tmp\zotero-0.6.0-smoke-data\translators\Le monde diplomatique.js

zotero(4)(+0000002): REPLACE INTO translatorCache VALUES (?, ?, ?) ['Le monde diplomatique.js', '{"translatorID":"530cf18c-e80a-4e67-ae9c-9b8c08591610","translatorType":4,"label":"Le monde diplomatique","creator":"Martin Meyerhoff","target":"^https?://(www\\.)?monde-diplomatique\\.de","priority":100,"lastUpdated":"2016-11-04 22:01:09","browserSupport":"gcsibv","minVersion":"3.0","maxVersion":"","inRepository":true}', 1262275200000]

zotero(3)(+0000006): Getting contents of E:\Kumiko\pythonProject\Zotero\tmp\zotero-0.6.0-smoke-data\translators\Le Monde.js

zotero(4)(+0000011): REPLACE INTO translatorCache VALUES (?, ?, ?) ['Le Monde.js', '{"translatorID":"6bc635a4-6823-4f95-acaf-b43e8a158144","translatorType":4,"label":"Le Monde","creator":"Philipp Zumstein","target":"^https?://(www\\.)?(abonnes\\.)?lemonde\\.fr/","priority":100,"lastUpdated":"2025-11-06 22:47:06","browserSupport":"gcsibv","minVersion":"3.0","maxVersion":"","inRepository":true}', 1262275200000]

zotero(3)(+0000007): Getting contents of E:\Kumiko\pythonProject\Zotero\tmp\zotero-0.6.0-smoke-data\translators\Legifrance.js

zotero(4)(+0000012): REPLACE INTO translatorCache VALUES (?, ?, ?) ['Legifrance.js', '{"translatorID":"2dc0b23d-64d8-4933-b629-5c003451ccf7","translatorType":4,"label":"Légifrance","creator":"Guillaume Adreani","target":"^https?://(www\\.)?legifrance\\.gouv\\.fr/","priority":100,"lastUpdated":"2021-06-07 16:46:17","browserSupport":"gcsibv","minVersion":"2.1.9","maxVersion":"","inRepository":true}', 1262275200000]

zotero(3)(+0000007): Getting contents of E:\Kumiko\pythonProject\Zotero\tmp\zotero-0.6.0-smoke-data\translators\Legislative Insight.js

zotero(4)(+0000012): REPLACE INTO translatorCache VALUES (?, ?, ?) ['Legislative Insight.js', '{"translatorID":"2bedae3c-bab5-447f-b127-e9babc0e9cfe","translatorType":4,"label":"Legislative Insight","creator":"Kari Hemdal","target":"^https?://(preprod\\.)?li\\.proquest\\.com/legislativeinsight/LegHistMain\\.jsp","priority":100,"lastUpdated":"2021-12-28 04:36:45","browserSupport":"gcsibv","minVersion":"3.0","maxVersion":"","inRepository":true}', 1262275200000]

zotero(3)(+0000007): Getting contents of E:\Kumiko\pythonProject\Zotero\tmp\zotero-0.6.0-smoke-data\translators\Lexis+.js

zotero(4)(+0000011): REPLACE INTO translatorCache VALUES (?, ?, ?) ['Lexis+.js', '{"translatorID":"419638d9-9049-44ad-ba08-fa54ed24b5e6","translatorType":4,"label":"Lexis+","creator":"bfahrenfort","target":"^https?://plus\\.lexis\\..*/","priority":100,"lastUpdated":"2023-05-26 04:11:53","browserSupport":"gcsibv","minVersion":"5.0","maxVersion":"","inRepository":true}', 1262275200000]

zotero(3)(+0000007): Getting contents of E:\Kumiko\pythonProject\Zotero\tmp\zotero-0.6.0-smoke-data\translators\LexisNexis.js

zotero(4)(+0000017): REPLACE INTO translatorCache VALUES (?, ?, ?) ['LexisNexis.js', '{"translatorID":"b047a13c-fe5c-6604-c997-bef15e502b09","translatorType":4,"label":"LexisNexis","creator":"Philipp Zumstein","target":"^https?://[^/]*lexis-?nexis\\.com","priority":100,"lastUpdated":"2014-03-20 20:48:18","browserSupport":"gcsv","minVersion":"3.0","maxVersion":"","inRepository":true}', 1262275200000]

zotero(3)(+0000007): Getting contents of E:\Kumiko\pythonProject\Zotero\tmp\zotero-0.6.0-smoke-data\translators\Libraries Tasmania.js

zotero(4)(+0000012): REPLACE INTO translatorCache VALUES (?, ?, ?) ['Libraries Tasmania.js', '{"translatorID":"44699e59-a196-4716-ae33-141ec605e394","translatorType":4,"label":"Libraries Tasmania","creator":"Tim Sherratt (tim@timsherratt.org)","target":"^https?://librariestas\\.ent\\.sirsidynix\\.net\\.au/client/en_AU/","priority":100,"lastUpdated":"2026-03-04 06:44:20","browserSupport":"gcsibv","minVersion":"5.0","maxVersion":"","inRepository":true}', 1262275200000]

zotero(3)(+0000007): Getting contents of E:\Kumiko\pythonProject\Zotero\tmp\zotero-0.6.0-smoke-data\translators\Library Catalog (Aleph).js

zotero(4)(+0000014): REPLACE INTO translatorCache VALUES (?, ?, ?) ['Library Catalog (Aleph).js', '{"translatorID":"cf87eca8-041d-b954-795a-2d86348999d5","translatorType":4,"label":"Library Catalog (Aleph)","creator":"Simon Kornblith, Michael Berkowitz, Ming Yeung Cheung","target":"^https?://[^/]+/F(/?[A-Z0-9\\-]*(\\?.*)?$|\\?func=find|\\?func=scan|\\?func=short|\\?local_base=)","priority":250,"lastUpdated":"2021-05-21 03:54:32","browserSupport":"gcsb","minVersion":"1.0.0b3.r1","maxVersion":"","inRepository":true}', 1262275200000]

zotero(3)(+0000007): Getting contents of E:\Kumiko\pythonProject\Zotero\tmp\zotero-0.6.0-smoke-data\translators\Library Catalog (Amicus).js

zotero(4)(+0000001): REPLACE INTO translatorCache VALUES (?, ?, ?) ['Library Catalog (Amicus).js', '{"translatorID":"a0a9a45c-cc9e-497c-962e-a366618df985","translatorType":4,"label":"Library Catalog (Amicus)","creator":"Sebastian Karcher","target":"^https?://amicus\\.collectionscanada\\.ca/aaweb-bin/aamain","priority":100,"lastUpdated":"2014-08-26 03:47:57","browserSupport":"gcsibv","minVersion":"2.1.9","maxVersion":"","inRepository":true}', 1262275200000]

zotero(3)(+0000007): Getting contents of E:\Kumiko\pythonProject\Zotero\tmp\zotero-0.6.0-smoke-data\translators\Library Catalog (Aquabrowser).js

zotero(4)(+0000012): REPLACE INTO translatorCache VALUES (?, ?, ?) ['Library Catalog (Aquabrowser).js', '{"translatorID":"915c326f-06c5-4833-b7b7-54c63f88b135","translatorType":4,"label":"Library Catalog (Aquabrowser)","creator":"Sebastian Karcher","target":"/fullrecordinnerframe\\.ashx\\?.+id=|/result\\.ashx\\?","priority":270,"lastUpdated":"2014-08-26 03:51:35","browserSupport":"gcsbv","minVersion":"3.0","maxVersion":"","inRepository":true}', 1262275200000]

zotero(3)(+0000007): Getting contents of E:\Kumiko\pythonProject\Zotero\tmp\zotero-0.6.0-smoke-data\translators\Library Catalog (BiblioCommons).js

zotero(4)(+0000001): REPLACE INTO translatorCache VALUES (?, ?, ?) ['Library Catalog (BiblioCommons).js', '{"translatorID":"5d506fe3-dbde-4424-90e8-d219c63faf72","translatorType":4,"label":"Library Catalog (BiblioCommons)","creator":"Avram Lyon and Abe Jellinek","target":"^https?://[^/]+\\.bibliocommons\\.com/","priority":250,"lastUpdated":"2021-05-19 21:14:05","browserSupport":"gcsibv","minVersion":"2.1","maxVersion":"","inRepository":true}', 1262275200000]

zotero(3)(+0000007): Getting contents of E:\Kumiko\pythonProject\Zotero\tmp\zotero-0.6.0-smoke-data\translators\Library Catalog (Blacklight).js

zotero(4)(+0000012): REPLACE INTO translatorCache VALUES (?, ?, ?) ['Library Catalog (Blacklight).js', '{"translatorID":"fc54af5d-736c-4dfc-96ab-182df76b5fa3","translatorType":4,"label":"Library Catalog (Blacklight)","creator":"Sebastian Karcher","target":"^https?://(catalog\\.libraries\\.psu|clio\\.columbia|searchworks\\.stanford|search\\.library\\.brown)\\.edu/(view|catalog|\\?search)","priority":100,"lastUpdated":"2020-11-03 01:34:52","browserSupport":"gcsibv","minVersion":"3.0","maxVersion":"","inRepository":true}', 1262275200000]

zotero(3)(+0000008): Getting contents of E:\Kumiko\pythonProject\Zotero\tmp\zotero-0.6.0-smoke-data\translators\Library Catalog (Capita Prism).js

zotero(4)(+0000001): REPLACE INTO translatorCache VALUES (?, ?, ?) ['Library Catalog (Capita Prism).js', '{"translatorID":"dc024bfc-2252-4257-b10e-cb95a0f213aa","translatorType":4,"label":"Library Catalog (Capita Prism)","creator":"Sebastian Karcher","target":"/items(/\\d+|\\?query=)","priority":260,"lastUpdated":"2016-07-02 21:37:30","browserSupport":"gcsibv","minVersion":"2.1.9","maxVersion":"","inRepository":true}', 1262275200000]

zotero(3)(+0000007): Getting contents of E:\Kumiko\pythonProject\Zotero\tmp\zotero-0.6.0-smoke-data\translators\Library Catalog (DRA).js

zotero(4)(+0000001): REPLACE INTO translatorCache VALUES (?, ?, ?) ['Library Catalog (DRA).js', '{"translatorID":"fb12ae9e-f473-cab4-0546-27ab88c64101","translatorType":4,"label":"Library Catalog (DRA)","creator":"Simon Kornblith","target":"/web2/tramp2\\.exe/(see\\_record/|authority\\_hits/|do_keyword_search|form/|goto/.*\\?.*screen=(MARC)?Record\\.html)","priority":260,"lastUpdated":"2016-12-04 12:47:41","browserSupport":"gcsbv","minVersion":"3.0","maxVersion":"","inRepository":true}', 1262275200000]

zotero(3)(+0000007): Getting contents of E:\Kumiko\pythonProject\Zotero\tmp\zotero-0.6.0-smoke-data\translators\Library Catalog (Dynix).js

zotero(4)(+0000013): REPLACE INTO translatorCache VALUES (?, ?, ?) ['Library Catalog (Dynix).js', '{"translatorID":"774d7dc2-3474-2684-392c-f787789ec63d","translatorType":4,"label":"Library Catalog (Dynix)","creator":"Simon Kornblith and Sylvain Machefert","target":"ipac\\.jsp\\?.*(uri=(link|full)=[0-9]|menu=search|term=)","priority":260,"lastUpdated":"2014-08-26 03:59:09","browserSupport":"gcsbv","minVersion":"2.1","maxVersion":"","inRepository":true}', 1262275200000]

zotero(3)(+0000009): Getting contents of E:\Kumiko\pythonProject\Zotero\tmp\zotero-0.6.0-smoke-data\translators\Library Catalog (EBSCO Locate).js

zotero(4)(+0000011): REPLACE INTO translatorCache VALUES (?, ?, ?) ['Library Catalog (EBSCO Locate).js', '{"translatorID":"86c090c5-ad3f-4c54-a1f3-9870942014ac","translatorType":4,"label":"Library Catalog (EBSCO Locate)","creator":"Sebastian Karcher and Abe Jellinek","target":"/search\\?|/instances/","priority":260,"lastUpdated":"2025-10-16 15:04:23","browserSupport":"gcsibv","minVersion":"5.0","maxVersion":"","inRepository":true}', 1262275200000]

zotero(3)(+0000007): Getting contents of E:\Kumiko\pythonProject\Zotero\tmp\zotero-0.6.0-smoke-data\translators\Library Catalog (Encore).js

zotero(4)(+0000001): REPLACE INTO translatorCache VALUES (?, ?, ?) ['Library Catalog (Encore).js', '{"translatorID":"446764bf-7da6-49ec-b7a7-fefcbafe317f","translatorType":4,"label":"Library Catalog (Encore)","creator":"Sebastian Karcher","target":"/iii/encore/(record|search)","priority":270,"lastUpdated":"2017-11-25 15:51:49","browserSupport":"gcsibv","minVersion":"3.0","maxVersion":"","inRepository":true}', 1262275200000]

zotero(3)(+0000007): Getting contents of E:\Kumiko\pythonProject\Zotero\tmp\zotero-0.6.0-smoke-data\translators\Library Catalog (InnoPAC).js

zotero(4)(+0000012): REPLACE INTO translatorCache VALUES (?, ?, ?) ['Library Catalog (InnoPAC).js', '{"translatorID":"4fd6b89b-2316-2dc4-fd87-61a97dd941e8","translatorType":4,"label":"Library Catalog (InnoPAC)","creator":"Simon Kornblith and Michael Berkowitz","target":"(search~|/search\\?|(a|X|t|Y|w)\\?|\\?(searchtype|searchscope)|frameset&FF|record=[bi]?[0-9]+(~S[0-9])?|/search/q\\?)","priority":250,"lastUpdated":"2021-08-04 21:15:52","browserSupport":"gcsibv","minVersion":"2.1.9","maxVersion":"","inRepository":true}', 1262275200000]

zotero(3)(+0000007): Getting contents of E:\Kumiko\pythonProject\Zotero\tmp\zotero-0.6.0-smoke-data\translators\Library Catalog (Koha).js

zotero(4)(+0000012): REPLACE INTO translatorCache VALUES (?, ?, ?) ['Library Catalog (Koha).js', '{"translatorID":"8e66aa6d-5b2a-4b44-b384-a838e23b8538","translatorType":4,"label":"Library Catalog (Koha)","creator":"Sebastian Karcher","target":"^https?://[^/]+/cgi-bin/koha/opac-(detail|search|shelves)\\.pl\\?","priority":260,"lastUpdated":"2015-10-17 18:23:11","browserSupport":"gcsibv","minVersion":"2.1.9","maxVersion":"","inRepository":true}', 1262275200000]

zotero(3)(+0000006): Getting contents of E:\Kumiko\pythonProject\Zotero\tmp\zotero-0.6.0-smoke-data\translators\Library Catalog (Mango).js

zotero(4)(+0000012): REPLACE INTO translatorCache VALUES (?, ?, ?) ['Library Catalog (Mango).js', '{"translatorID":"fa87288d-406b-48cb-a957-7defcf415a64","translatorType":4,"label":"Library Catalog (Mango)","creator":"Sebastian Karcher","target":"\\.catalog\\.fcla\\.edu/.+\\.jsp\\?","priority":200,"lastUpdated":"2012-09-24 12:32:34","browserSupport":"gcsibv","minVersion":"2.1.9","maxVersion":"","inRepository":true}', 1262275200000]

zotero(3)(+0000007): Getting contents of E:\Kumiko\pythonProject\Zotero\tmp\zotero-0.6.0-smoke-data\translators\Library Catalog (OPALS).js

zotero(4)(+0000000): REPLACE INTO translatorCache VALUES (?, ?, ?) ['Library Catalog (OPALS).js', '{"translatorID":"83501b8c-1033-4722-ae50-a77d67271ef7","translatorType":4,"label":"Library Catalog (OPALS)","creator":"Opals","target":"^https?://[^?#&]+/bin/(search|pf|rs)","priority":250,"lastUpdated":"2014-08-26 04:06:03","browserSupport":"gcsib","minVersion":"3.0","maxVersion":"","inRepository":true}', 1262275200000]

zotero(3)(+0000007): Getting contents of E:\Kumiko\pythonProject\Zotero\tmp\zotero-0.6.0-smoke-data\translators\Library Catalog (PICA).js

zotero(4)(+0000014): REPLACE INTO translatorCache VALUES (?, ?, ?) ['Library Catalog (PICA).js', '{"translatorID":"1b9ed730-69c7-40b0-8a06-517a89a3a278","translatorType":4,"label":"Library Catalog (PICA)","creator":"Sean Takats, Michael Berkowitz, Sylvain Machefert, Sebastian Karcher, Stéphane Gully, Mathis Eon","target":"^https?://[^/]+(/[^/]+)*//?DB=\\d","priority":248,"lastUpdated":"2024-11-26 15:26:20","browserSupport":"gcsibv","minVersion":"3.0","maxVersion":"","inRepository":true}', 1262275200000]

zotero(3)(+0000006): Getting contents of E:\Kumiko\pythonProject\Zotero\tmp\zotero-0.6.0-smoke-data\translators\Library Catalog (PICA2).js

zotero(4)(+0000011): REPLACE INTO translatorCache VALUES (?, ?, ?) ['Library Catalog (PICA2).js', '{"translatorID":"5236e1d6-fcf2-4ed5-9165-cc5f345ce33e","translatorType":4,"label":"Library Catalog (PICA2)","creator":"Sean Takats, Michael Berkowitz, Sylvain Machefert, Sebastian Karcher, Aurimas Vinckevicius","target":"^https?://[^/]+/DB=[\\dA-Z]","priority":249,"lastUpdated":"2014-08-26 04:07:48","browserSupport":"gcsbv","minVersion":"3.0","maxVersion":"","inRepository":true}', 1262275200000]

zotero(3)(+0000007): Getting contents of E:\Kumiko\pythonProject\Zotero\tmp\zotero-0.6.0-smoke-data\translators\Library Catalog (Pika).js

zotero(4)(+0000012): REPLACE INTO translatorCache VALUES (?, ?, ?) ['Library Catalog (Pika).js', '{"translatorID":"9ace2311-a958-471d-a8c7-61c647c6d9ae","translatorType":4,"label":"Library Catalog (Pika)","creator":"Abe Jellinek","target":"/Record/\\.[a-z]|/GroupedWork/[a-z0-9-]+|/Union/Search\\?","priority":250,"lastUpdated":"2021-08-17 23:44:24","browserSupport":"gcsibv","minVersion":"3.0","maxVersion":"","inRepository":true}', 1262275200000]

zotero(3)(+0000006): Getting contents of E:\Kumiko\pythonProject\Zotero\tmp\zotero-0.6.0-smoke-data\translators\Library Catalog (Polaris).js

zotero(4)(+0000001): REPLACE INTO translatorCache VALUES (?, ?, ?) ['Library Catalog (Polaris).js', '{"translatorID":"12541207-ed80-4b59-9d46-fafa3aa61f7f","translatorType":4,"label":"Library Catalog (Polaris)","creator":"Aurimas Vinckevicius","target":"/polaris/search/(searchresults|title)\\.aspx\\?","priority":250,"lastUpdated":"2015-02-19 04:55:29","browserSupport":"gcsibv","minVersion":"3.0","maxVersion":"","inRepository":true}', 1262275200000]

zotero(3)(+0000007): Getting contents of E:\Kumiko\pythonProject\Zotero\tmp\zotero-0.6.0-smoke-data\translators\Library Catalog (Quolto).js

zotero(4)(+0000012): REPLACE INTO translatorCache VALUES (?, ?, ?) ['Library Catalog (Quolto).js', '{"translatorID":"3fce237f-8744-4434-b448-4b79eb194ea8","translatorType":4,"label":"Library Catalog (Quolto)","creator":"Sebastian Karcher","target":"/record/-/record/|results/-/results|^https?://(www\\.)?(mokka\\.hu/|odrportal\\.hu/).+results","priority":100,"lastUpdated":"2020-11-12 03:27:27","browserSupport":"gcsibv","minVersion":"3.0","maxVersion":"","inRepository":true}', 1262275200000]

zotero(3)(+0000007): Getting contents of E:\Kumiko\pythonProject\Zotero\tmp\zotero-0.6.0-smoke-data\translators\Library Catalog (RERO ILS).js

zotero(4)(+0000011): REPLACE INTO translatorCache VALUES (?, ?, ?) ['Library Catalog (RERO ILS).js', '{"translatorID":"91b25fbe-6083-40ef-9ad5-1defc9047a90","translatorType":4,"label":"Library Catalog (RERO ILS)","creator":"Abe Jellinek","target":"^https://((ils\\.test|bib)\\.rero\\.ch|ils\\.bib\\.uclouvain\\.be)/[^/]+/(documents/\\d+|search/documents\\?)","priority":250,"lastUpdated":"2024-07-24 20:02:01","browserSupport":"gcsibv","minVersion":"5.0","maxVersion":"","inRepository":true}', 1262275200000]

zotero(3)(+0000006): Getting contents of E:\Kumiko\pythonProject\Zotero\tmp\zotero-0.6.0-smoke-data\translators\Library Catalog (SIRSI eLibrary).js

zotero(4)(+0000013): REPLACE INTO translatorCache VALUES (?, ?, ?) ['Library Catalog (SIRSI eLibrary).js', '{"translatorID":"23ba3be6-412d-4dde-9cc1-c4df0cc09378","translatorType":4,"label":"Library Catalog (SIRSI eLibrary)","creator":"Mang Sun","target":"/uhtbin/(cgisirsi|quick_keyword)","priority":250,"lastUpdated":"2021-12-27 20:32:49","browserSupport":"gcsibv","minVersion":"3.0","maxVersion":"","inRepository":true}', 1262275200000]

zotero(3)(+0000007): Getting contents of E:\Kumiko\pythonProject\Zotero\tmp\zotero-0.6.0-smoke-data\translators\Library Catalog (SIRSI).js

zotero(4)(+0000013): REPLACE INTO translatorCache VALUES (?, ?, ?) ['Library Catalog (SIRSI).js', '{"translatorID":"add7c71c-21f3-ee14-d188-caf9da12728b","translatorType":4,"label":"Library Catalog (SIRSI)","creator":"Sean Takats,  Hicham El Kasmi","target":"/uhtbin/(cgisirsi|quick_keyword)","priority":250,"lastUpdated":"2021-12-27 20:16:50","browserSupport":"gcsibv","minVersion":"2.1","maxVersion":"","inRepository":true}', 1262275200000]

zotero(3)(+0000007): Getting contents of E:\Kumiko\pythonProject\Zotero\tmp\zotero-0.6.0-smoke-data\translators\Library Catalog (SLIMS).js

zotero(4)(+0000012): REPLACE INTO translatorCache VALUES (?, ?, ?) ['Library Catalog (SLIMS).js', '{"translatorID":"fc3ac6f7-b461-49fe-879c-dd234f9c101c","translatorType":4,"label":"Library Catalog (SLIMS)","creator":"Sebastian Karcher","target":"(^https?://makassarlib\\.net|^https?://kit\\.ft\\.ugm\\.ac\\.id/ucs|/libsenayan)/index\\.php","priority":250,"lastUpdated":"2014-08-26 04:10:09","browserSupport":"gcv","minVersion":"2.1","maxVersion":"","inRepository":true}', 1262275200000]

zotero(3)(+0000007): Getting contents of E:\Kumiko\pythonProject\Zotero\tmp\zotero-0.6.0-smoke-data\translators\Library Catalog (TIND ILS).js

zotero(4)(+0000011): REPLACE INTO translatorCache VALUES (?, ?, ?) ['Library Catalog (TIND ILS).js', '{"translatorID":"3f50f41c-0a07-49f7-af14-7fcf2ed5887a","translatorType":4,"label":"Library Catalog (TIND ILS)","creator":"Abe Jellinek","target":"/search.+p=|record/[0-9]+","priority":260,"lastUpdated":"2025-05-30 08:40:02","browserSupport":"gcsibv","minVersion":"3.0","maxVersion":"","inRepository":true}', 1262275200000]

zotero(3)(+0000012): Getting contents of E:\Kumiko\pythonProject\Zotero\tmp\zotero-0.6.0-smoke-data\translators\Library Catalog (TinREAD).js

zotero(4)(+0000002): REPLACE INTO translatorCache VALUES (?, ?, ?) ['Library Catalog (TinREAD).js', '{"translatorID":"78835a5b-3378-49c2-a94f-3422aab0e949","translatorType":4,"label":"Library Catalog (TinREAD)","creator":"Franklin Pezzuti Dyer","target":"^https?://[^/]+/opac/bibliographic_view","priority":250,"lastUpdated":"2024-08-01 14:15:46","browserSupport":"gcsibv","minVersion":"5.0","maxVersion":"","inRepository":true}', 1262275200000]

zotero(3)(+0000007): Getting contents of E:\Kumiko\pythonProject\Zotero\tmp\zotero-0.6.0-smoke-data\translators\Library Catalog (TLCYouSeeMore).js

zotero(4)(+0000013): REPLACE INTO translatorCache VALUES (?, ?, ?) ['Library Catalog (TLCYouSeeMore).js', '{"translatorID":"0f9fc2fc-306e-5204-1117-25bca009dffc","translatorType":4,"label":"Library Catalog (TLC/YouSeeMore)","creator":"Simon Kornblith","target":"TLCScripts/interpac\\.dll\\?(.*LabelDisplay.*RecordNumber=[0-9]|Search|ItemTitles)","priority":260,"lastUpdated":"2021-12-28 03:53:31","browserSupport":"gcsibv","minVersion":"1.0.0b3.r1","maxVersion":"","inRepository":true}', 1262275200000]

zotero(3)(+0000007): Getting contents of E:\Kumiko\pythonProject\Zotero\tmp\zotero-0.6.0-smoke-data\translators\Library Catalog (Visual Library 2021).js

zotero(4)(+0000011): REPLACE INTO translatorCache VALUES (?, ?, ?) ['Library Catalog (Visual Library 2021).js', '{"translatorID":"d23f01f1-6037-439b-87fb-23b8f3b9067f","translatorType":4,"label":"Library Catalog (Visual Library 2021)","creator":"Abe Jellinek","target":"/search(/quick)?\\?|/nav/index/|/(content|periodical)/","priority":250,"lastUpdated":"2021-07-19 16:39:31","browserSupport":"gcsibv","minVersion":"3.0","maxVersion":"","inRepository":true}', 1262275200000]

zotero(3)(+0000007): Getting contents of E:\Kumiko\pythonProject\Zotero\tmp\zotero-0.6.0-smoke-data\translators\Library Catalog (Voyager 7).js

zotero(4)(+0000013): REPLACE INTO translatorCache VALUES (?, ?, ?) ['Library Catalog (Voyager 7).js', '{"translatorID":"a81243b5-a9fd-4921-8441-3142a518fdb7","translatorType":4,"label":"Library Catalog (Voyager 7)","creator":"Sean Takats","target":"/vwebv/(holdingsInfo|search)","priority":250,"lastUpdated":"2014-08-26 04:12:22","browserSupport":"gcsibv","minVersion":"1.0","maxVersion":"","inRepository":true}', 1262275200000]

zotero(3)(+0000007): Getting contents of E:\Kumiko\pythonProject\Zotero\tmp\zotero-0.6.0-smoke-data\translators\Library Catalog (Voyager).js

zotero(4)(+0000013): REPLACE INTO translatorCache VALUES (?, ?, ?) ['Library Catalog (Voyager).js', '{"translatorID":"88915634-1af6-c134-0171-56fd198235ed","translatorType":4,"label":"Library Catalog (Voyager)","creator":"Simon Kornblith","target":"Pwebrecon\\.cgi","priority":250,"lastUpdated":"2021-12-28 04:30:33","browserSupport":"gcsibv","minVersion":"2.1.9","maxVersion":"","inRepository":true}', 1262275200000]

zotero(3)(+0000006): Getting contents of E:\Kumiko\pythonProject\Zotero\tmp\zotero-0.6.0-smoke-data\translators\Library Catalog (VTLS).js

zotero(4)(+0000001): REPLACE INTO translatorCache VALUES (?, ?, ?) ['Library Catalog (VTLS).js', '{"translatorID":"63a0a351-3131-18f4-21aa-f46b9ac51d87","translatorType":4,"label":"Library Catalog (VTLS)","creator":"Simon Kornblith","target":"/chameleon(\\?|$)","priority":250,"lastUpdated":"2014-08-26 04:13:58","browserSupport":"gcsibv","minVersion":"1.0.0b3.r1","maxVersion":"","inRepository":true}', 1262275200000]

zotero(3)(+0000007): Getting contents of E:\Kumiko\pythonProject\Zotero\tmp\zotero-0.6.0-smoke-data\translators\Library Genesis.js

zotero(4)(+0000015): REPLACE INTO translatorCache VALUES (?, ?, ?) ['Library Genesis.js', '{"translatorID":"11614156-f421-4e89-8ce0-a5e69ce3ebed","translatorType":4,"label":"Library Genesis","creator":"Reverend Wicks Cherrycoke","target":"^https?://(libgen\\.[a-z]{2}|gen\\.lib\\.rus\\.ec)/","priority":100,"lastUpdated":"2021-06-10 13:41:46","browserSupport":"gcsi","minVersion":"3.0","maxVersion":"","inRepository":true}', 1262275200000]

zotero(3)(+0000007): Getting contents of E:\Kumiko\pythonProject\Zotero\tmp\zotero-0.6.0-smoke-data\translators\Library Hub Discover.js

zotero(4)(+0000012): REPLACE INTO translatorCache VALUES (?, ?, ?) ['Library Hub Discover.js', '{"translatorID":"00d5236c-ce1f-484b-9552-da8e2f10eee4","translatorType":4,"label":"Library Hub Discover","creator":"Vincent Carret","target":"^https?://(www\\.)?discover\\.libraryhub\\.jisc\\.ac\\.uk/","priority":100,"lastUpdated":"2021-07-14 15:57:12","browserSupport":"gcsibv","minVersion":"3.0","maxVersion":"","inRepository":true}', 1262275200000]

zotero(3)(+0000008): Getting contents of E:\Kumiko\pythonProject\Zotero\tmp\zotero-0.6.0-smoke-data\translators\Library of Congress Digital Collections.js

zotero(4)(+0000011): REPLACE INTO translatorCache VALUES (?, ?, ?) ['Library of Congress Digital Collections.js', '{"translatorID":"79c14aee-b91f-46ed-8285-d83fed1f0b32","translatorType":4,"label":"Library of Congress Digital Collections","creator":"Abe Jellinek and Adam Bravo","target":"^https?://www\\.loc\\.gov/","priority":100,"lastUpdated":"2024-08-22 14:22:18","browserSupport":"gcsibv","minVersion":"3.0","maxVersion":"","inRepository":true}', 1262275200000]

zotero(3)(+0000007): Getting contents of E:\Kumiko\pythonProject\Zotero\tmp\zotero-0.6.0-smoke-data\translators\Library of Congress ISBN.js

zotero(4)(+0000002): REPLACE INTO translatorCache VALUES (?, ?, ?) ['Library of Congress ISBN.js', '{"translatorID":"c070e5a2-4bfd-44bb-9b3c-4be20c50d0d9","translatorType":8,"label":"Library of Congress ISBN","creator":"Sebastian Karcher","target":"","priority":97,"lastUpdated":"2023-08-25 05:06:07","browserSupport":"g","minVersion":"3.0.9","maxVersion":"","inRepository":true}', 1262275200000]

zotero(3)(+0000006): Getting contents of E:\Kumiko\pythonProject\Zotero\tmp\zotero-0.6.0-smoke-data\translators\LIBRIS ISBN.js

zotero(4)(+0000010): REPLACE INTO translatorCache VALUES (?, ?, ?) ['LIBRIS ISBN.js', '{"translatorID":"5f506a9a-8076-4e1e-950c-f55d32003aae","translatorType":8,"label":"LIBRIS ISBN","creator":"Sebastian Berlin","target":"","priority":98,"lastUpdated":"2024-04-23 18:44:30","browserSupport":"g","minVersion":"5.0","maxVersion":"","inRepository":true}', 1262275200000]

zotero(3)(+0000007): Getting contents of E:\Kumiko\pythonProject\Zotero\tmp\zotero-0.6.0-smoke-data\translators\LingBuzz.js

zotero(4)(+0000012): REPLACE INTO translatorCache VALUES (?, ?, ?) ['LingBuzz.js', '{"translatorID":"e048e70e-8fea-43e9-ac8e-940bc3d71b0b","translatorType":4,"label":"LingBuzz","creator":"Göktuğ Kayaalp and Abe Jellinek","target":"^https://(ling\\.auf|lingbuzz)\\.net/lingbuzz/(repo/semanticsArchive/article/)?(\\d+|_search)","priority":100,"lastUpdated":"2022-05-04 01:00:37","browserSupport":"gcsibv","minVersion":"3.0","maxVersion":"","inRepository":true}', 1262275200000]

zotero(3)(+0000006): Getting contents of E:\Kumiko\pythonProject\Zotero\tmp\zotero-0.6.0-smoke-data\translators\Lippincott Williams and Wilkins.js

zotero(4)(+0000014): REPLACE INTO translatorCache VALUES (?, ?, ?) ['Lippincott Williams and Wilkins.js', '{"translatorID":"97930de6-8709-409a-a80c-ed64421a842e","translatorType":4,"label":"Lippincott Williams and Wilkins","creator":"Philipp Zumstein","target":"^https?://(www\\.)?journals\\.lww\\.com/","priority":100,"lastUpdated":"2017-09-01 17:23:56","browserSupport":"gcsibv","minVersion":"3.0","maxVersion":"","inRepository":true}', 1262275200000]

zotero(3)(+0000007): Getting contents of E:\Kumiko\pythonProject\Zotero\tmp\zotero-0.6.0-smoke-data\translators\Literary Hub.js

zotero(4)(+0000011): REPLACE INTO translatorCache VALUES (?, ?, ?) ['Literary Hub.js', '{"translatorID":"f1aaf4bf-f344-41ee-b960-905255d40d53","translatorType":4,"label":"Literary Hub","creator":"Zoë C. Ma","target":"^https?://lithub\\.com/","priority":100,"lastUpdated":"2023-04-22 01:23:39","browserSupport":"gcsibv","minVersion":"5.0","maxVersion":"","inRepository":true}', 1262275200000]

zotero(3)(+0000007): Getting contents of E:\Kumiko\pythonProject\Zotero\tmp\zotero-0.6.0-smoke-data\translators\Litres.js

zotero(4)(+0000001): REPLACE INTO translatorCache VALUES (?, ?, ?) ['Litres.js', '{"translatorID":"02bde528-c86d-42d5-904b-e74f85bd45f9","translatorType":4,"label":"Litres","creator":"Ilya Zonov","target":"^https://(www\\.)?litres\\.ru/","priority":100,"lastUpdated":"2025-05-21 14:38:11","browserSupport":"gcsibv","minVersion":"5.0","maxVersion":"","inRepository":true}', 1262275200000]

zotero(3)(+0000007): Getting contents of E:\Kumiko\pythonProject\Zotero\tmp\zotero-0.6.0-smoke-data\translators\LiveJournal.js

zotero(4)(+0000010): REPLACE INTO translatorCache VALUES (?, ?, ?) ['LiveJournal.js', '{"translatorID":"d49e3a67-e2c1-4217-825c-2b22cffd332a","translatorType":4,"label":"LiveJournal","creator":"Avram Lyon","target":"^https?://.*\\.livejournal\\.com/($|[0-9]+\\.html)","priority":100,"lastUpdated":"2016-11-04 20:37:13","browserSupport":"gcsibv","minVersion":"2.1","maxVersion":"","inRepository":true}', 1262275200000]

zotero(3)(+0000007): Getting contents of E:\Kumiko\pythonProject\Zotero\tmp\zotero-0.6.0-smoke-data\translators\LIVIVO.js

zotero(4)(+0000001): REPLACE INTO translatorCache VALUES (?, ?, ?) ['LIVIVO.js', '{"translatorID":"485cd5f3-9c36-473e-80a7-b36a9c367515","translatorType":4,"label":"LIVIVO","creator":"Abe Jellinek","target":"^https?://www\\.livivo\\.de/","priority":100,"lastUpdated":"2021-08-31 17:55:33","browserSupport":"gcsibv","minVersion":"3.0","maxVersion":"","inRepository":true}', 1262275200000]

zotero(3)(+0000007): Getting contents of E:\Kumiko\pythonProject\Zotero\tmp\zotero-0.6.0-smoke-data\translators\London Review of Books.js

zotero(4)(+0000001): REPLACE INTO translatorCache VALUES (?, ?, ?) ['London Review of Books.js', '{"translatorID":"8a00461c-5b42-4632-8048-339b221ac3a2","translatorType":4,"label":"London Review of Books","creator":"Philipp Zumstein","target":"^https?://(www\\.)?lrb\\.co\\.uk","priority":100,"lastUpdated":"2021-09-21 16:56:33","browserSupport":"gcsbv","minVersion":"3.0","maxVersion":"","inRepository":true}', 1262275200000]

zotero(3)(+0000007): Getting contents of E:\Kumiko\pythonProject\Zotero\tmp\zotero-0.6.0-smoke-data\translators\LookUs.js

zotero(4)(+0000001): REPLACE INTO translatorCache VALUES (?, ?, ?) ['LookUs.js', '{"translatorID":"f08fe747-e042-49a0-87b3-7bdbbfec1219","translatorType":4,"label":"LookUs","creator":"Abe Jellinek","target":"/jvi.aspx[^#]*[?&](volume|issue|un)=","priority":250,"lastUpdated":"2021-09-14 19:35:09","browserSupport":"gcsibv","minVersion":"3.0","maxVersion":"","inRepository":true}', 1262275200000]

zotero(3)(+0000007): Getting contents of E:\Kumiko\pythonProject\Zotero\tmp\zotero-0.6.0-smoke-data\translators\Lulu.js

zotero(4)(+0000012): REPLACE INTO translatorCache VALUES (?, ?, ?) ['Lulu.js', '{"translatorID":"9a0ecbda-c0e9-4a19-84a9-fc8e7c845afa","translatorType":12,"label":"Lulu","creator":"Aurimas Vinckevicius","target":"^https?://www\\.lulu\\.com/shop/","priority":101,"lastUpdated":"2024-10-24 19:22:51","browserSupport":"gcsibv","minVersion":"3.0","maxVersion":"","inRepository":true}', 1262275200000]

zotero(3)(+0000007): Getting contents of E:\Kumiko\pythonProject\Zotero\tmp\zotero-0.6.0-smoke-data\translators\LWN.net.js

zotero(4)(+0000012): REPLACE INTO translatorCache VALUES (?, ?, ?) ['LWN.net.js', '{"translatorID":"57517a91-b881-4da3-b205-751f6c7e2cae","translatorType":4,"label":"LWN.net","creator":"Tim Hollmann","target":"^https?://lwn\\.net/","priority":100,"lastUpdated":"2025-08-28 14:37:28","browserSupport":"gcsibv","minVersion":"5.0","maxVersion":"","inRepository":true}', 1262275200000]

zotero(3)(+0000007): Getting contents of E:\Kumiko\pythonProject\Zotero\tmp\zotero-0.6.0-smoke-data\translators\MAB2.js

zotero(4)(+0000015): REPLACE INTO translatorCache VALUES (?, ?, ?) ['MAB2.js', '{"translatorID":"91acf493-0de7-4473-8b62-89fd141e6c74","translatorType":1,"label":"MAB2","creator":"Simon Kornblith. Adaptions for MAB2: Leon Krauthausen (FUB)","target":"mab2","priority":100,"lastUpdated":"2014-05-20 17:57:47","browserSupport":"gcs","minVersion":"1.0.0b3.r1","maxVersion":"","inRepository":true}', 1262275200000]

zotero(3)(+0000012): Getting contents of E:\Kumiko\pythonProject\Zotero\tmp\zotero-0.6.0-smoke-data\translators\magazines.russ.ru.js

zotero(4)(+0000001): REPLACE INTO translatorCache VALUES (?, ?, ?) ['magazines.russ.ru.js', '{"translatorID":"0db1c2d0-eaae-4f3d-94ef-d4b3aa61de16","translatorType":4,"label":"magazines.russ.ru","creator":"Avram Lyon","target":"^https?://magazines\\.russ\\.ru/[a-zA-Z -_]+/[0-9]+/[0-9]+/","priority":100,"lastUpdated":"2016-12-31 10:22:19","browserSupport":"gcsibv","minVersion":"2.1.9","maxVersion":"","inRepository":true}', 1262275200000]

zotero(3)(+0000006): Getting contents of E:\Kumiko\pythonProject\Zotero\tmp\zotero-0.6.0-smoke-data\translators\Mailman.js

zotero(4)(+0000001): REPLACE INTO translatorCache VALUES (?, ?, ?) ['Mailman.js', '{"translatorID":"6cb92652-6a2b-473e-b976-434f50b15069","translatorType":4,"label":"Mailman","creator":"Robin Paulson","target":"/(pipermail|archives)/[A-Za-z0-9_-]*/[0-9]{4}-(January|February|March|April|May|June|July|August|September|October|November|December)/[0-9]{6}\\.html","priority":260,"lastUpdated":"2017-01-01 16:55:04","browserSupport":"gcsibv","minVersion":"3.0","maxVersion":"","inRepository":true}', 1262275200000]

zotero(3)(+0000007): Getting contents of E:\Kumiko\pythonProject\Zotero\tmp\zotero-0.6.0-smoke-data\translators\Mainichi Daily News.js

zotero(4)(+0000001): REPLACE INTO translatorCache VALUES (?, ?, ?) ['Mainichi Daily News.js', '{"translatorID":"b56f856e-934e-4b46-bc58-d61dccc9f32f","translatorType":4,"label":"Mainichi Daily News","creator":"Philipp Zumstein","target":"^https?://mainichi\\.jp/(?:english/)?(articles/|search\\?)","priority":100,"lastUpdated":"2019-12-17 20:25:31","browserSupport":"gcsibv","minVersion":"3.0","maxVersion":"","inRepository":true}', 1262275200000]

zotero(3)(+0000007): Getting contents of E:\Kumiko\pythonProject\Zotero\tmp\zotero-0.6.0-smoke-data\translators\MARC.js

zotero(4)(+0000043): REPLACE INTO translatorCache VALUES (?, ?, ?) ['MARC.js', '{"translatorID":"a6ee60df-1ddc-4aae-bb25-45e0537be973","translatorType":1,"label":"MARC","creator":"Simon Kornblith, Sylvain Machefert","target":"marc","priority":100,"lastUpdated":"2025-03-28 15:43:42","browserSupport":"g","minVersion":"2.1.9","maxVersion":"","inRepository":true}', 1262275200000]

zotero(3)(+0000008): Getting contents of E:\Kumiko\pythonProject\Zotero\tmp\zotero-0.6.0-smoke-data\translators\MARCXML.js

zotero(4)(+0000014): REPLACE INTO translatorCache VALUES (?, ?, ?) ['MARCXML.js', '{"translatorID":"edd87d07-9194-42f8-b2ad-997c4c7deefd","translatorType":1,"label":"MARCXML","creator":"Sebastian Karcher","target":"xml","priority":100,"lastUpdated":"2025-03-28 15:11:06","browserSupport":"g","minVersion":"3.0","maxVersion":"","inRepository":true}', 1262275200000]

zotero(3)(+0000007): Getting contents of E:\Kumiko\pythonProject\Zotero\tmp\zotero-0.6.0-smoke-data\translators\Mastodon.js

zotero(4)(+0000001): REPLACE INTO translatorCache VALUES (?, ?, ?) ['Mastodon.js', '{"translatorID":"98878eeb-84b7-4945-86dd-3d61258ecc1b","translatorType":4,"label":"Mastodon","creator":"Sebastian Karcher","target":"/@.+/\\d{10}","priority":300,"lastUpdated":"2022-12-09 02:38:35","browserSupport":"gcsibv","minVersion":"5.0","maxVersion":"","inRepository":true}', 1262275200000]

zotero(3)(+0000007): Getting contents of E:\Kumiko\pythonProject\Zotero\tmp\zotero-0.6.0-smoke-data\translators\Matbugat.ru.js

zotero(4)(+0000014): REPLACE INTO translatorCache VALUES (?, ?, ?) ['Matbugat.ru.js', '{"translatorID":"4f7c1422-2eef-4d22-a4be-8e1a78ef7bd2","translatorType":4,"label":"Matbugat.ru","creator":"Avram Lyon","target":"^https?://(www\\.)?matbugat\\.ru/","priority":100,"lastUpdated":"2017-01-01 16:03:35","browserSupport":"gcsibv","minVersion":"2.0","maxVersion":"","inRepository":true}', 1262275200000]

zotero(3)(+0000009): Getting contents of E:\Kumiko\pythonProject\Zotero\tmp\zotero-0.6.0-smoke-data\translators\Max Planck Institute for the History of Science Virtual Laboratory Library.js

zotero(4)(+0000001): REPLACE INTO translatorCache VALUES (?, ?, ?) ['Max Planck Institute for the History of Science Virtual Laboratory Library.js', '{"translatorID":"66928fe3-1e93-45a7-8e11-9df6de0a11b3","translatorType":4,"label":"Max Planck Institute for the History of Science: Virtual Laboratory Library","creator":"Sean Takats, Philipp Zumstein","target":"^https?://vlp\\.mpiwg-berlin\\.mpg\\.de/library/","priority":100,"lastUpdated":"2018-01-31 23:20:18","browserSupport":"gcsibv","minVersion":"3.0","maxVersion":"","inRepository":true}', 1262275200000]

zotero(3)(+0000007): Getting contents of E:\Kumiko\pythonProject\Zotero\tmp\zotero-0.6.0-smoke-data\translators\MCV.js

zotero(4)(+0000001): REPLACE INTO translatorCache VALUES (?, ?, ?) ['MCV.js', '{"translatorID":"b51ac026-ed35-4c68-89bb-b42b1e1ce8f2","translatorType":4,"label":"MCV","creator":"czar and Abe Jellinek","target":"^https?://(www\\.)?mcvuk\\.com","priority":100,"lastUpdated":"2021-06-12 00:34:16","browserSupport":"gcsibv","minVersion":"3.0","maxVersion":"","inRepository":true}', 1262275200000]

zotero(3)(+0000008): Getting contents of E:\Kumiko\pythonProject\Zotero\tmp\zotero-0.6.0-smoke-data\translators\MDPI Journals.js

zotero(4)(+0000012): REPLACE INTO translatorCache VALUES (?, ?, ?) ['MDPI Journals.js', '{"translatorID":"acf93a17-a83b-482b-a45e-0c64cfd49bee","translatorType":4,"label":"MDPI Journals","creator":"Sebastian Karcher","target":"^https?://www\\.mdpi\\.com","priority":100,"lastUpdated":"2022-01-24 13:33:03","browserSupport":"gcsibv","minVersion":"3.0","maxVersion":"","inRepository":true}', 1262275200000]

zotero(3)(+0000007): Getting contents of E:\Kumiko\pythonProject\Zotero\tmp\zotero-0.6.0-smoke-data\translators\medes.js

zotero(4)(+0000011): REPLACE INTO translatorCache VALUES (?, ?, ?) ['medes.js', '{"translatorID":"96a92909-f23c-4f16-ae93-1948c2459932","translatorType":4,"label":"medes","creator":"Philipp Zumstein","target":"^https?://(www\\.)?medes\\.com/","priority":100,"lastUpdated":"2016-12-27 13:01:58","browserSupport":"gcsibv","minVersion":"3.0","maxVersion":"","inRepository":true}', 1262275200000]

zotero(3)(+0000007): Getting contents of E:\Kumiko\pythonProject\Zotero\tmp\zotero-0.6.0-smoke-data\translators\Medium.js

zotero(4)(+0000001): REPLACE INTO translatorCache VALUES (?, ?, ?) ['Medium.js', '{"translatorID":"6c957d6b-a554-474f-81a9-91c178fef65d","translatorType":4,"label":"Medium","creator":"Philipp Zumstein","target":"^https?://([^.]+\\.)?medium\\.com","priority":100,"lastUpdated":"2021-07-20 01:55:16","browserSupport":"gcsibv","minVersion":"3.0","maxVersion":"","inRepository":true}', 1262275200000]

zotero(3)(+0000008): Getting contents of E:\Kumiko\pythonProject\Zotero\tmp\zotero-0.6.0-smoke-data\translators\MEDLINEnbib.js

zotero(4)(+0000015): REPLACE INTO translatorCache VALUES (?, ?, ?) ['MEDLINEnbib.js', '{"translatorID":"9ec64cfd-bea7-472a-9557-493c0c26b0fb","translatorType":1,"label":"MEDLINE/nbib","creator":"Sebastian Karcher","target":"txt","priority":100,"lastUpdated":"2025-04-29 03:02:00","browserSupport":"g","minVersion":"4.0","maxVersion":"","inRepository":true,"configOptions":{"async":true}}', 1262275200000]

zotero(3)(+0000007): Getting contents of E:\Kumiko\pythonProject\Zotero\tmp\zotero-0.6.0-smoke-data\translators\mEDRA.js

zotero(4)(+0000012): REPLACE INTO translatorCache VALUES (?, ?, ?) ['mEDRA.js', '{"translatorID":"d9b57cd5-5a9c-4946-8616-3bdf8edfcbb5","translatorType":12,"label":"mEDRA","creator":"Aurimas Vinckevicius","target":"^https?://www\\.medra\\.org/servlet/view\\?","priority":105,"lastUpdated":"2025-07-14 17:55:30","browserSupport":"gcsibv","minVersion":"3.0","maxVersion":"","inRepository":true}', 1262275200000]

zotero(3)(+0000007): Getting contents of E:\Kumiko\pythonProject\Zotero\tmp\zotero-0.6.0-smoke-data\translators\MetaLib.js

zotero(4)(+0000001): REPLACE INTO translatorCache VALUES (?, ?, ?) ['MetaLib.js', '{"translatorID":"b06d2609-ebca-4125-ac67-6d7a0dba274e","translatorType":4,"label":"MetaLib","creator":"Aurimas Vinckevicius","target":"^https?://[^/]*/V/","priority":250,"lastUpdated":"2017-01-01 15:26:24","browserSupport":"gcsb","minVersion":"3.0","maxVersion":"","inRepository":true}', 1262275200000]

zotero(3)(+0000007): Getting contents of E:\Kumiko\pythonProject\Zotero\tmp\zotero-0.6.0-smoke-data\translators\METS.js

zotero(4)(+0000017): REPLACE INTO translatorCache VALUES (?, ?, ?) ['METS.js', '{"translatorID":"5c6895a1-b6a9-4939-9c65-43f8ae0ef096","translatorType":1,"label":"METS","creator":"Abe Jellinek","target":"xml","priority":50,"lastUpdated":"2021-07-13 20:44:34","browserSupport":"g","minVersion":"3.0","maxVersion":"","inRepository":true,"configOptions":{"dataMode":"xml/dom"}}', 1262275200000]

zotero(3)(+0000007): Getting contents of E:\Kumiko\pythonProject\Zotero\tmp\zotero-0.6.0-smoke-data\translators\Microbiology Society Journals.js

zotero(4)(+0000013): REPLACE INTO translatorCache VALUES (?, ?, ?) ['Microbiology Society Journals.js', '{"translatorID":"ce5f2849-4500-47cc-8d7d-3fc0a1de9848","translatorType":4,"label":"Microbiology Society Journals","creator":"Philipp Zumstein","target":"^https?://(www\\.)?(\\w)+\\.microbiologyresearch\\.org/(content/journal/|search?)","priority":100,"lastUpdated":"2023-01-14 04:26:02","browserSupport":"gcsibv","minVersion":"3.0","maxVersion":"","inRepository":true}', 1262275200000]

zotero(3)(+0000008): Getting contents of E:\Kumiko\pythonProject\Zotero\tmp\zotero-0.6.0-smoke-data\translators\Microsoft Academic.js

zotero(4)(+0000013): REPLACE INTO translatorCache VALUES (?, ?, ?) ['Microsoft Academic.js', '{"translatorID":"91c7b393-af05-476c-ae72-ae244d2347f4","translatorType":4,"label":"Microsoft Academic","creator":"Philipp Zumstein","target":"^https?://academic\\.microsoft\\.com","priority":100,"lastUpdated":"2018-03-04 19:36:45","browserSupport":"gcsibv","minVersion":"4.0","maxVersion":"","inRepository":true}', 1262275200000]

zotero(3)(+0000007): Getting contents of E:\Kumiko\pythonProject\Zotero\tmp\zotero-0.6.0-smoke-data\translators\MIDAS Journals.js

zotero(4)(+0000014): REPLACE INTO translatorCache VALUES (?, ?, ?) ['MIDAS Journals.js', '{"translatorID":"86c35e86-3f97-4e80-9356-8209c97737c2","translatorType":4,"label":"MIDAS Journals","creator":"Rupert Brooks","target":"^https?://(www\\.)?(insight-journal|midasjournal|vtkjournal)\\.org/","priority":100,"lastUpdated":"2018-04-16 11:27:22","browserSupport":"gcsibv","minVersion":"3.0","maxVersion":"","inRepository":true}', 1262275200000]

zotero(3)(+0000007): Getting contents of E:\Kumiko\pythonProject\Zotero\tmp\zotero-0.6.0-smoke-data\translators\Mikromarc.js

zotero(4)(+0000001): REPLACE INTO translatorCache VALUES (?, ?, ?) ['Mikromarc.js', '{"translatorID":"b937ee25-6686-4975-a5ce-95dcfc01b545","translatorType":4,"label":"Mikromarc","creator":"Abe Jellinek","target":"^https?://[^/]+\\.mikromarc\\.no/mikromarc3/","priority":100,"lastUpdated":"2022-03-07 21:18:01","browserSupport":"gcsibv","minVersion":"6.0","maxVersion":"","inRepository":true}', 1262275200000]

zotero(3)(+0000007): Getting contents of E:\Kumiko\pythonProject\Zotero\tmp\zotero-0.6.0-smoke-data\translators\Milli Kutuphane.js

zotero(4)(+0000014): REPLACE INTO translatorCache VALUES (?, ?, ?) ['Milli Kutuphane.js', '{"translatorID":"a5998785-222b-4459-9ce8-9c081d599af7","translatorType":4,"label":"Milli Kütüphane","creator":"Philipp Zumstein, Sebastian Karcher","target":"^https?://(www\\.)?kasif\\.mkutup\\.gov\\.tr/","priority":100,"lastUpdated":"2024-03-15 18:16:49","browserSupport":"gcsibv","minVersion":"4.0","maxVersion":"","inRepository":true}', 1262275200000]

zotero(3)(+0000007): Getting contents of E:\Kumiko\pythonProject\Zotero\tmp\zotero-0.6.0-smoke-data\translators\MIT Press Books.js

zotero(4)(+0000013): REPLACE INTO translatorCache VALUES (?, ?, ?) ['MIT Press Books.js', '{"translatorID":"ac277fbe-000c-46da-b145-fbe799d17eda","translatorType":4,"label":"MIT Press Books","creator":"Guy Aglionby","target":"https://(www\\.)?mitpress\\.mit\\.edu/","priority":100,"lastUpdated":"2025-08-05 20:50:04","browserSupport":"gcsibv","minVersion":"3.0","maxVersion":"","inRepository":true}', 1262275200000]

zotero(3)(+0000007): Getting contents of E:\Kumiko\pythonProject\Zotero\tmp\zotero-0.6.0-smoke-data\translators\MODS.js

zotero(4)(+0000019): REPLACE INTO translatorCache VALUES (?, ?, ?) ['MODS.js', '{"translatorID":"0e2235e7-babf-413c-9acf-f27cce5f059c","translatorType":3,"label":"MODS","creator":"Simon Kornblith, Richard Karnesky, and Abe Jellinek","target":"xml","priority":50,"lastUpdated":"2022-10-31 14:01:52","browserSupport":"g","minVersion":"2.1.9","maxVersion":"","inRepository":true,"configOptions":{"dataMode":"xml/dom"},"displayOptions":{"exportNotes":true}}', 1262275200000]

zotero(3)(+0000007): Getting contents of E:\Kumiko\pythonProject\Zotero\tmp\zotero-0.6.0-smoke-data\translators\MPG PuRe.js

zotero(4)(+0000012): REPLACE INTO translatorCache VALUES (?, ?, ?) ['MPG PuRe.js', '{"translatorID":"9d0b3532-f3ee-4096-87e6-5c5759a3e9dc","translatorType":4,"label":"MPG PuRe","creator":"Abe Jellinek","target":"^https?://pure\\.mpg\\.de/","priority":100,"lastUpdated":"2021-09-07 20:00:26","browserSupport":"gcsibv","minVersion":"3.0","maxVersion":"","inRepository":true}', 1262275200000]

zotero(3)(+0000006): Getting contents of E:\Kumiko\pythonProject\Zotero\tmp\zotero-0.6.0-smoke-data\translators\Musee du Louvre.js

zotero(4)(+0000001): REPLACE INTO translatorCache VALUES (?, ?, ?) ['Musee du Louvre.js', '{"translatorID":"22d17fb9-ae32-412e-bcc4-7650ed3359bc","translatorType":4,"label":"Musée du Louvre","creator":"Philipp Zumstein and Abe Jellinek","target":"^https?://collections\\.louvre\\.fr/","priority":100,"lastUpdated":"2021-06-11 13:07:46","browserSupport":"gcsibv","minVersion":"3.0","maxVersion":"","inRepository":true}', 1262275200000]

zotero(3)(+0000007): Getting contents of E:\Kumiko\pythonProject\Zotero\tmp\zotero-0.6.0-smoke-data\translators\Nagoya University OPAC.js

zotero(4)(+0000016): REPLACE INTO translatorCache VALUES (?, ?, ?) ['Nagoya University OPAC.js', '{"translatorID":"b56d756e-814e-4b46-bc58-d61dccc9f32f","translatorType":4,"label":"Nagoya University OPAC","creator":"Frank Bennett","target":"^https?://opac\\.nul\\.nagoya-u\\.ac\\.jp/webopac/(catdbl\\.do|ctlsrh\\.do)","priority":100,"lastUpdated":"2021-12-28 04:47:51","browserSupport":"gcsibv","minVersion":"2.0b7","maxVersion":"","inRepository":true}', 1262275200000]

zotero(3)(+0000007): Getting contents of E:\Kumiko\pythonProject\Zotero\tmp\zotero-0.6.0-smoke-data\translators\NASA ADS.js

zotero(4)(+0000013): REPLACE INTO translatorCache VALUES (?, ?, ?) ['NASA ADS.js', '{"translatorID":"7987b420-e8cb-4bea-8ef7-61c2377cd686","translatorType":4,"label":"NASA ADS","creator":"Tim Hostetler, Abe Jellinek, Zoë C. Ma, Jennifer Chen","target":"^(https://ui\\.adsabs\\.harvard\\.edu/(search|abs)/)|(^https://scixplorer\\.org/(search|abs/))","priority":100,"lastUpdated":"2025-07-25 19:49:19","browserSupport":"gcsibv","minVersion":"6.0","maxVersion":"","inRepository":true}', 1262275200000]

zotero(3)(+0000007): Getting contents of E:\Kumiko\pythonProject\Zotero\tmp\zotero-0.6.0-smoke-data\translators\NASA NTRS.js

zotero(4)(+0000013): REPLACE INTO translatorCache VALUES (?, ?, ?) ['NASA NTRS.js', '{"translatorID":"5a697ab5-913a-478a-b4ec-98d019aa5dc6","translatorType":4,"label":"NASA NTRS","creator":"Andrew Bergan and Abe Jellinek","target":"^https?://ntrs\\.nasa\\.gov/(citations/|search)","priority":100,"lastUpdated":"2024-03-21 20:00:21","browserSupport":"gcsibv","minVersion":"3.0","maxVersion":"","inRepository":true}', 1262275200000]

zotero(3)(+0000006): Getting contents of E:\Kumiko\pythonProject\Zotero\tmp\zotero-0.6.0-smoke-data\translators\National Academies Press.js

zotero(4)(+0000001): REPLACE INTO translatorCache VALUES (?, ?, ?) ['National Academies Press.js', '{"translatorID":"f76afa52-0524-440e-98ba-7c0c10a7b693","translatorType":4,"label":"National Academies Press","creator":"Abe Jellinek","target":"^https?://nap\\.nationalacademies\\.org/","priority":100,"lastUpdated":"2022-12-12 19:59:23","browserSupport":"gcsibv","minVersion":"3.0","maxVersion":"","inRepository":true}', 1262275200000]

zotero(3)(+0000007): Getting contents of E:\Kumiko\pythonProject\Zotero\tmp\zotero-0.6.0-smoke-data\translators\National Agriculture Library.js

zotero(4)(+0000012): REPLACE INTO translatorCache VALUES (?, ?, ?) ['National Agriculture Library.js', '{"translatorID":"e391620a-0a33-415b-b08b-521fdbb2c257","translatorType":4,"label":"National Agriculture Library","creator":"Abe Jellinek","target":"^https?://(pubag|naldc)\\.nal\\.usda\\.gov/","priority":100,"lastUpdated":"2021-08-11 22:01:59","browserSupport":"gcsibv","minVersion":"3.0","maxVersion":"","inRepository":true}', 1262275200000]

zotero(3)(+0000005): Getting contents of E:\Kumiko\pythonProject\Zotero\tmp\zotero-0.6.0-smoke-data\translators\National Archives of Australia.js

zotero(4)(+0000012): REPLACE INTO translatorCache VALUES (?, ?, ?) ['National Archives of Australia.js', '{"translatorID":"50a4cf3f-92ef-4e9f-ab15-815229159b16","translatorType":4,"label":"National Archives of Australia","creator":"Tim Sherratt, Aurimas Vinckevicius","target":"^https?://recordsearch\\.naa\\.gov\\.au/","priority":100,"lastUpdated":"2021-02-13 11:39:57","browserSupport":"gcsibv","minVersion":"3.0","maxVersion":"","inRepository":true}', 1262275200000]

zotero(3)(+0000008): Getting contents of E:\Kumiko\pythonProject\Zotero\tmp\zotero-0.6.0-smoke-data\translators\National Archives of South Africa.js

zotero(4)(+0000001): REPLACE INTO translatorCache VALUES (?, ?, ?) ['National Archives of South Africa.js', '{"translatorID":"5b02e8d4-d8fb-4143-af3d-3576d4c1b49c","translatorType":4,"label":"National Archives of South Africa","creator":"Adam Crymble","target":"^https?://www\\.national\\.archsrch\\.gov\\.za","priority":100,"lastUpdated":"2014-03-12 22:00:51","browserSupport":"gcsb","minVersion":"3.0","maxVersion":"","inRepository":true}', 1262275200000]

zotero(3)(+0000007): Getting contents of E:\Kumiko\pythonProject\Zotero\tmp\zotero-0.6.0-smoke-data\translators\National Archives UK Case Law.js

zotero(4)(+0000013): REPLACE INTO translatorCache VALUES (?, ?, ?) ['National Archives UK Case Law.js', '{"translatorID":"be076b36-b2ef-41e3-afd9-3ab9da626ff1","translatorType":4,"label":"National Archives UK Case Law","creator":"Michael Veale","target":"^https?://caselaw\\.nationalarchives\\.gov\\.uk/","priority":100,"lastUpdated":"2026-02-03 19:39:24","browserSupport":"gcsibv","minVersion":"3.0","maxVersion":"","inRepository":true}', 1262275200000]

zotero(3)(+0000007): Getting contents of E:\Kumiko\pythonProject\Zotero\tmp\zotero-0.6.0-smoke-data\translators\National Bureau of Economic Research.js

zotero(4)(+0000010): REPLACE INTO translatorCache VALUES (?, ?, ?) ['National Bureau of Economic Research.js', '{"translatorID":"99f958ab-0732-483d-833f-6bd8e42f6277","translatorType":4,"label":"National Bureau of Economic Research","creator":"Michael Berkowitz, Philipp Zumstein, Abe Jellinek","target":"^https?://(papers\\.|www2?\\.)?nber\\.org/(system/files/)?(papers|s|new|custom|books-and-chapters|chapters)","priority":100,"lastUpdated":"2022-04-04 18:13:34","browserSupport":"gcsibv","minVersion":"3.0","maxVersion":"","inRepository":true}', 1262275200000]

zotero(3)(+0000007): Getting contents of E:\Kumiko\pythonProject\Zotero\tmp\zotero-0.6.0-smoke-data\translators\National Diet Library Catalogue.js

zotero(4)(+0000011): REPLACE INTO translatorCache VALUES (?, ?, ?) ['National Diet Library Catalogue.js', '{"translatorID":"5978580d-c58c-46c8-9755-9481a3e20f3f","translatorType":4,"label":"National Diet Library Catalogue","creator":"Philipp Zumstein","target":"^https?://iss\\.ndl\\.go\\.jp/","priority":100,"lastUpdated":"2015-08-15 16:07:22","browserSupport":"gcsibv","minVersion":"3.0","maxVersion":"","inRepository":true}', 1262275200000]

zotero(3)(+0000007): Getting contents of E:\Kumiko\pythonProject\Zotero\tmp\zotero-0.6.0-smoke-data\translators\National Gallery of Art - USA.js

zotero(4)(+0000012): REPLACE INTO translatorCache VALUES (?, ?, ?) ['National Gallery of Art - USA.js', '{"translatorID":"ed28758b-9c39-4e1c-af89-ce1c9202b70f","translatorType":4,"label":"National Gallery of Art - USA","creator":"Adam Crymble and Abe Jellinek","target":"^https?://www\\.nga\\.gov/","priority":100,"lastUpdated":"2021-10-08 03:45:09","browserSupport":"gcsibv","minVersion":"3.0","maxVersion":"","inRepository":true}', 1262275200000]

zotero(3)(+0000007): Getting contents of E:\Kumiko\pythonProject\Zotero\tmp\zotero-0.6.0-smoke-data\translators\National Gallery of Australia.js

zotero(4)(+0000001): REPLACE INTO translatorCache VALUES (?, ?, ?) ['National Gallery of Australia.js', '{"translatorID":"ac9c95f6-7692-47fb-b231-4cc36d1d67f5","translatorType":4,"label":"National Gallery of Australia","creator":"Ben Swift","target":"^https?://searchthecollection\\.nga\\.gov\\.au/","priority":100,"lastUpdated":"2021-08-25 17:02:37","browserSupport":"gcsibv","minVersion":"3.0","maxVersion":"","inRepository":true}', 1262275200000]

zotero(3)(+0000007): Getting contents of E:\Kumiko\pythonProject\Zotero\tmp\zotero-0.6.0-smoke-data\translators\National Library of Australia (new catalog).js

zotero(4)(+0000012): REPLACE INTO translatorCache VALUES (?, ?, ?) ['National Library of Australia (new catalog).js', '{"translatorID":"54ac4ec1-9d07-45d3-9d96-48bed3411fb6","translatorType":4,"label":"National Library of Australia (new catalog)","creator":"Philipp Zumstein and Tim Sherratt","target":"^https?://catalogue\\.nla\\.gov\\.au","priority":100,"lastUpdated":"2022-08-02 21:35:50","browserSupport":"gcsibv","minVersion":"5.0","maxVersion":"","inRepository":true}', 1262275200000]

zotero(3)(+0000007): Getting contents of E:\Kumiko\pythonProject\Zotero\tmp\zotero-0.6.0-smoke-data\translators\National Library of Belarus.js

zotero(4)(+0000001): REPLACE INTO translatorCache VALUES (?, ?, ?) ['National Library of Belarus.js', '{"translatorID":"89592f50-6ae8-491e-8988-969002012b1b","translatorType":4,"label":"National Library of Belarus","creator":"Philipp Zumstein","target":"^https?://www\\.nlb\\.by/portal/page/portal/index/resources/(basicsearch|expandedsearch|anothersearch|authoritet|newdoc|top100)","priority":100,"lastUpdated":"2017-01-01 15:28:10","browserSupport":"gcsibv","minVersion":"3.0","maxVersion":"","inRepository":true}', 1262275200000]

zotero(3)(+0000008): Getting contents of E:\Kumiko\pythonProject\Zotero\tmp\zotero-0.6.0-smoke-data\translators\National Library of Norway.js

zotero(4)(+0000014): REPLACE INTO translatorCache VALUES (?, ?, ?) ['National Library of Norway.js', '{"translatorID":"7bd82b70-1ed7-4aaf-bea2-bcbe6429a3ee","translatorType":4,"label":"National Library of Norway","creator":"Dan Michael O. Heggø","target":"^https?://(www\\.)?nb\\.no/","priority":100,"lastUpdated":"2021-07-14 15:58:43","browserSupport":"gcsibv","minVersion":"3.0","maxVersion":"","inRepository":true}', 1262275200000]

zotero(3)(+0000007): Getting contents of E:\Kumiko\pythonProject\Zotero\tmp\zotero-0.6.0-smoke-data\translators\National Library of Poland ISBN.js

zotero(4)(+0000011): REPLACE INTO translatorCache VALUES (?, ?, ?) ['National Library of Poland ISBN.js', '{"translatorID":"aa7f310e-10d3-4209-91dc-88301e7070c6","translatorType":8,"label":"National Library of Poland ISBN","creator":"Maciej Nux Jaros","target":"","priority":98,"lastUpdated":"2023-06-15 02:45:16","browserSupport":"g","minVersion":"4.0","maxVersion":"","inRepository":true}', 1262275200000]

zotero(3)(+0000007): Getting contents of E:\Kumiko\pythonProject\Zotero\tmp\zotero-0.6.0-smoke-data\translators\National Post.js

zotero(4)(+0000012): REPLACE INTO translatorCache VALUES (?, ?, ?) ['National Post.js', '{"translatorID":"1c5b122c-7e58-4cd5-932b-93f5ca0b7e1a","translatorType":4,"label":"National Post","creator":"Adam Crymble and Abe Jellinek","target":"^https://(www\\.)?(national|financial)post\\.com/","priority":100,"lastUpdated":"2021-06-12 02:31:11","browserSupport":"gcsibv","minVersion":"1.0.0b4.r5","maxVersion":"","inRepository":true}', 1262275200000]

zotero(3)(+0000006): Getting contents of E:\Kumiko\pythonProject\Zotero\tmp\zotero-0.6.0-smoke-data\translators\National Technical Reports Library.js

zotero(4)(+0000012): REPLACE INTO translatorCache VALUES (?, ?, ?) ['National Technical Reports Library.js', '{"translatorID":"5b9511cd-9b0b-4816-812a-6cbb2b685046","translatorType":4,"label":"National Technical Reports Library","creator":"Abe Jellinek","target":"^https?://ntrl\\.ntis\\.gov/NTRL/","priority":100,"lastUpdated":"2021-08-31 19:24:13","browserSupport":"gcsibv","minVersion":"3.0","maxVersion":"","inRepository":true}', 1262275200000]

zotero(3)(+0000007): Getting contents of E:\Kumiko\pythonProject\Zotero\tmp\zotero-0.6.0-smoke-data\translators\National Transportation Library ROSA P.js

zotero(4)(+0000011): REPLACE INTO translatorCache VALUES (?, ?, ?) ['National Transportation Library ROSA P.js', '{"translatorID":"47cbb10a-d6d6-4957-96de-e8b6424c7708","translatorType":4,"label":"National Transportation Library ROSA P","creator":"Abe Jellinek","target":"^https?://rosap\\.ntl\\.bts\\.gov/","priority":100,"lastUpdated":"2021-08-11 21:32:59","browserSupport":"gcsibv","minVersion":"3.0","maxVersion":"","inRepository":true}', 1262275200000]

zotero(3)(+0000007): Getting contents of E:\Kumiko\pythonProject\Zotero\tmp\zotero-0.6.0-smoke-data\translators\Nature Publishing Group.js

zotero(4)(+0000024): REPLACE INTO translatorCache VALUES (?, ?, ?) ['Nature Publishing Group.js', '{"translatorID":"6614a99-479a-4524-8e30-686e4d66663e","translatorType":4,"label":"Nature Publishing Group","creator":"Aurimas Vinckevicius","target":"^https?://(www\\.)?nature\\.com/([^?/]+/)?(journal|archive|research|topten|search|full|abs|current_issue\\.htm|most\\.htm|articles/)","priority":100,"lastUpdated":"2025-06-12 16:23:14","browserSupport":"gcsibv","minVersion":"3.0","maxVersion":"","inRepository":true}', 1262275200000]

zotero(3)(+0000007): Getting contents of E:\Kumiko\pythonProject\Zotero\tmp\zotero-0.6.0-smoke-data\translators\NCBI Nucleotide.js

zotero(4)(+0000013): REPLACE INTO translatorCache VALUES (?, ?, ?) ['NCBI Nucleotide.js', '{"translatorID":"5e385e77-2f51-41b4-a29b-908e23d5d3e8","translatorType":4,"label":"NCBI Nucleotide","creator":"Martin Fenner","target":"^https?://(www\\.)?ncbi\\.nlm\\.nih\\.gov/nuccore/","priority":100,"lastUpdated":"2021-06-07 11:25:19","browserSupport":"gcs","minVersion":"3.0","maxVersion":"","inRepository":true}', 1262275200000]

zotero(3)(+0000007): Getting contents of E:\Kumiko\pythonProject\Zotero\tmp\zotero-0.6.0-smoke-data\translators\Neural Information Processing Systems.js

zotero(4)(+0000011): REPLACE INTO translatorCache VALUES (?, ?, ?) ['Neural Information Processing Systems.js', '{"translatorID":"c816f8ad-4c73-4f6d-914e-a6e7212746cf","translatorType":4,"label":"Neural Information Processing Systems","creator":"Fei Qi, Sebastian Karcher, Guy Aglionby, and Abe Jellinek","target":"^https?://(papers|proceedings)\\.n(eur)?ips\\.cc/","priority":100,"lastUpdated":"2022-03-28 18:01:24","browserSupport":"gcsibv","minVersion":"3.0","maxVersion":"","inRepository":true}', 1262275200000]

zotero(3)(+0000007): Getting contents of E:\Kumiko\pythonProject\Zotero\tmp\zotero-0.6.0-smoke-data\translators\New Left Review.js

zotero(4)(+0000001): REPLACE INTO translatorCache VALUES (?, ?, ?) ['New Left Review.js', '{"translatorID":"b97af278-52c1-4fc4-9c8b-5175c83941f2","translatorType":4,"label":"New Left Review","creator":"Bo An","target":"^https?://(www\\.)?newleftreview\\.org/issues/","priority":100,"lastUpdated":"2021-06-16 21:17:31","browserSupport":"gcsibv","minVersion":"3.0","maxVersion":"","inRepository":true}', 1262275200000]

zotero(3)(+0000008): Getting contents of E:\Kumiko\pythonProject\Zotero\tmp\zotero-0.6.0-smoke-data\translators\New Zealand Herald.js

zotero(4)(+0000012): REPLACE INTO translatorCache VALUES (?, ?, ?) ['New Zealand Herald.js', '{"translatorID":"c7830593-807e-48cb-99f2-c3bed2b148c2","translatorType":4,"label":"New Zealand Herald","creator":"Philipp Zumstein","target":"^https?://www\\.nzherald\\.co\\.nz","priority":100,"lastUpdated":"2019-06-13 22:55:12","browserSupport":"gcsibv","minVersion":"3.0","maxVersion":"","inRepository":true}', 1262275200000]

zotero(3)(+0000006): Getting contents of E:\Kumiko\pythonProject\Zotero\tmp\zotero-0.6.0-smoke-data\translators\Newlines Magazine.js

zotero(4)(+0000012): REPLACE INTO translatorCache VALUES (?, ?, ?) ['Newlines Magazine.js', '{"translatorID":"33ad4fed-9a2f-4bf6-85a6-7c09a022b573","translatorType":4,"label":"Newlines Magazine","creator":"Abe Jellinek","target":"^https?://newlinesmag\\.com/","priority":100,"lastUpdated":"2021-08-17 03:23:02","browserSupport":"gcsibv","minVersion":"3.0","maxVersion":"","inRepository":true}', 1262275200000]

zotero(3)(+0000007): Getting contents of E:\Kumiko\pythonProject\Zotero\tmp\zotero-0.6.0-smoke-data\translators\News Corp Australia.js

zotero(4)(+0000001): REPLACE INTO translatorCache VALUES (?, ?, ?) ['News Corp Australia.js', '{"translatorID":"393afc28-212d-47dd-be87-ec51bc7a58a4","translatorType":4,"label":"News Corp Australia","creator":"Michael Berkowitz and Abe Jellinek","target":"^https?://(www\\.)?(news|theaustralian|couriermail|adelaidenow|heraldsun|dailytelegraph|goldcoastbulletin|themercury|dailymercury|ntnews|northshoretimes|geelongadvertiser|townsvillebulletin|cairnspost|themorningbulletin|gladstoneobserver|sunshinecoastdaily|qt|thechronicle)\\.com\\.au/","priority":100,"lastUpdated":"2023-07-14 10:46:05","browserSupport":"gcsibv","minVersion":"1.0.0b3.r1","maxVersion":"","inRepository":true}', 1262275200000]

zotero(3)(+0000007): Getting contents of E:\Kumiko\pythonProject\Zotero\tmp\zotero-0.6.0-smoke-data\translators\NewsBank.js

zotero(4)(+0000001): REPLACE INTO translatorCache VALUES (?, ?, ?) ['NewsBank.js', '{"translatorID":"7fc76bfc-3a1a-47e7-93cc-4deed69bee5f","translatorType":4,"label":"NewsBank","creator":"Reuben Peterkin","target":"^https?://infoweb\\.newsbank\\.com/","priority":100,"lastUpdated":"2021-12-12 02:50:32","browserSupport":"gcsibv","minVersion":"3.0","maxVersion":"","inRepository":true}', 1262275200000]

zotero(3)(+0000008): Getting contents of E:\Kumiko\pythonProject\Zotero\tmp\zotero-0.6.0-smoke-data\translators\newshub.co.nz.js

zotero(4)(+0000000): REPLACE INTO translatorCache VALUES (?, ?, ?) ['newshub.co.nz.js', '{"translatorID":"a9f7b277-e134-4d1d-ada6-8f7942be71a6","translatorType":4,"label":"newshub.co.nz","creator":"Philipp Zumstein","target":"^https?://www\\.newshub\\.co\\.nz/","priority":100,"lastUpdated":"2016-12-28 20:22:36","browserSupport":"gcsibv","minVersion":"3.0","maxVersion":"","inRepository":true}', 1262275200000]

zotero(3)(+0000016): Getting contents of E:\Kumiko\pythonProject\Zotero\tmp\zotero-0.6.0-smoke-data\translators\NewsnetTamedia.js

zotero(4)(+0000012): REPLACE INTO translatorCache VALUES (?, ?, ?) ['NewsnetTamedia.js', '{"translatorID":"caecaea0-5d06-11df-a08a-0800200c9a66","translatorType":4,"label":"Newsnet/Tamedia","creator":"Philipp Zumstein","target":"^https?://((www\\.)?(tagesanzeiger|(bo\\.)?bernerzeitung|bazonline|derbund|lematin|24heures|landbote|zuonline|zsz|tdg|letemps)\\.ch/.)","priority":100,"lastUpdated":"2018-04-29 11:03:04","browserSupport":"gcsibv","minVersion":"3.0","maxVersion":"","inRepository":true}', 1262275200000]

zotero(3)(+0000006): Getting contents of E:\Kumiko\pythonProject\Zotero\tmp\zotero-0.6.0-smoke-data\translators\newspapers.com.js

zotero(4)(+0000013): REPLACE INTO translatorCache VALUES (?, ?, ?) ['newspapers.com.js', '{"translatorID":"22dd8e35-02da-4968-b306-6efe0779a48d","translatorType":4,"label":"newspapers.com","creator":"Peter Binkley","target":"^https?://[^/]+\\.newspapers\\.com/(article|image)/","priority":100,"lastUpdated":"2025-04-29 03:02:00","browserSupport":"gcsibv","minVersion":"3.0","maxVersion":"","inRepository":true}', 1262275200000]

zotero(3)(+0000007): Getting contents of E:\Kumiko\pythonProject\Zotero\tmp\zotero-0.6.0-smoke-data\translators\Noor Digital Library.js

zotero(4)(+0000012): REPLACE INTO translatorCache VALUES (?, ?, ?) ['Noor Digital Library.js', '{"translatorID":"91170c85-7547-4716-b3ae-b82a68d8b19f","translatorType":4,"label":"Noor Digital Library","creator":"Abe Jellinek","target":"^https?://noorlib\\.ir/","priority":100,"lastUpdated":"2021-09-03 19:35:04","browserSupport":"gcsibv","minVersion":"3.0","maxVersion":"","inRepository":true}', 1262275200000]

zotero(3)(+0000007): Getting contents of E:\Kumiko\pythonProject\Zotero\tmp\zotero-0.6.0-smoke-data\translators\Note HTML.js

zotero(4)(+0000011): REPLACE INTO translatorCache VALUES (?, ?, ?) ['Note HTML.js', '{"translatorID":"897a81c2-9f60-4bec-ae6b-85a5030b8be5","translatorType":2,"label":"Note HTML","creator":"Martynas Bagdonas","target":"html","priority":50,"lastUpdated":"2024-07-10 15:30:00","browserSupport":"g","minVersion":"5.0.97","maxVersion":"","inRepository":true,"configOptions":{"noteTranslator":true},"displayOptions":{"includeAppLinks":false}}', 1262275200000]

zotero(3)(+0000007): Getting contents of E:\Kumiko\pythonProject\Zotero\tmp\zotero-0.6.0-smoke-data\translators\Note Markdown.js

zotero(4)(+0000015): REPLACE INTO translatorCache VALUES (?, ?, ?) ['Note Markdown.js', '{"translatorID":"1412e9e2-51e1-42ec-aa35-e036a895534b","translatorType":2,"label":"Note Markdown","creator":"Martynas Bagdonas","target":"md","priority":50,"lastUpdated":"2024-07-10 16:00:00","browserSupport":"g","minVersion":"5.0.97","maxVersion":"","inRepository":true,"configOptions":{"noteTranslator":true},"displayOptions":{"includeAppLinks":true}}', 1262275200000]

zotero(3)(+0000007): Getting contents of E:\Kumiko\pythonProject\Zotero\tmp\zotero-0.6.0-smoke-data\translators\Notre Dame Philosophical Reviews.js

zotero(4)(+0000001): REPLACE INTO translatorCache VALUES (?, ?, ?) ['Notre Dame Philosophical Reviews.js', '{"translatorID":"a823550b-6475-4b20-8539-a3c416906228","translatorType":4,"label":"Notre Dame Philosophical Reviews","creator":"Emiliano Heyns and Abe Jellinek","target":"^https?://ndpr\\.nd\\.edu/","priority":100,"lastUpdated":"2021-08-31 17:03:45","browserSupport":"gcsibv","minVersion":"2.1","maxVersion":"","inRepository":true}', 1262275200000]

zotero(3)(+0000007): Getting contents of E:\Kumiko\pythonProject\Zotero\tmp\zotero-0.6.0-smoke-data\translators\NPR.js

zotero(4)(+0000011): REPLACE INTO translatorCache VALUES (?, ?, ?) ['NPR.js', '{"translatorID":"bc2fbf38-3061-4335-8644-69ce68580b20","translatorType":4,"label":"NPR","creator":"Abe Jellinek","target":"^https?://www\\.npr\\.org/","priority":100,"lastUpdated":"2021-08-13 21:08:15","browserSupport":"gcsibv","minVersion":"3.0","maxVersion":"","inRepository":true}', 1262275200000]

zotero(3)(+0000007): Getting contents of E:\Kumiko\pythonProject\Zotero\tmp\zotero-0.6.0-smoke-data\translators\NRC Research Press.js

zotero(4)(+0000012): REPLACE INTO translatorCache VALUES (?, ?, ?) ['NRC Research Press.js', '{"translatorID":"fc08c878-ac92-40dc-9105-ca36ca20665d","translatorType":4,"label":"NRC Research Press","creator":"Sebastian Karcher","target":"^https?://www\\.nrcresearchpress\\.com","priority":100,"lastUpdated":"2016-05-24 13:18:11","browserSupport":"gcbv","minVersion":"3.0","maxVersion":"","inRepository":true}', 1262275200000]

zotero(3)(+0000007): Getting contents of E:\Kumiko\pythonProject\Zotero\tmp\zotero-0.6.0-smoke-data\translators\NRC.nl.js

zotero(4)(+0000012): REPLACE INTO translatorCache VALUES (?, ?, ?) ['NRC.nl.js', '{"translatorID":"8e708ceb-ce42-446f-bffd-21e2bdeb0742","translatorType":4,"label":"NRC.nl","creator":"Martijn Staal","target":"^https?://www\\.nrc\\.nl","priority":100,"lastUpdated":"2023-06-20 08:03:28","browserSupport":"gcsibv","minVersion":"5.0","maxVersion":"","inRepository":true}', 1262275200000]

zotero(3)(+0000007): Getting contents of E:\Kumiko\pythonProject\Zotero\tmp\zotero-0.6.0-smoke-data\translators\NTSB Accident Reports.js

zotero(4)(+0000011): REPLACE INTO translatorCache VALUES (?, ?, ?) ['NTSB Accident Reports.js', '{"translatorID":"fef8575b-da80-40ec-8084-631a08cae2bd","translatorType":4,"label":"NTSB Accident Reports","creator":"Abe Jellinek","target":"^https?://(www\\.)?ntsb\\.gov/investigations/AccidentReports/Pages/","priority":100,"lastUpdated":"2021-07-26 18:39:23","browserSupport":"gcsibv","minVersion":"3.0","maxVersion":"","inRepository":true}', 1262275200000]

zotero(3)(+0000007): Getting contents of E:\Kumiko\pythonProject\Zotero\tmp\zotero-0.6.0-smoke-data\translators\NYPL Menus.js

zotero(4)(+0000021): REPLACE INTO translatorCache VALUES (?, ?, ?) ['NYPL Menus.js', '{"translatorID":"df9dca51-1f66-4dc6-a3e1-09b4c416db23","translatorType":4,"label":"NYPL Menus","creator":"Abe Jellinek","target":"^https?://menus\\.nypl\\.org/","priority":100,"lastUpdated":"2021-06-23 00:03:16","browserSupport":"gcsibv","minVersion":"3.0","maxVersion":"","inRepository":true}', 1262275200000]

zotero(3)(+0000006): Getting contents of E:\Kumiko\pythonProject\Zotero\tmp\zotero-0.6.0-smoke-data\translators\NYPL Research Catalog.js

zotero(4)(+0000012): REPLACE INTO translatorCache VALUES (?, ?, ?) ['NYPL Research Catalog.js', '{"translatorID":"dcf75e09-7f8a-4d4d-ad6f-363b46f79b13","translatorType":4,"label":"NYPL Research Catalog","creator":"Abe Jellinek","target":"^https://www\\.nypl\\.org/research/research-catalog/","priority":100,"lastUpdated":"2024-01-26 23:24:00","browserSupport":"gcsibv","minVersion":"3.0","maxVersion":"","inRepository":true}', 1262275200000]

zotero(3)(+0000006): Getting contents of E:\Kumiko\pythonProject\Zotero\tmp\zotero-0.6.0-smoke-data\translators\NYTimes.com.js

zotero(4)(+0000012): REPLACE INTO translatorCache VALUES (?, ?, ?) ['NYTimes.com.js', '{"translatorID":"ce7a3727-d184-407f-ac12-52837f3361ff","translatorType":4,"label":"NYTimes.com","creator":"Philipp Zumstein","target":"^https?://(query\\.nytimes\\.com/(search|gst)/|(select\\.|www\\.|mobile\\.|[^\\/.]*\\.blogs\\.)?nytimes\\.com/)","priority":100,"lastUpdated":"2026-01-20 19:13:44","browserSupport":"gcsibv","minVersion":"3.0","maxVersion":"","inRepository":true}', 1262275200000]

zotero(3)(+0000006): Getting contents of E:\Kumiko\pythonProject\Zotero\tmp\zotero-0.6.0-smoke-data\translators\NZZ.ch.js

zotero(4)(+0000001): REPLACE INTO translatorCache VALUES (?, ?, ?) ['NZZ.ch.js', '{"translatorID":"61ffe600-55e0-11df-bed9-0002a5d5c51b","translatorType":4,"label":"NZZ.ch","creator":"Philipp Zumstein","target":"^https?://(www\\.)?nzz\\.ch/","priority":100,"lastUpdated":"2022-04-05 17:23:30","browserSupport":"gcsibv","minVersion":"2.1.9","maxVersion":"","inRepository":true}', 1262275200000]

zotero(3)(+0000008): Getting contents of E:\Kumiko\pythonProject\Zotero\tmp\zotero-0.6.0-smoke-data\translators\OAPEN.js

zotero(4)(+0000011): REPLACE INTO translatorCache VALUES (?, ?, ?) ['OAPEN.js', '{"translatorID":"2100cedb-0a7d-4166-ab97-5e84e516cd81","translatorType":4,"label":"OAPEN","creator":"Abe Jellinek","target":"^https?://library\\.oapen\\.org/","priority":100,"lastUpdated":"2021-10-22 00:17:40","browserSupport":"gcsibv","minVersion":"3.0","maxVersion":"","inRepository":true}', 1262275200000]

zotero(3)(+0000007): Getting contents of E:\Kumiko\pythonProject\Zotero\tmp\zotero-0.6.0-smoke-data\translators\OCLC WorldCat FirstSearch.js

zotero(4)(+0000001): REPLACE INTO translatorCache VALUES (?, ?, ?) ['OCLC WorldCat FirstSearch.js', '{"translatorID":"838d8849-4ffb-9f44-3d0d-aa8a0a079afe","translatorType":4,"label":"OCLC WorldCat FirstSearch","creator":"Simon Kornblith","target":"^https?://[^/]*firstsearch\\.oclc\\.org[^/]*/WebZ/","priority":100,"lastUpdated":"2017-01-01 15:28:35","browserSupport":"g","minVersion":"1.0.0b3.r1","maxVersion":"","inRepository":true}', 1262275200000]

zotero(3)(+0000007): Getting contents of E:\Kumiko\pythonProject\Zotero\tmp\zotero-0.6.0-smoke-data\translators\OECD.js

zotero(4)(+0000011): REPLACE INTO translatorCache VALUES (?, ?, ?) ['OECD.js', '{"translatorID":"8cf74360-e772-4818-8cf1-eda0481c7dfb","translatorType":4,"label":"OECD","creator":"Sebastian Karcher and Abe Jellinek","target":"^https?://(www\\.)?oecd-ilibrary\\.org/","priority":100,"lastUpdated":"2021-10-08 04:15:50","browserSupport":"gcs","minVersion":"2.1","maxVersion":"","inRepository":true}', 1262275200000]

zotero(3)(+0000007): Getting contents of E:\Kumiko\pythonProject\Zotero\tmp\zotero-0.6.0-smoke-data\translators\OhioLINK.js

zotero(4)(+0000001): REPLACE INTO translatorCache VALUES (?, ?, ?) ['OhioLINK.js', '{"translatorID":"17c974e6-7c4f-4ac8-93af-8d74debca110","translatorType":4,"label":"OhioLINK","creator":"Aurimas Vinckevicius","target":"^https?://journals\\.ohiolink\\.edu/ejc/article\\.cgi\\?","priority":100,"lastUpdated":"2017-01-01 15:28:48","browserSupport":"gcs","minVersion":"3.0","maxVersion":"","inRepository":true}', 1262275200000]

zotero(3)(+0000007): Getting contents of E:\Kumiko\pythonProject\Zotero\tmp\zotero-0.6.0-smoke-data\translators\Old Bailey Online.js

zotero(4)(+0000012): REPLACE INTO translatorCache VALUES (?, ?, ?) ['Old Bailey Online.js', '{"translatorID":"b10bf941-12e9-4188-be04-f6357fa594a0","translatorType":4,"label":"Old Bailey Online","creator":"Sharon Howard and Adam Crymble","target":"^https?://www\\.oldbaileyonline\\.org/","priority":100,"lastUpdated":"2024-09-15 13:03:34","browserSupport":"gcsibv","minVersion":"3.0","maxVersion":"","inRepository":true}', 1262275200000]

zotero(3)(+0000006): Getting contents of E:\Kumiko\pythonProject\Zotero\tmp\zotero-0.6.0-smoke-data\translators\Open Conf.js

zotero(4)(+0000001): REPLACE INTO translatorCache VALUES (?, ?, ?) ['Open Conf.js', '{"translatorID":"3d180fcf-8005-4a2b-a0cd-1fe31ba1f996","translatorType":4,"label":"Open Conf","creator":"Sebastian Karcher","target":"^https?://(www\\.)?openconf\\.(com|org)/.+/request\\.php","priority":100,"lastUpdated":"2017-05-26 15:41:56","browserSupport":"gcsibv","minVersion":"3.0","maxVersion":"","inRepository":true}', 1262275200000]

zotero(3)(+0000007): Getting contents of E:\Kumiko\pythonProject\Zotero\tmp\zotero-0.6.0-smoke-data\translators\Open Knowledge Repository.js

zotero(4)(+0000012): REPLACE INTO translatorCache VALUES (?, ?, ?) ['Open Knowledge Repository.js', '{"translatorID":"010e68d1-2794-4e73-b182-40f36768951b","translatorType":4,"label":"Open Knowledge Repository","creator":"Abe Jellinek","target":"^https?://openknowledge\\.worldbank\\.org/","priority":100,"lastUpdated":"2021-09-20 19:05:06","browserSupport":"gcsibv","minVersion":"3.0","maxVersion":"","inRepository":true}', 1262275200000]

zotero(3)(+0000007): Getting contents of E:\Kumiko\pythonProject\Zotero\tmp\zotero-0.6.0-smoke-data\translators\Open WorldCat.js

zotero(4)(+0000012): REPLACE INTO translatorCache VALUES (?, ?, ?) ['Open WorldCat.js', '{"translatorID":"c73a4a8c-3ef1-4ec8-8229-7531ee384cc4","translatorType":12,"label":"Open WorldCat","creator":"Simon Kornblith, Sebastian Karcher, Abe Jellinek","target":"^https?://([^/]+\\.)?worldcat\\.org/","priority":100,"lastUpdated":"2026-02-12 16:29:52","browserSupport":"gcsibv","minVersion":"5.0","maxVersion":"","inRepository":true}', 1262275200000]

zotero(3)(+0000007): Getting contents of E:\Kumiko\pythonProject\Zotero\tmp\zotero-0.6.0-smoke-data\translators\OpenAlex JSON.js

zotero(4)(+0000017): REPLACE INTO translatorCache VALUES (?, ?, ?) ['OpenAlex JSON.js', '{"translatorID":"faa53754-fb55-4658-9094-ae8a7e0409a2","translatorType":1,"label":"OpenAlex JSON","creator":"Sebastian Karcher","target":"json","priority":100,"lastUpdated":"2024-07-29 14:16:09","browserSupport":"g","minVersion":"5.0","maxVersion":"","inRepository":true}', 1262275200000]

zotero(3)(+0000008): Getting contents of E:\Kumiko\pythonProject\Zotero\tmp\zotero-0.6.0-smoke-data\translators\OpenAlex.js

zotero(4)(+0000012): REPLACE INTO translatorCache VALUES (?, ?, ?) ['OpenAlex.js', '{"translatorID":"432d79fe-79e1-4791-b3e1-baf700710163","translatorType":12,"label":"OpenAlex","creator":"Sebastian Karcher","target":"^https://openalex\\.org/works","priority":100,"lastUpdated":"2024-07-29 14:16:50","browserSupport":"gcsibv","minVersion":"5.0","maxVersion":"","inRepository":true}', 1262275200000]

zotero(3)(+0000007): Getting contents of E:\Kumiko\pythonProject\Zotero\tmp\zotero-0.6.0-smoke-data\translators\OpenEdition Books.js

zotero(4)(+0000000): REPLACE INTO translatorCache VALUES (?, ?, ?) ['OpenEdition Books.js', '{"translatorID":"4c6b4c5f-7286-45bb-8e99-0c518d177fa7","translatorType":4,"label":"OpenEdition Books","creator":"Cédric Chatelain","target":"^https?://books\\.openedition\\.org/","priority":100,"lastUpdated":"2017-01-03 11:17:56","browserSupport":"gcsibv","minVersion":"1.0","maxVersion":"","inRepository":true}', 1262275200000]

zotero(3)(+0000008): Getting contents of E:\Kumiko\pythonProject\Zotero\tmp\zotero-0.6.0-smoke-data\translators\OpenEdition Journals.js

zotero(4)(+0000011): REPLACE INTO translatorCache VALUES (?, ?, ?) ['OpenEdition Journals.js', '{"translatorID":"87766765-919e-4d3b-9071-3dd7efe984c8","translatorType":4,"label":"OpenEdition Journals","creator":"Aurimas Vinckevicius, Pierre-Alain Mignot, Michael Berkowitz, Hélène Prieto, Jean-François Rivière","target":"^https?://journals\\.openedition\\.org/","priority":100,"lastUpdated":"2021-07-02 00:22:25","browserSupport":"gcsibv","minVersion":"3.0","maxVersion":"","inRepository":true}', 1262275200000]

zotero(3)(+0000007): Getting contents of E:\Kumiko\pythonProject\Zotero\tmp\zotero-0.6.0-smoke-data\translators\openJur.js

zotero(4)(+0000001): REPLACE INTO translatorCache VALUES (?, ?, ?) ['openJur.js', '{"translatorID":"a078c90c-c016-4a15-9b1f-40989b1d153e","translatorType":4,"label":"openJur","creator":"Abe Jellinek","target":"^https?://openjur\\.de/","priority":100,"lastUpdated":"2021-10-18 20:30:28","browserSupport":"gcsibv","minVersion":"3.0","maxVersion":"","inRepository":true}', 1262275200000]

zotero(3)(+0000007): Getting contents of E:\Kumiko\pythonProject\Zotero\tmp\zotero-0.6.0-smoke-data\translators\Optical Society of America.js

zotero(4)(+0000013): REPLACE INTO translatorCache VALUES (?, ?, ?) ['Optical Society of America.js', '{"translatorID":"a1a97ad4-493a-45f2-bd46-016069de4162","translatorType":4,"label":"Optical Society of America","creator":"Philipp Zumstein","target":"^https?://((www\\.)?osapublishing|opg\\.optica)\\.org","priority":100,"lastUpdated":"2022-11-22 16:05:46","browserSupport":"gcsibv","minVersion":"3.0","maxVersion":"","inRepository":true}', 1262275200000]

zotero(3)(+0000006): Getting contents of E:\Kumiko\pythonProject\Zotero\tmp\zotero-0.6.0-smoke-data\translators\Optimization Online.js

zotero(4)(+0000012): REPLACE INTO translatorCache VALUES (?, ?, ?) ['Optimization Online.js', '{"translatorID":"0ee623f9-0a5c-4f6a-a5e1-10e2feaa16a7","translatorType":4,"label":"Optimization Online","creator":"Pascal Quach","target":"^https?://optimization-online\\.org/","priority":100,"lastUpdated":"2023-07-15 13:50:06","browserSupport":"gcsibv","minVersion":"6.0","maxVersion":"","inRepository":true}', 1262275200000]

zotero(3)(+0000008): Getting contents of E:\Kumiko\pythonProject\Zotero\tmp\zotero-0.6.0-smoke-data\translators\ORCID.js

zotero(4)(+0000001): REPLACE INTO translatorCache VALUES (?, ?, ?) ['ORCID.js', '{"translatorID":"e83248bb-caa4-4dd2-a470-11f4cd164083","translatorType":4,"label":"ORCID","creator":"Philipp Zumstein","target":"^https?://orcid\\.org/","priority":100,"lastUpdated":"2018-10-12 18:52:49","browserSupport":"gcsibv","minVersion":"4.0.29.11","maxVersion":"","inRepository":true}', 1262275200000]

zotero(3)(+0000007): Getting contents of E:\Kumiko\pythonProject\Zotero\tmp\zotero-0.6.0-smoke-data\translators\OSF Preprints.js

zotero(4)(+0000011): REPLACE INTO translatorCache VALUES (?, ?, ?) ['OSF Preprints.js', '{"translatorID":"3b978207-5d5c-416f-b15e-2d9da4aa75e9","translatorType":4,"label":"OSF Preprints","creator":"Sebastian Karcher","target":"^https://osf\\.io/","priority":100,"lastUpdated":"2025-10-28 14:51:21","browserSupport":"gcsibv","minVersion":"3.0","maxVersion":"","inRepository":true}', 1262275200000]

zotero(3)(+0000007): Getting contents of E:\Kumiko\pythonProject\Zotero\tmp\zotero-0.6.0-smoke-data\translators\OSTI Energy Citations.js

zotero(4)(+0000001): REPLACE INTO translatorCache VALUES (?, ?, ?) ['OSTI Energy Citations.js', '{"translatorID":"0cdc6a07-38cf-4ec1-b9d5-7a3c0cc89b15","translatorType":4,"label":"OSTI Energy Citations","creator":"Michael Berkowitz","target":"^https?://www\\.osti\\.gov/(energycitations|scitech)","priority":100,"lastUpdated":"2017-07-27 10:41:29","browserSupport":"gcsibv","minVersion":"1.0.0b4.r5","maxVersion":"","inRepository":true}', 1262275200000]

zotero(3)(+0000007): Getting contents of E:\Kumiko\pythonProject\Zotero\tmp\zotero-0.6.0-smoke-data\translators\Ovid OCE.js

zotero(4)(+0000012): REPLACE INTO translatorCache VALUES (?, ?, ?) ['Ovid OCE.js', '{"translatorID":"b2285ec2-e454-49dc-b9ce-115035b55325","translatorType":4,"label":"Ovid OCE","creator":"Abe Jellinek","target":"^https://oce\\.ovid\\.com/","priority":100,"lastUpdated":"2025-09-03 16:42:47","browserSupport":"gcsibv","minVersion":"5.0","maxVersion":"","inRepository":true}', 1262275200000]

zotero(3)(+0000007): Getting contents of E:\Kumiko\pythonProject\Zotero\tmp\zotero-0.6.0-smoke-data\translators\OVID Tagged.js

zotero(4)(+0000016): REPLACE INTO translatorCache VALUES (?, ?, ?) ['OVID Tagged.js', '{"translatorID":"59e7e93e-4ef0-4777-8388-d6eddb3261bf","translatorType":1,"label":"OVID Tagged","creator":"Sebastian Karcher","target":"txt","priority":100,"lastUpdated":"2025-03-03 21:50:09","browserSupport":"g","minVersion":"4.0","maxVersion":"","inRepository":true}', 1262275200000]

zotero(3)(+0000008): Getting contents of E:\Kumiko\pythonProject\Zotero\tmp\zotero-0.6.0-smoke-data\translators\Ovid.js

zotero(4)(+0000012): REPLACE INTO translatorCache VALUES (?, ?, ?) ['Ovid.js', '{"translatorID":"cde4428-5434-437f-9cd9-2281d14dbf9","translatorType":4,"label":"Ovid","creator":"Simon Kornblith, Michael Berkowitz, and Ovid Technologies","target":"(gw2|asinghal|sp|ovid)[^/]+/ovidweb\\.cgi","priority":100,"lastUpdated":"2025-03-03 21:51:19","browserSupport":"gcsibv","minVersion":"2.1.9","maxVersion":"","inRepository":true}', 1262275200000]

zotero(3)(+0000007): Getting contents of E:\Kumiko\pythonProject\Zotero\tmp\zotero-0.6.0-smoke-data\translators\Oxford Dictionaries Premium.js

zotero(4)(+0000011): REPLACE INTO translatorCache VALUES (?, ?, ?) ['Oxford Dictionaries Premium.js', '{"translatorID":"b55076f2-0c40-4195-9f7d-cc08806178d9","translatorType":4,"label":"Oxford Dictionaries Premium","creator":"Abe Jellinek","target":"^https?://premium\\.oxforddictionaries\\.com/(translate|definition)/","priority":100,"lastUpdated":"2021-07-13 22:07:32","browserSupport":"gcsibv","minVersion":"3.0","maxVersion":"","inRepository":true}', 1262275200000]

zotero(3)(+0000007): Getting contents of E:\Kumiko\pythonProject\Zotero\tmp\zotero-0.6.0-smoke-data\translators\Oxford English Dictionary.js

zotero(4)(+0000001): REPLACE INTO translatorCache VALUES (?, ?, ?) ['Oxford English Dictionary.js', '{"translatorID":"d3ee2368-04d7-4b4d-a8f3-c20c3f5234a9","translatorType":4,"label":"Oxford English Dictionary","creator":"Sebastian Karcher and Emiliano Heyns","target":"^https?://(www\\.)?oed\\.com/","priority":100,"lastUpdated":"2021-06-14 21:23:46","browserSupport":"gcsibv","minVersion":"3.0","maxVersion":"","inRepository":true}', 1262275200000]

zotero(3)(+0000006): Getting contents of E:\Kumiko\pythonProject\Zotero\tmp\zotero-0.6.0-smoke-data\translators\Oxford Music and Art Online.js

zotero(4)(+0000001): REPLACE INTO translatorCache VALUES (?, ?, ?) ['Oxford Music and Art Online.js', '{"translatorID":"f203db7f-7b7b-4dc4-b018-115b7885fe3b","translatorType":4,"label":"Oxford Music and Art Online","creator":"Michael Berkowitz","target":"^https?://([^/]+\\.)?www\\.oxford(music|art)online\\.com/","priority":100,"lastUpdated":"2015-06-02 21:05:15","browserSupport":"gcsibv","minVersion":"1.0.0b4.r5","maxVersion":"","inRepository":true}', 1262275200000]

zotero(3)(+0000007): Getting contents of E:\Kumiko\pythonProject\Zotero\tmp\zotero-0.6.0-smoke-data\translators\Oxford Reference.js

zotero(4)(+0000001): REPLACE INTO translatorCache VALUES (?, ?, ?) ['Oxford Reference.js', '{"translatorID":"62415874-b53c-4afd-86e8-814e18a986f6","translatorType":4,"label":"Oxford Reference","creator":"Sonali Gupta","target":"^https?://www\\.oxfordreference\\.com/","priority":100,"lastUpdated":"2017-06-22 13:47:01","browserSupport":"gcsibv","minVersion":"3.0","maxVersion":"","inRepository":true}', 1262275200000]

zotero(3)(+0000009): Getting contents of E:\Kumiko\pythonProject\Zotero\tmp\zotero-0.6.0-smoke-data\translators\Oxford University Press.js

zotero(4)(+0000011): REPLACE INTO translatorCache VALUES (?, ?, ?) ['Oxford University Press.js', '{"translatorID":"e9989043-fcdf-4f33-93b6-0381828aeb41","translatorType":4,"label":"Oxford University Press","creator":"Jingjing Yin and Qiang Fang","target":"^https?://global\\.oup\\.com/academic/","priority":100,"lastUpdated":"2022-10-05 01:20:38","browserSupport":"gcsibv","minVersion":"3.0","maxVersion":"","inRepository":true}', 1262275200000]

zotero(3)(+0000007): Getting contents of E:\Kumiko\pythonProject\Zotero\tmp\zotero-0.6.0-smoke-data\translators\OZON.ru.js

zotero(4)(+0000012): REPLACE INTO translatorCache VALUES (?, ?, ?) ['OZON.ru.js', '{"translatorID":"73be930f-5773-41b2-a7a1-37c0eeade92f","translatorType":4,"label":"OZON.ru","creator":"Mikhail Akimov","target":"^https?://www\\.ozon\\.ru/(context/detail/id/|\\?context=search)","priority":100,"lastUpdated":"2017-01-04 20:51:33","browserSupport":"gcsibv","minVersion":"3.0","maxVersion":"","inRepository":true}', 1262275200000]

zotero(3)(+0000007): Getting contents of E:\Kumiko\pythonProject\Zotero\tmp\zotero-0.6.0-smoke-data\translators\Pajhwok Afghan News.js

zotero(4)(+0000001): REPLACE INTO translatorCache VALUES (?, ?, ?) ['Pajhwok Afghan News.js', '{"translatorID":"db10fe28-b545-408f-a932-5873532f58fc","translatorType":4,"label":"Pajhwok Afghan News","creator":"Abe Jellinek","target":"^https?://pajhwok\\.com/","priority":100,"lastUpdated":"2021-08-16 03:38:53","browserSupport":"gcsibv","minVersion":"3.0","maxVersion":"","inRepository":true}', 1262275200000]

zotero(3)(+0000007): Getting contents of E:\Kumiko\pythonProject\Zotero\tmp\zotero-0.6.0-smoke-data\translators\Papers Past.js

zotero(4)(+0000012): REPLACE INTO translatorCache VALUES (?, ?, ?) ['Papers Past.js', '{"translatorID":"1b052690-16dd-431d-9828-9dc675eb55f6","translatorType":4,"label":"Papers Past","creator":"Philipp Zumstein, Abe Jellinek, and Jason Murphy","target":"^https?://(www\\.)?paperspast\\.natlib\\.govt\\.nz/","priority":100,"lastUpdated":"2025-10-21 16:34:21","browserSupport":"gcsibv","minVersion":"5.0","maxVersion":"","inRepository":true}', 1262275200000]

zotero(3)(+0000007): Getting contents of E:\Kumiko\pythonProject\Zotero\tmp\zotero-0.6.0-smoke-data\translators\Paris Review.js

zotero(4)(+0000001): REPLACE INTO translatorCache VALUES (?, ?, ?) ['Paris Review.js', '{"translatorID":"b24ee183-58a6-443d-b8f9-c5cd5a3a0f73","translatorType":4,"label":"Paris Review","creator":"Avram Lyon, Philipp Zumstein","target":"^https?://www\\.theparisreview\\.org/","priority":100,"lastUpdated":"2017-01-22 12:19:22","browserSupport":"gcsibv","minVersion":"3.0","maxVersion":"","inRepository":true}', 1262275200000]

zotero(3)(+0000008): Getting contents of E:\Kumiko\pythonProject\Zotero\tmp\zotero-0.6.0-smoke-data\translators\Pastebin.js

zotero(4)(+0000011): REPLACE INTO translatorCache VALUES (?, ?, ?) ['Pastebin.js', '{"translatorID":"1d1a51d4-60bf-44b8-ae28-8b154d1ed721","translatorType":4,"label":"Pastebin","creator":"febrezo","target":"^https?://pastebin\\.com","priority":100,"lastUpdated":"2017-01-22 12:41:39","browserSupport":"gcsibv","minVersion":"3.0","maxVersion":"","inRepository":true}', 1262275200000]

zotero(3)(+0000007): Getting contents of E:\Kumiko\pythonProject\Zotero\tmp\zotero-0.6.0-smoke-data\translators\Patents - USPTO.js

zotero(4)(+0000012): REPLACE INTO translatorCache VALUES (?, ?, ?) ['Patents - USPTO.js', '{"translatorID":"232e24fe-2f68-44fc-9366-ecd45720ee9e","translatorType":4,"label":"Patents - USPTO","creator":"Bill McKinney","target":"^https?://(patft|appft1)\\.uspto\\.gov/netacgi/nph-Parser.+","priority":100,"lastUpdated":"2014-04-04 10:11:27","browserSupport":"gcsbv","minVersion":"3.0","maxVersion":"","inRepository":true}', 1262275200000]

zotero(3)(+0000007): Getting contents of E:\Kumiko\pythonProject\Zotero\tmp\zotero-0.6.0-smoke-data\translators\PC Gamer.js

zotero(4)(+0000001): REPLACE INTO translatorCache VALUES (?, ?, ?) ['PC Gamer.js', '{"translatorID":"274284a8-fc91-4f54-be77-bfcb7f9c3d6f","translatorType":4,"label":"PC Gamer","creator":"czar, Bao Trinh","target":"^https?://(www\\.)?pcgamer\\.com/","priority":100,"lastUpdated":"2021-08-15 21:10:04","browserSupport":"gcsibv","minVersion":"3.0","maxVersion":"","inRepository":true}', 1262275200000]

zotero(3)(+0000007): Getting contents of E:\Kumiko\pythonProject\Zotero\tmp\zotero-0.6.0-smoke-data\translators\PC Games.js

zotero(4)(+0000012): REPLACE INTO translatorCache VALUES (?, ?, ?) ['PC Games.js', '{"translatorID":"e3e57ecd-b278-4b27-b49e-5aa2c76b25fd","translatorType":4,"label":"PC Games","creator":"Matthias Mailänder","target":"^https?://(www\\.)?pcgames\\.de","priority":100,"lastUpdated":"2021-04-06 11:16:12","browserSupport":"gcsibv","minVersion":"3.0","maxVersion":"","inRepository":true}', 1262275200000]

zotero(3)(+0000006): Getting contents of E:\Kumiko\pythonProject\Zotero\tmp\zotero-0.6.0-smoke-data\translators\Peeters.js

zotero(4)(+0000014): REPLACE INTO translatorCache VALUES (?, ?, ?) ['Peeters.js', '{"translatorID":"c216ae06-da95-4fd0-bce8-38de1f6cf17c","translatorType":4,"label":"Peeters","creator":"Timotheus Kim","target":"^https?://(www\\.)?poj\\.peeters-leuven\\.be/content\\.php","priority":100,"lastUpdated":"2018-03-27 05:23:49","browserSupport":"gcsibv","minVersion":"3.0","maxVersion":"","inRepository":true}', 1262275200000]

zotero(3)(+0000007): Getting contents of E:\Kumiko\pythonProject\Zotero\tmp\zotero-0.6.0-smoke-data\translators\PEI Archival Information Network.js

zotero(4)(+0000012): REPLACE INTO translatorCache VALUES (?, ?, ?) ['PEI Archival Information Network.js', '{"translatorID":"6871e8c5-f935-4ba1-8305-0ba563ce3941","translatorType":4,"label":"PEI Archival Information Network","creator":"Philipp Zumstein","target":"^https?://www\\.archives\\.pe\\.ca/atom/index\\.php/","priority":100,"lastUpdated":"2017-01-22 15:45:20","browserSupport":"gcsibv","minVersion":"3.0","maxVersion":"","inRepository":true}', 1262275200000]

zotero(3)(+0000007): Getting contents of E:\Kumiko\pythonProject\Zotero\tmp\zotero-0.6.0-smoke-data\translators\PEP Web.js

zotero(4)(+0000011): REPLACE INTO translatorCache VALUES (?, ?, ?) ['PEP Web.js', '{"translatorID":"32ad4782-b106-4ccb-8ae1-ff102ba93eef","translatorType":4,"label":"PEP Web","creator":"Akilesh Ayyar","target":"^https?://www\\.pep-web\\.org","priority":100,"lastUpdated":"2015-03-20 06:07:35","browserSupport":"gcsibv","minVersion":"1.0.0b3.r1","maxVersion":"","inRepository":true}', 1262275200000]

zotero(3)(+0000007): Getting contents of E:\Kumiko\pythonProject\Zotero\tmp\zotero-0.6.0-smoke-data\translators\Perceiving Systems.js

zotero(4)(+0000012): REPLACE INTO translatorCache VALUES (?, ?, ?) ['Perceiving Systems.js', '{"translatorID":"ab077e98-50bd-4fa2-9843-33f28b4b5e2e","translatorType":4,"label":"Perceiving Systems","creator":"Abe Jellinek","target":"^https?://ps\\.is\\.tuebingen\\.mpg\\.de/publications","priority":100,"lastUpdated":"2021-09-09 04:00:49","browserSupport":"gcsibv","minVersion":"3.0","maxVersion":"","inRepository":true}', 1262275200000]

zotero(3)(+0000007): Getting contents of E:\Kumiko\pythonProject\Zotero\tmp\zotero-0.6.0-smoke-data\translators\Perlego.js

zotero(4)(+0000012): REPLACE INTO translatorCache VALUES (?, ?, ?) ['Perlego.js', '{"translatorID":"4fbb8dfd-459d-445e-bd2a-5ea89814b0c0","translatorType":4,"label":"Perlego","creator":"Brendan O'Connell","target":"^https?://(www\\.)?perlego\\.com","priority":100,"lastUpdated":"2023-04-26 14:52:00","browserSupport":"gcsibv","minVersion":"5.0","maxVersion":"","inRepository":true}', 1262275200000]

zotero(3)(+0000007): Getting contents of E:\Kumiko\pythonProject\Zotero\tmp\zotero-0.6.0-smoke-data\translators\Philosopher's Imprint.js

zotero(4)(+0000012): REPLACE INTO translatorCache VALUES (?, ?, ?) ['Philosopher's Imprint.js', '{"translatorID":"b0abb562-218c-4bf6-af66-c320fdb8ddd3","translatorType":4,"label":"Philosopher's Imprint","creator":"Philipp Zumstein","target":"^https?://quod\\.lib\\.umich\\.edu/p/phimp","priority":100,"lastUpdated":"2021-09-01 04:27:44","browserSupport":"gcsibv","minVersion":"3.0","maxVersion":"","inRepository":true}', 1262275200000]

zotero(3)(+0000008): Getting contents of E:\Kumiko\pythonProject\Zotero\tmp\zotero-0.6.0-smoke-data\translators\PhilPapers.js

zotero(4)(+0000001): REPLACE INTO translatorCache VALUES (?, ?, ?) ['PhilPapers.js', '{"translatorID":"8df4f61b-0881-4c85-9186-05f457edb4d3","translatorType":4,"label":"PhilPapers","creator":"Sebastian Karcher","target":"^https?://phil(papers|archive)\\.org/","priority":100,"lastUpdated":"2025-08-19 15:22:16","browserSupport":"gcsibv","minVersion":"3.0","maxVersion":"","inRepository":true}', 1262275200000]

zotero(3)(+0000006): Getting contents of E:\Kumiko\pythonProject\Zotero\tmp\zotero-0.6.0-smoke-data\translators\PKP Catalog Systems.js

zotero(4)(+0000014): REPLACE INTO translatorCache VALUES (?, ?, ?) ['PKP Catalog Systems.js', '{"translatorID":"99b62ba4-065c-4e83-a5c0-d8cc0c75d388","translatorType":4,"label":"PKP Catalog Systems","creator":"Aurimas Vinckevicius and Abe Jellinek","target":"/(article|preprint|issue)/view/|/catalog/book/|/search/search|/index\\.php/default","priority":200,"lastUpdated":"2024-03-21 19:10:24","browserSupport":"gcsibv","minVersion":"2.1.9","maxVersion":"","inRepository":true}', 1262275200000]

zotero(3)(+0000007): Getting contents of E:\Kumiko\pythonProject\Zotero\tmp\zotero-0.6.0-smoke-data\translators\Pleade.js

zotero(4)(+0000012): REPLACE INTO translatorCache VALUES (?, ?, ?) ['Pleade.js', '{"translatorID":"ce68b0ed-3137-4e38-b691-f3bc49bc1497","translatorType":4,"label":"Pleade","creator":"DIA Modou","target":"(list-results|results|ead)\\.html\\?.*(base=ead|mode=|id=)","priority":100,"lastUpdated":"2015-01-30 15:32:05","browserSupport":"gcsbv","minVersion":"1.0","maxVersion":"","inRepository":true}', 1262275200000]

zotero(3)(+0000007): Getting contents of E:\Kumiko\pythonProject\Zotero\tmp\zotero-0.6.0-smoke-data\translators\PLoS Journals.js

zotero(4)(+0000012): REPLACE INTO translatorCache VALUES (?, ?, ?) ['PLoS Journals.js', '{"translatorID":"9575e804-219e-4cd6-813d-9b690cbfc0fc","translatorType":4,"label":"PLoS Journals","creator":"Michael Berkowitz, Rintze Zelle, and Sebastian Karcher","target":"^https?://(www\\.plos(one|ntds|compbiol|pathogens|genetics|medicine|biology)\\.org|journals\\.plos\\.org(/\\w+)?)/(search|\\w+/article)","priority":100,"lastUpdated":"2017-01-22 19:28:36","browserSupport":"gcsibv","minVersion":"3.0","maxVersion":"","inRepository":true}', 1262275200000]

zotero(3)(+0000007): Getting contents of E:\Kumiko\pythonProject\Zotero\tmp\zotero-0.6.0-smoke-data\translators\Polygon.js

zotero(4)(+0000001): REPLACE INTO translatorCache VALUES (?, ?, ?) ['Polygon.js', '{"translatorID":"fa7c37b1-fda4-418a-a8b8-2491929411ab","translatorType":4,"label":"Polygon","creator":"czar","target":"^https?://(www\\.)?(polygon|heroesneverdie|riftherald|theflyingcourier)\\.com","priority":100,"lastUpdated":"2021-05-26 20:04:38","browserSupport":"gcsibv","minVersion":"3.0","maxVersion":"","inRepository":true}', 1262275200000]

zotero(3)(+0000007): Getting contents of E:\Kumiko\pythonProject\Zotero\tmp\zotero-0.6.0-smoke-data\translators\Potsdamer Neueste Nachrichten.js

zotero(4)(+0000001): REPLACE INTO translatorCache VALUES (?, ?, ?) ['Potsdamer Neueste Nachrichten.js', '{"translatorID":"9405db4b-be7f-42ab-86ca-430226be9b35","translatorType":4,"label":"Potsdamer Neueste Nachrichten","creator":"Martin Meyerhoff","target":"^https?://www\\.pnn\\.de","priority":100,"lastUpdated":"2014-04-06 16:15:15","browserSupport":"gcsibv","minVersion":"1.0","maxVersion":"","inRepository":true}', 1262275200000]

zotero(3)(+0000007): Getting contents of E:\Kumiko\pythonProject\Zotero\tmp\zotero-0.6.0-smoke-data\translators\PRC History Review.js

zotero(4)(+0000011): REPLACE INTO translatorCache VALUES (?, ?, ?) ['PRC History Review.js', '{"translatorID":"56854750-868a-4de0-bfe5-fe075344a121","translatorType":4,"label":"PRC History Review","creator":"Bo An","target":"^https?://(www\\.)?prchistory\\.org/","priority":100,"lastUpdated":"2021-12-30 18:33:59","browserSupport":"gcsibv","minVersion":"3.0","maxVersion":"","inRepository":true}', 1262275200000]

zotero(3)(+0000007): Getting contents of E:\Kumiko\pythonProject\Zotero\tmp\zotero-0.6.0-smoke-data\translators\Premium Times.js

zotero(4)(+0000001): REPLACE INTO translatorCache VALUES (?, ?, ?) ['Premium Times.js', '{"translatorID":"59c1a13f-79ec-463e-bb07-a3e74926d211","translatorType":4,"label":"Premium Times","creator":"VWF","target":"^https?://(www\\.)?premiumtimesng\\.com/","priority":100,"lastUpdated":"2025-08-12 17:42:24","browserSupport":"g","minVersion":"5.0","maxVersion":"","inRepository":true}', 1262275200000]

zotero(3)(+0000007): Getting contents of E:\Kumiko\pythonProject\Zotero\tmp\zotero-0.6.0-smoke-data\translators\Preprints.org.js

zotero(4)(+0000012): REPLACE INTO translatorCache VALUES (?, ?, ?) ['Preprints.org.js', '{"translatorID":"88473358-39ab-4d08-9873-1ad72cc626c7","translatorType":4,"label":"Preprints.org","creator":"Abe Jellinek","target":"^https://www\\.preprints\\.org/","priority":100,"lastUpdated":"2023-08-23 07:21:42","browserSupport":"gcsibv","minVersion":"5.0","maxVersion":"","inRepository":true}', 1262275200000]

zotero(3)(+0000007): Getting contents of E:\Kumiko\pythonProject\Zotero\tmp\zotero-0.6.0-smoke-data\translators\Prime 9ja Online.js

zotero(4)(+0000015): REPLACE INTO translatorCache VALUES (?, ?, ?) ['Prime 9ja Online.js', '{"translatorID":"eb0bbbf8-7f57-40fa-aec2-45480d396e93","translatorType":4,"label":"Prime 9ja Online","creator":"VWF","target":"^https?://(www\\.|pidgin\\.)?prime9ja\\.com\\.ng/","priority":100,"lastUpdated":"2025-10-17 16:00:00","browserSupport":"g","minVersion":"5.0","maxVersion":"","inRepository":true}', 1262275200000]

zotero(3)(+0000008): Getting contents of E:\Kumiko\pythonProject\Zotero\tmp\zotero-0.6.0-smoke-data\translators\Primo 2018.js

zotero(4)(+0000001): REPLACE INTO translatorCache VALUES (?, ?, ?) ['Primo 2018.js', '{"translatorID":"cd669d1f-96b8-4040-aa36-48f843248399","translatorType":4,"label":"Primo 2018","creator":"Philipp Zumstein","target":"(/primo-explore/|/(discovery|nde)/(search|fulldisplay|jsearch|dbsearch|npsearch|openurl|jfulldisplay|dbfulldisplay|npfulldisplay|collectionDiscovery)\\?)","priority":100,"lastUpdated":"2025-05-20 15:10:00","browserSupport":"gcsibv","minVersion":"3.0","maxVersion":"","inRepository":true}', 1262275200000]

zotero(3)(+0000007): Getting contents of E:\Kumiko\pythonProject\Zotero\tmp\zotero-0.6.0-smoke-data\translators\Primo Normalized XML.js

zotero(4)(+0000019): REPLACE INTO translatorCache VALUES (?, ?, ?) ['Primo Normalized XML.js', '{"translatorID":"efd737c9-a227-4113-866e-d57fbc0684ca","translatorType":1,"label":"Primo Normalized XML","creator":"Philipp Zumstein","target":"xml","priority":100,"lastUpdated":"2026-01-16 14:30:48","browserSupport":"g","minVersion":"3.0","maxVersion":"","inRepository":true,"configOptions":{"dataMode":"xml/dom"}}', 1262275200000]

zotero(3)(+0000007): Getting contents of E:\Kumiko\pythonProject\Zotero\tmp\zotero-0.6.0-smoke-data\translators\Primo.js

zotero(4)(+0000014): REPLACE INTO translatorCache VALUES (?, ?, ?) ['Primo.js', '{"translatorID":"1300cd65-d23a-4bbf-93e5-a3c9e00d1066","translatorType":4,"label":"Primo","creator":"Matt Burton, Avram Lyon, Etienne Cavalié, Rintze Zelle, Philipp Zumstein, Sebastian Karcher, Aurimas Vinckevicius","target":"/primo_library/|/nebis/|^https?://www\\.recherche-portal\\.ch/zbz/","priority":101,"lastUpdated":"2020-02-04 01:29:32","browserSupport":"gcsbv","minVersion":"2.1.9","maxVersion":"","inRepository":true}', 1262275200000]

zotero(3)(+0000006): Getting contents of E:\Kumiko\pythonProject\Zotero\tmp\zotero-0.6.0-smoke-data\translators\Probing the Past.js

zotero(4)(+0000001): REPLACE INTO translatorCache VALUES (?, ?, ?) ['Probing the Past.js', '{"translatorID":"095239e7-c18c-4f45-a932-bcf4a9e48c08","translatorType":4,"label":"Probing the Past","creator":"Philipp Zumstein","target":"^https?://chnm\\.gmu\\.edu/probateinventory/","priority":100,"lastUpdated":"2018-01-28 20:46:55","browserSupport":"gcsibv","minVersion":"3.0","maxVersion":"","inRepository":true}', 1262275200000]

zotero(3)(+0000007): Getting contents of E:\Kumiko\pythonProject\Zotero\tmp\zotero-0.6.0-smoke-data\translators\Project Gutenberg.js

zotero(4)(+0000001): REPLACE INTO translatorCache VALUES (?, ?, ?) ['Project Gutenberg.js', '{"translatorID":"d770e7d2-106c-4396-8c32-b35cdc46376c","translatorType":4,"label":"Project Gutenberg","creator":"Adam Crymble, Avram Lyon","target":"^https?://www\\.gutenberg\\.org","priority":100,"lastUpdated":"2014-04-03 18:55:01","browserSupport":"gcsibv","minVersion":"2.1","maxVersion":"","inRepository":true}', 1262275200000]

zotero(3)(+0000008): Getting contents of E:\Kumiko\pythonProject\Zotero\tmp\zotero-0.6.0-smoke-data\translators\Project MUSE.js

zotero(4)(+0000012): REPLACE INTO translatorCache VALUES (?, ?, ?) ['Project MUSE.js', '{"translatorID":"c54d1932-73ce-dfd4-a943-109380e06574","translatorType":4,"label":"Project MUSE","creator":"Sebastian Karcher and Abe Jellinek","target":"^https?://[^/]*muse\\.jhu\\.edu/(book/|pub/|article/|issue/|search\\?)","priority":100,"lastUpdated":"2022-12-08 13:34:54","browserSupport":"gcsibv","minVersion":"3.0","maxVersion":"","inRepository":true}', 1262275200000]

zotero(3)(+0000007): Getting contents of E:\Kumiko\pythonProject\Zotero\tmp\zotero-0.6.0-smoke-data\translators\ProMED.js

zotero(4)(+0000010): REPLACE INTO translatorCache VALUES (?, ?, ?) ['ProMED.js', '{"translatorID":"3e9dbe21-10f2-40be-a921-f6ec82760927","translatorType":4,"label":"ProMED","creator":"Brandon Minich","target":"^https?://www\\.promedmail\\.org","priority":100,"lastUpdated":"2013-11-19 00:12:31","browserSupport":"gcsibv","minVersion":"3.0","maxVersion":"","inRepository":true}', 1262275200000]

zotero(3)(+0000007): Getting contents of E:\Kumiko\pythonProject\Zotero\tmp\zotero-0.6.0-smoke-data\translators\ProQuest Ebook Central.js

zotero(4)(+0000012): REPLACE INTO translatorCache VALUES (?, ?, ?) ['ProQuest Ebook Central.js', '{"translatorID":"f2d965fa-5acb-4ba7-90a4-8ecb6cf0c795","translatorType":4,"label":"ProQuest Ebook Central","creator":"Sebastian Karcher","target":"^https?://ebookcentral\\.proquest\\.com/(ebc/)?lib/","priority":100,"lastUpdated":"2024-07-03 17:15:06","browserSupport":"gcsibv","minVersion":"3.0","maxVersion":"","inRepository":true}', 1262275200000]

zotero(3)(+0000007): Getting contents of E:\Kumiko\pythonProject\Zotero\tmp\zotero-0.6.0-smoke-data\translators\ProQuest PolicyFile.js

zotero(4)(+0000014): REPLACE INTO translatorCache VALUES (?, ?, ?) ['ProQuest PolicyFile.js', '{"translatorID":"948df957-439a-4ac3-bc48-2c6edb069521","translatorType":4,"label":"ProQuest PolicyFile","creator":"Sebastian Karcher","target":"^https?://www\\.policyfile\\.com","priority":100,"lastUpdated":"2013-12-12 03:22:14","browserSupport":"gc","minVersion":"3.0","maxVersion":"","inRepository":true}', 1262275200000]

zotero(3)(+0000006): Getting contents of E:\Kumiko\pythonProject\Zotero\tmp\zotero-0.6.0-smoke-data\translators\ProQuest.js

zotero(4)(+0000015): REPLACE INTO translatorCache VALUES (?, ?, ?) ['ProQuest.js', '{"translatorID":"fce388a6-a847-4777-87fb-6595e710b7e7","translatorType":4,"label":"ProQuest","creator":"Avram Lyon","target":"^https?://(www|search)\\.proquest\\.com/(.*/)?(docview|pagepdf|results|publicationissue|browseterms|browsetitles|browseresults|myresearch/(figtables|documents))","priority":100,"lastUpdated":"2025-07-31 17:15:12","browserSupport":"gcsibv","minVersion":"3.0","maxVersion":"","inRepository":true}', 1262275200000]

zotero(3)(+0000007): Getting contents of E:\Kumiko\pythonProject\Zotero\tmp\zotero-0.6.0-smoke-data\translators\Protein Data Bank.js

zotero(4)(+0000011): REPLACE INTO translatorCache VALUES (?, ?, ?) ['Protein Data Bank.js', '{"translatorID":"e16095ae-986c-4117-9cb6-20f3b7a52f64","translatorType":4,"label":"Protein Data Bank","creator":"Philipp Zumstein","target":"^https?://www\\.(pdb|rcsb)\\.org/pdb/","priority":100,"lastUpdated":"2017-06-03 18:51:04","browserSupport":"gcsibv","minVersion":"3.0","maxVersion":"","inRepository":true}', 1262275200000]

zotero(3)(+0000007): Getting contents of E:\Kumiko\pythonProject\Zotero\tmp\zotero-0.6.0-smoke-data\translators\PubFactory Journals.js

zotero(4)(+0000012): REPLACE INTO translatorCache VALUES (?, ?, ?) ['PubFactory Journals.js', '{"translatorID":"8d1fb775-df6d-4069-8830-1dfe8e8387dd","translatorType":4,"label":"PubFactory Journals","creator":"Brendan O'Connell","target":"^https://([^/]+/view/journals/.+\\.xml|[^.]*journals\\.[^/]+/search)\\b","priority":200,"lastUpdated":"2024-06-13 17:11:59","browserSupport":"gcsibv","minVersion":"5.0","maxVersion":"","inRepository":true}', 1262275200000]

zotero(3)(+0000007): Getting contents of E:\Kumiko\pythonProject\Zotero\tmp\zotero-0.6.0-smoke-data\translators\Public Record Office Victoria.js

zotero(4)(+0000001): REPLACE INTO translatorCache VALUES (?, ?, ?) ['Public Record Office Victoria.js', '{"translatorID":"99592877-f698-4e14-b541-b6181f6c577f","translatorType":4,"label":"Public Record Office Victoria","creator":"Tim Sherratt (tim@timsherratt.au)","target":"^https?://prov\\.vic\\.gov\\.au/(archive|search_journey)/","priority":100,"lastUpdated":"2024-08-21 01:51:41","browserSupport":"gcsibv","minVersion":"5.0","maxVersion":"","inRepository":true}', 1262275200000]

zotero(3)(+0000007): Getting contents of E:\Kumiko\pythonProject\Zotero\tmp\zotero-0.6.0-smoke-data\translators\Publications du Quebec.js

zotero(4)(+0000001): REPLACE INTO translatorCache VALUES (?, ?, ?) ['Publications du Quebec.js', '{"translatorID":"22d0bede-8db5-4656-9b9a-7d682ec1335d","translatorType":4,"label":"Publications du Québec","creator":"Marc Lajoie","target":"^https?://(www\\.)?legisquebec\\.gouv\\.qc\\.ca/","priority":100,"lastUpdated":"2017-06-03 15:38:52","browserSupport":"gcsibv","minVersion":"3.0","maxVersion":"","inRepository":true}', 1262275200000]

zotero(3)(+0000007): Getting contents of E:\Kumiko\pythonProject\Zotero\tmp\zotero-0.6.0-smoke-data\translators\Publications Office of the European Union.js

zotero(4)(+0000011): REPLACE INTO translatorCache VALUES (?, ?, ?) ['Publications Office of the European Union.js', '{"translatorID":"7d8e6337-3f52-4e8c-8915-95a2ec755b6c","translatorType":4,"label":"Publications Office of the European Union","creator":"Abe Jellinek","target":"^https?://op\\.europa\\.eu/","priority":100,"lastUpdated":"2024-03-08 17:58:08","browserSupport":"gcsibv","minVersion":"3.0","maxVersion":"","inRepository":true}', 1262275200000]

zotero(3)(+0000008): Getting contents of E:\Kumiko\pythonProject\Zotero\tmp\zotero-0.6.0-smoke-data\translators\PubMed Central.js

zotero(4)(+0000013): REPLACE INTO translatorCache VALUES (?, ?, ?) ['PubMed Central.js', '{"translatorID":"27ee5b2c-2a5a-4afc-a0aa-d386642d4eed","translatorType":4,"label":"PubMed Central","creator":"Michael Berkowitz and Rintze Zelle","target":"^https://(www\\.)?(pmc\\.ncbi\\.nlm\\.nih\\.gov/|ncbi\\.nlm\\.nih\\.gov/pmc)","priority":100,"lastUpdated":"2025-11-06 20:33:49","browserSupport":"gcsibv","minVersion":"3.0","maxVersion":"","inRepository":true}', 1262275200000]

zotero(3)(+0000006): Getting contents of E:\Kumiko\pythonProject\Zotero\tmp\zotero-0.6.0-smoke-data\translators\PubMed XML.js

zotero(4)(+0000016): REPLACE INTO translatorCache VALUES (?, ?, ?) ['PubMed XML.js', '{"translatorID":"fcf41bed-0cbc-3704-85c7-8062a0068a7a","translatorType":1,"label":"PubMed XML","creator":"Simon Kornblith, Michael Berkowitz, Avram Lyon, and Rintze Zelle","target":"xml","priority":100,"lastUpdated":"2026-01-22 17:48:12","browserSupport":"g","minVersion":"2.1.9","maxVersion":"","inRepository":true,"configOptions":{"dataMode":"xml/dom"}}', 1262275200000]

zotero(3)(+0000008): Getting contents of E:\Kumiko\pythonProject\Zotero\tmp\zotero-0.6.0-smoke-data\translators\PubMed.js

zotero(4)(+0000013): REPLACE INTO translatorCache VALUES (?, ?, ?) ['PubMed.js', '{"translatorID":"3d0231ce-fd4b-478c-b1d3-840389e5b68c","translatorType":12,"label":"PubMed","creator":"Philipp Zumstein","target":"^https?://([^/]+\\.)?(www|preview)\\.ncbi\\.nlm\\.nih\\.gov[^/]*/(m/)?(books|pubmed|labs/pubmed|myncbi|sites/pubmed|sites/entrez|entrez/query\\.fcgi\\?.*db=PubMed|myncbi/browse/collection/?|myncbi/collections/)|^https?://pubmed\\.ncbi\\.nlm\\.nih\\.gov/(\\d|\\?|searches/|clipboard|collections/)","priority":100,"lastUpdated":"2023-01-10 14:01:49","browserSupport":"gcsibv","minVersion":"3.0","maxVersion":"","inRepository":true}', 1262275200000]

zotero(3)(+0000007): Getting contents of E:\Kumiko\pythonProject\Zotero\tmp\zotero-0.6.0-smoke-data\translators\PubPub.js

zotero(4)(+0000012): REPLACE INTO translatorCache VALUES (?, ?, ?) ['PubPub.js', '{"translatorID":"25f28dc9-901f-4920-8b9a-5baefad91493","translatorType":4,"label":"PubPub","creator":"Abe Jellinek","target":"/pub/[^/]+/release/\\d+|^https?://[^/]+\\.pubpub\\.org/search\\?","priority":270,"lastUpdated":"2021-09-14 20:35:00","browserSupport":"gcsibv","minVersion":"3.0","maxVersion":"","inRepository":true}', 1262275200000]

zotero(3)(+0000008): Getting contents of E:\Kumiko\pythonProject\Zotero\tmp\zotero-0.6.0-smoke-data\translators\PyPI.js

zotero(4)(+0000001): REPLACE INTO translatorCache VALUES (?, ?, ?) ['PyPI.js', '{"translatorID":"94a8328a-ec87-4ba0-82b6-cf3000ea1dee","translatorType":4,"label":"PyPI","creator":"Philipp Zumstein","target":"^https?://pypi\\.org/(project|search)","priority":100,"lastUpdated":"2018-11-03 08:21:27","browserSupport":"gcsibv","minVersion":"3.0","maxVersion":"","inRepository":true}', 1262275200000]

zotero(3)(+0000007): Getting contents of E:\Kumiko\pythonProject\Zotero\tmp\zotero-0.6.0-smoke-data\translators\Qatar Digital Library.js

zotero(4)(+0000014): REPLACE INTO translatorCache VALUES (?, ?, ?) ['Qatar Digital Library.js', '{"translatorID":"f8c30c62-89a3-45d6-9c48-16c48ad6ba3c","translatorType":4,"label":"Qatar Digital Library","creator":"Abe Jellinek","target":"^https?://(www\\.)?qdl\\.qa/","priority":100,"lastUpdated":"2021-07-08 23:32:09","browserSupport":"gcsibv","minVersion":"3.0","maxVersion":"","inRepository":true}', 1262275200000]

zotero(3)(+0000007): Getting contents of E:\Kumiko\pythonProject\Zotero\tmp\zotero-0.6.0-smoke-data\translators\Queensland State Archives.js

zotero(4)(+0000012): REPLACE INTO translatorCache VALUES (?, ?, ?) ['Queensland State Archives.js', '{"translatorID":"214505fc-fa92-4b35-b323-5f12a4b157cb","translatorType":4,"label":"Queensland State Archives","creator":"Tim Sherratt (tim@timsherratt.au)","target":"^https?://www\\.archivessearch\\.qld\\.gov\\.au/(items|search)","priority":100,"lastUpdated":"2024-08-28 06:00:51","browserSupport":"gcsibv","minVersion":"5.0","maxVersion":"","inRepository":true}', 1262275200000]

zotero(3)(+0000006): Getting contents of E:\Kumiko\pythonProject\Zotero\tmp\zotero-0.6.0-smoke-data\translators\R-Packages.js

zotero(4)(+0000013): REPLACE INTO translatorCache VALUES (?, ?, ?) ['R-Packages.js', '{"translatorID":"24a10ebf-ada1-4b8d-8f76-5a29e24d3e78","translatorType":4,"label":"R-Packages","creator":"Sebastian Karcher","target":"(cran\\..+|cloud\\.r-project\\.org|/CRAN)/web/packages/","priority":150,"lastUpdated":"2021-06-11 17:26:25","browserSupport":"gcsibv","minVersion":"3.0","maxVersion":"","inRepository":true}', 1262275200000]

zotero(3)(+0000006): Getting contents of E:\Kumiko\pythonProject\Zotero\tmp\zotero-0.6.0-smoke-data\translators\Radio Free Europe  Radio Liberty.js

zotero(4)(+0000012): REPLACE INTO translatorCache VALUES (?, ?, ?) ['Radio Free Europe  Radio Liberty.js', '{"translatorID":"b1c90b99-2e1a-4374-a03b-92e45f1afc55","translatorType":4,"label":"Radio Free Europe / Radio Liberty","creator":"Avram Lyon and Abe Jellinek","target":"^https?://((www|gandhara)\\.rferl\\.org/|www\\.azatliq\\.org/|www\\.azattyq\\.org/|rus\\.azattyq\\.org/|da\\.azadiradio\\.com/|pa\\.azadiradio\\.com/|www\\.azattyk\\.org/|www\\.ozodi\\.org/|www\\.ozodlik\\.org/|www\\.evropaelire\\.org/|www\\.slobodnaevropa\\.org/|www\\.makdenes\\.org/|www\\.iraqhurr\\.org/|www\\.radiofarda\\.com/|www\\.azatutyun\\.am/|www\\.azadliq\\.org/|www\\.svaboda\\.org/|www\\.svoboda\\.org/|www\\.tavisupleba\\.org/|www\\.azathabar\\.com/|www\\.svobodanews\\.ru/|(romania|moldova)\\.europalibera\\.org/|www\\.radiosvoboda\\.org/)","priority":100,"lastUpdated":"2021-09-02 00:12:35","browserSupport":"gcsibv","minVersion":"2.1.9","maxVersion":"","inRepository":true}', 1262275200000]

zotero(3)(+0000007): Getting contents of E:\Kumiko\pythonProject\Zotero\tmp\zotero-0.6.0-smoke-data\translators\RAND.js

zotero(4)(+0000012): REPLACE INTO translatorCache VALUES (?, ?, ?) ['RAND.js', '{"translatorID":"4a49257a-035f-4b8b-ba26-6ddfe3b9008d","translatorType":4,"label":"RAND","creator":"Abe Jellinek","target":"^https://www\\.rand\\.org/(pubs/|search\\.html)","priority":100,"lastUpdated":"2021-08-10 16:23:46","browserSupport":"gcsibv","minVersion":"3.0","maxVersion":"","inRepository":true}', 1262275200000]

zotero(3)(+0000007): Getting contents of E:\Kumiko\pythonProject\Zotero\tmp\zotero-0.6.0-smoke-data\translators\RDF.js

zotero(4)(+0000016): REPLACE INTO translatorCache VALUES (?, ?, ?) ['RDF.js', '{"translatorID":"5e3ad958-ac79-463d-812b-a86a9235c28f","translatorType":1,"label":"RDF","creator":"Simon Kornblith","target":"rdf","priority":100,"lastUpdated":"2026-03-06 21:44:09","browserSupport":"g","minVersion":"2.1.9","maxVersion":"","inRepository":true,"configOptions":{"async":true,"dataMode":"rdf/xml"}}', 1262275200000]

zotero(3)(+0000007): Getting contents of E:\Kumiko\pythonProject\Zotero\tmp\zotero-0.6.0-smoke-data\translators\Rechtspraak.nl.js

zotero(4)(+0000012): REPLACE INTO translatorCache VALUES (?, ?, ?) ['Rechtspraak.nl.js', '{"translatorID":"aede3fda-1894-4dfc-8bca-1c3463f11076","translatorType":4,"label":"Rechtspraak.nl","creator":"Pieter van der Wees","target":"^https?://(uitspraken\\.rechtspraak|linkeddata\\.overheid)\\.nl/","priority":100,"lastUpdated":"2024-01-09 03:25:57","browserSupport":"gcsibv","minVersion":"3.0","maxVersion":"","inRepository":true}', 1262275200000]

zotero(3)(+0000006): Getting contents of E:\Kumiko\pythonProject\Zotero\tmp\zotero-0.6.0-smoke-data\translators\REDALYC.js

zotero(4)(+0000001): REPLACE INTO translatorCache VALUES (?, ?, ?) ['REDALYC.js', '{"translatorID":"d1ac3b4f-1aa7-4a76-a97e-cf3580a41c37","translatorType":4,"label":"REDALYC","creator":"Sebastian Karcher","target":"^https?://(www\\.)?redalyc\\.(uaemex\\.mx|org)","priority":100,"lastUpdated":"2022-12-23 04:12:43","browserSupport":"gcsibv","minVersion":"3.0","maxVersion":"","inRepository":true}', 1262275200000]

zotero(3)(+0000006): Getting contents of E:\Kumiko\pythonProject\Zotero\tmp\zotero-0.6.0-smoke-data\translators\reddit.js

zotero(4)(+0000013): REPLACE INTO translatorCache VALUES (?, ?, ?) ['reddit.js', '{"translatorID":"23bacc11-98e3-4b78-b1ef-cc2c9a04b893","translatorType":4,"label":"reddit","creator":"Lukas Kawerau","target":"^https?://[^/]+\\.reddit\\.com/","priority":100,"lastUpdated":"2025-05-01 14:44:26","browserSupport":"gcsibv","minVersion":"3.0","maxVersion":"","inRepository":true}', 1262275200000]

zotero(3)(+0000007): Getting contents of E:\Kumiko\pythonProject\Zotero\tmp\zotero-0.6.0-smoke-data\translators\ReferBibIX.js

zotero(4)(+0000011): REPLACE INTO translatorCache VALUES (?, ?, ?) ['ReferBibIX.js', '{"translatorID":"881f60f2-0802-411a-9228-ce5f47b64c7d","translatorType":3,"label":"Refer/BibIX","creator":"Simon Kornblith","target":"txt","priority":100,"lastUpdated":"2023-10-27 09:03:42","browserSupport":"g","minVersion":"2.1","maxVersion":"","inRepository":true,"displayOptions":{"exportCharset":"UTF-8"}}', 1262275200000]

zotero(3)(+0000008): Getting contents of E:\Kumiko\pythonProject\Zotero\tmp\zotero-0.6.0-smoke-data\translators\RefWorks Tagged.js

zotero(4)(+0000013): REPLACE INTO translatorCache VALUES (?, ?, ?) ['RefWorks Tagged.js', '{"translatorID":"1a3506da-a303-4b0a-a1cd-f216e6138d86","translatorType":3,"label":"RefWorks Tagged","creator":"Simon Kornblith, Aurimas Vinckevicius, and Sebastian Karcher","target":"txt","priority":100,"lastUpdated":"2016-06-21 08:45:20","browserSupport":"gcsv","minVersion":"3.0.4","maxVersion":"","inRepository":true,"displayOptions":{"exportCharset":"UTF-8","exportNotes":true,"exportFileData":true}}', 1262275200000]

zotero(3)(+0000007): Getting contents of E:\Kumiko\pythonProject\Zotero\tmp\zotero-0.6.0-smoke-data\translators\Regeringskansliet.js

zotero(4)(+0000014): REPLACE INTO translatorCache VALUES (?, ?, ?) ['Regeringskansliet.js', '{"translatorID":"f7262c7d-a11c-4679-899c-bab8c21a19c6","translatorType":4,"label":"Regeringskansliet","creator":"Isak Bergdahl","target":"^https?://(www\\.)?regeringen\\.se/","priority":100,"lastUpdated":"2013-04-15 18:04:37","browserSupport":"gcsibv","minVersion":"2.1.9","maxVersion":"","inRepository":true}', 1262275200000]

zotero(3)(+0000007): Getting contents of E:\Kumiko\pythonProject\Zotero\tmp\zotero-0.6.0-smoke-data\translators\RePEc - Econpapers.js

zotero(4)(+0000013): REPLACE INTO translatorCache VALUES (?, ?, ?) ['RePEc - Econpapers.js', '{"translatorID":"411f9a8b-64f3-4465-b7df-a3c988b602f3","translatorType":4,"label":"RePEc - Econpapers","creator":"Sebastian Karcher","target":"^https?://econpapers\\.repec\\.org/","priority":100,"lastUpdated":"2025-04-29 03:02:00","browserSupport":"gcsibv","minVersion":"5.0","maxVersion":"","inRepository":true}', 1262275200000]

zotero(3)(+0000007): Getting contents of E:\Kumiko\pythonProject\Zotero\tmp\zotero-0.6.0-smoke-data\translators\RePEc - IDEAS.js

zotero(4)(+0000012): REPLACE INTO translatorCache VALUES (?, ?, ?) ['RePEc - IDEAS.js', '{"translatorID":"bd2e6136-d8e5-4f76-906b-0fbcd888dd63","translatorType":4,"label":"RePEc - IDEAS","creator":"Philipp Zumstein","target":"^https?://ideas\\.repec\\.org/","priority":100,"lastUpdated":"2017-06-05 07:38:26","browserSupport":"gcsibv","minVersion":"3.0","maxVersion":"","inRepository":true}', 1262275200000]

zotero(3)(+0000007): Getting contents of E:\Kumiko\pythonProject\Zotero\tmp\zotero-0.6.0-smoke-data\translators\Research Square.js

zotero(4)(+0000011): REPLACE INTO translatorCache VALUES (?, ?, ?) ['Research Square.js', '{"translatorID":"f8f24699-a23f-4355-8d03-4f03a1112ec4","translatorType":4,"label":"Research Square","creator":"Abe Jellinek","target":"^https?://www\\.researchsquare\\.com/(article|browse)","priority":100,"lastUpdated":"2024-04-01 19:07:11","browserSupport":"gcsibv","minVersion":"3.0","maxVersion":"","inRepository":true}', 1262275200000]

zotero(3)(+0000008): Getting contents of E:\Kumiko\pythonProject\Zotero\tmp\zotero-0.6.0-smoke-data\translators\ResearchGate.js

zotero(4)(+0000012): REPLACE INTO translatorCache VALUES (?, ?, ?) ['ResearchGate.js', '{"translatorID":"89ae6297-c0c4-45f7-943d-5174cf06339c","translatorType":4,"label":"ResearchGate","creator":"Philipp Zumstein","target":"^https?://www\\.researchgate\\.net/","priority":100,"lastUpdated":"2020-10-18 04:03:07","browserSupport":"gcsibv","minVersion":"3.0","maxVersion":"","inRepository":true}', 1262275200000]

zotero(3)(+0000007): Getting contents of E:\Kumiko\pythonProject\Zotero\tmp\zotero-0.6.0-smoke-data\translators\Retsinformation.js

zotero(4)(+0000012): REPLACE INTO translatorCache VALUES (?, ?, ?) ['Retsinformation.js', '{"translatorID":"feef66bf-4b52-498f-a586-8e9a99dc07a0","translatorType":4,"label":"Retsinformation","creator":"Roald Frøsig and Abe Jellinek","target":"^https?://(www\\.)?retsinformation\\.dk/","priority":100,"lastUpdated":"2024-01-15 18:52:34","browserSupport":"gcsibv","minVersion":"3.0","maxVersion":"","inRepository":true}', 1262275200000]

zotero(3)(+0000007): Getting contents of E:\Kumiko\pythonProject\Zotero\tmp\zotero-0.6.0-smoke-data\translators\Reuters.js

zotero(4)(+0000001): REPLACE INTO translatorCache VALUES (?, ?, ?) ['Reuters.js', '{"translatorID":"83979786-44af-494a-9ddb-46654e0486ef","translatorType":4,"label":"Reuters","creator":"Avram Lyon, Michael Berkowitz, Sebastian Karcher","target":"^https?://\\w+\\.reuters\\.com/","priority":100,"lastUpdated":"2021-07-05 16:50:37","browserSupport":"gcsibv","minVersion":"3.0","maxVersion":"","inRepository":true}', 1262275200000]

zotero(3)(+0000006): Getting contents of E:\Kumiko\pythonProject\Zotero\tmp\zotero-0.6.0-smoke-data\translators\RIS.js

zotero(4)(+0000020): REPLACE INTO translatorCache VALUES (?, ?, ?) ['RIS.js', '{"translatorID":"32d59d2d-b65a-4da4-b0a3-bdd3cfb979e7","translatorType":3,"label":"RIS","creator":"Simon Kornblith and Aurimas Vinckevicius","target":"ris","priority":100,"lastUpdated":"2026-01-05 18:52:35","browserSupport":"g","minVersion":"3.0.4","maxVersion":"","inRepository":true,"configOptions":{"async":true,"getCollections":"true"},"displayOptions":{"exportCharset":"UTF-8","exportNotes":true,"exportFileData":false}}', 1262275200000]

zotero(3)(+0000007): Getting contents of E:\Kumiko\pythonProject\Zotero\tmp\zotero-0.6.0-smoke-data\translators\Rock, Paper, Shotgun.js

zotero(4)(+0000011): REPLACE INTO translatorCache VALUES (?, ?, ?) ['Rock, Paper, Shotgun.js', '{"translatorID":"5a5b1fcd-8491-4c56-84a7-5dba19fe2c02","translatorType":4,"label":"Rock, Paper, Shotgun","creator":"czar, Bao Trinh","target":"^https?://(www\\.)?rockpapershotgun\\.(com|de)","priority":100,"lastUpdated":"2021-08-15 21:00:12","browserSupport":"gcsibv","minVersion":"3.0","maxVersion":"","inRepository":true}', 1262275200000]

zotero(3)(+0000008): Getting contents of E:\Kumiko\pythonProject\Zotero\tmp\zotero-0.6.0-smoke-data\translators\Roll Call.js

zotero(4)(+0000012): REPLACE INTO translatorCache VALUES (?, ?, ?) ['Roll Call.js', '{"translatorID":"d522149f-b776-413f-8aa4-ced13f59c759","translatorType":4,"label":"Roll Call","creator":"Philipp Zumstein","target":"^https?://(www\\.|blogs\\.)?rollcall\\.com","priority":100,"lastUpdated":"2017-06-04 17:53:19","browserSupport":"gcsibv","minVersion":"3.0","maxVersion":"","inRepository":true}', 1262275200000]

zotero(3)(+0000007): Getting contents of E:\Kumiko\pythonProject\Zotero\tmp\zotero-0.6.0-smoke-data\translators\RSC Publishing.js

zotero(4)(+0000013): REPLACE INTO translatorCache VALUES (?, ?, ?) ['RSC Publishing.js', '{"translatorID":"ca0e7488-ef20-4485-8499-9c47e60dcfa7","translatorType":4,"label":"RSC Publishing","creator":"Sebastian Karcher","target":"^https?://(:?www\\.|google\\.)?pubs\\.rsc\\.org/","priority":100,"lastUpdated":"2021-06-22 14:44:14","browserSupport":"gcsb","minVersion":"2.1.9","maxVersion":"","inRepository":true}', 1262275200000]

zotero(3)(+0000008): Getting contents of E:\Kumiko\pythonProject\Zotero\tmp\zotero-0.6.0-smoke-data\translators\Russian State Library.js

zotero(4)(+0000012): REPLACE INTO translatorCache VALUES (?, ?, ?) ['Russian State Library.js', '{"translatorID":"26ce1cb2-07ec-4d0e-9975-ce2ab35c8343","translatorType":4,"label":"Russian State Library","creator":"PChemGuy","target":"^https?://(search|favorites|aleph)\\.rsl\\.ru/","priority":100,"lastUpdated":"2025-05-01 14:50:41","browserSupport":"gcsibv","minVersion":"3.0","maxVersion":"","inRepository":true}', 1262275200000]

zotero(3)(+0000006): Getting contents of E:\Kumiko\pythonProject\Zotero\tmp\zotero-0.6.0-smoke-data\translators\Sacramento Bee.js

zotero(4)(+0000001): REPLACE INTO translatorCache VALUES (?, ?, ?) ['Sacramento Bee.js', '{"translatorID":"82b534ea-abf0-4527-9d5d-48cd98a89ba5","translatorType":4,"label":"Sacramento Bee","creator":"czar","target":"^https?://(www\\.)?sacbee\\.com","priority":100,"lastUpdated":"2017-07-09 05:05:18","browserSupport":"gcsibv","minVersion":"3.0","maxVersion":"","inRepository":true}', 1262275200000]

zotero(3)(+0000007): Getting contents of E:\Kumiko\pythonProject\Zotero\tmp\zotero-0.6.0-smoke-data\translators\SAE Papers.js

zotero(4)(+0000012): REPLACE INTO translatorCache VALUES (?, ?, ?) ['SAE Papers.js', '{"translatorID":"2c98b8e6-6138-4b60-a999-15e3a7c8cb4b","translatorType":4,"label":"SAE Papers","creator":"Sebastian Karcher","target":"^https?://(www|papers)\\.sae\\.org/","priority":100,"lastUpdated":"2017-07-07 05:40:25","browserSupport":"gcsibv","minVersion":"3.0","maxVersion":"","inRepository":true}', 1262275200000]

zotero(3)(+0000007): Getting contents of E:\Kumiko\pythonProject\Zotero\tmp\zotero-0.6.0-smoke-data\translators\Safari Books Online.js

zotero(4)(+0000013): REPLACE INTO translatorCache VALUES (?, ?, ?) ['Safari Books Online.js', '{"translatorID":"ec491fc2-10b1-11e3-99d7-1bd4dc830245","translatorType":4,"label":"Safari Books Online","creator":"Jeffrey Jones","target":"^https?://([^/]+\\.)?safaribooksonline\\.[a-zA-Z]+/","priority":150,"lastUpdated":"2017-06-24 09:40:05","browserSupport":"gcsibv","minVersion":"3.0","maxVersion":"","inRepository":true}', 1262275200000]

zotero(3)(+0000006): Getting contents of E:\Kumiko\pythonProject\Zotero\tmp\zotero-0.6.0-smoke-data\translators\SAGE Journals.js

zotero(4)(+0000012): REPLACE INTO translatorCache VALUES (?, ?, ?) ['SAGE Journals.js', '{"translatorID":"908c1ca2-59b6-4ad8-b026-709b7b927bda","translatorType":4,"label":"SAGE Journals","creator":"Sebastian Karcher","target":"^https?://journals\\.sagepub\\.com(/doi/((abs|full|pdf)/)?10\\.|/action/doSearch\\?|/toc/)","priority":100,"lastUpdated":"2026-02-24 16:20:02","browserSupport":"gcsibv","minVersion":"3.0","maxVersion":"","inRepository":true}', 1262275200000]

zotero(3)(+0000006): Getting contents of E:\Kumiko\pythonProject\Zotero\tmp\zotero-0.6.0-smoke-data\translators\SAGE Knowledge.js

zotero(4)(+0000012): REPLACE INTO translatorCache VALUES (?, ?, ?) ['SAGE Knowledge.js', '{"translatorID":"d21dcd90-c997-4e14-8fe0-353b8e19a47a","translatorType":4,"label":"SAGE Knowledge","creator":"ProQuest, Philipp Zumstein","target":"^https?://sk\\.sagepub\\.com/","priority":100,"lastUpdated":"2022-11-11 14:54:48","browserSupport":"gcsibv","minVersion":"3.0","maxVersion":"","inRepository":true}', 1262275200000]

zotero(3)(+0000007): Getting contents of E:\Kumiko\pythonProject\Zotero\tmp\zotero-0.6.0-smoke-data\translators\SAILDART.js

zotero(4)(+0000011): REPLACE INTO translatorCache VALUES (?, ?, ?) ['SAILDART.js', '{"translatorID":"78c29166-3326-4660-92e7-eb1fb1aacda0","translatorType":4,"label":"SAILDART","creator":"Abe Jellinek","target":"^https?://(www\\.)?saildart\\.org/","priority":100,"lastUpdated":"2021-07-26 17:34:38","browserSupport":"gcsibv","minVersion":"3.0","maxVersion":"","inRepository":true}', 1262275200000]

zotero(3)(+0000008): Getting contents of E:\Kumiko\pythonProject\Zotero\tmp\zotero-0.6.0-smoke-data\translators\SALT Research Archives.js

zotero(4)(+0000001): REPLACE INTO translatorCache VALUES (?, ?, ?) ['SALT Research Archives.js', '{"translatorID":"954ac3a8-73ab-43e3-88db-9949817ed1e6","translatorType":4,"label":"SALT Research Archives","creator":"Abe Jellinek","target":"^https?://archives\\.saltresearch\\.org/","priority":100,"lastUpdated":"2021-08-13 22:05:16","browserSupport":"gcsibv","minVersion":"3.0","maxVersion":"","inRepository":true}', 1262275200000]

zotero(3)(+0000010): Getting contents of E:\Kumiko\pythonProject\Zotero\tmp\zotero-0.6.0-smoke-data\translators\sbn.it.js

zotero(4)(+0000001): REPLACE INTO translatorCache VALUES (?, ?, ?) ['sbn.it.js', '{"translatorID":"4c272290-7ac4-433e-862d-244884ed285a","translatorType":4,"label":"sbn.it","creator":"Philipp Zumstein","target":"^https?://(www|opac)\\.sbn\\.it/opacsbn/opaclib","priority":100,"lastUpdated":"2019-12-27 16:51:43","browserSupport":"gcsibv","minVersion":"3.0","maxVersion":"","inRepository":true}', 1262275200000]

zotero(3)(+0000007): Getting contents of E:\Kumiko\pythonProject\Zotero\tmp\zotero-0.6.0-smoke-data\translators\Scholars Portal Journals.js

zotero(4)(+0000001): REPLACE INTO translatorCache VALUES (?, ?, ?) ['Scholars Portal Journals.js', '{"translatorID":"5ac0fd37-5578-4f82-8340-0e135b6336ee","translatorType":4,"label":"Scholars Portal Journals","creator":"Bartek Kawula","target":"^https?://journals\\.scholarsportal\\.info/","priority":100,"lastUpdated":"2021-02-05 18:25:57","browserSupport":"gcsibv","minVersion":"3.0","maxVersion":"","inRepository":true}', 1262275200000]

zotero(3)(+0000007): Getting contents of E:\Kumiko\pythonProject\Zotero\tmp\zotero-0.6.0-smoke-data\translators\Scholia.js

zotero(4)(+0000011): REPLACE INTO translatorCache VALUES (?, ?, ?) ['Scholia.js', '{"translatorID":"877acbe4-5d71-4de6-8dd7-367a2dcc4c0d","translatorType":4,"label":"Scholia","creator":"Abe Jellinek","target":"^https?://scholia\\.toolforge\\.org/work/Q","priority":100,"lastUpdated":"2021-07-29 16:59:07","browserSupport":"gcsibv","minVersion":"3.0","maxVersion":"","inRepository":true}', 1262275200000]

zotero(3)(+0000008): Getting contents of E:\Kumiko\pythonProject\Zotero\tmp\zotero-0.6.0-smoke-data\translators\Schweizer Radio und Fernsehen SRF.js

zotero(4)(+0000001): REPLACE INTO translatorCache VALUES (?, ?, ?) ['Schweizer Radio und Fernsehen SRF.js', '{"translatorID":"a8e51f4e-0372-42ad-81a8-bc3dcea6dc03","translatorType":4,"label":"Schweizer Radio und Fernsehen SRF","creator":"ibex, Sebastian Karcher","target":"^https?://(www\\.)?srf\\.ch/sendungen/","priority":100,"lastUpdated":"2017-06-24 22:06:07","browserSupport":"gcsibv","minVersion":"3.0","maxVersion":"","inRepository":true}', 1262275200000]

zotero(3)(+0000007): Getting contents of E:\Kumiko\pythonProject\Zotero\tmp\zotero-0.6.0-smoke-data\translators\SciELO.js

zotero(4)(+0000013): REPLACE INTO translatorCache VALUES (?, ?, ?) ['SciELO.js', '{"translatorID":"3eabecf9-663a-4774-a3e6-0790d2732eed","translatorType":4,"label":"SciELO","creator":"Sebastian Karcher","target":"^https?://(www\\.)?(socialscience\\.|proceedings\\.|biodiversidade\\.|caribbean\\.|comciencia\\.|inovacao\\.|search\\.)?(scielo|scielosp)\\.","priority":100,"lastUpdated":"2024-12-06 18:29:19","browserSupport":"gcsibv","minVersion":"2.1.9","maxVersion":"","inRepository":true}', 1262275200000]

zotero(3)(+0000007): Getting contents of E:\Kumiko\pythonProject\Zotero\tmp\zotero-0.6.0-smoke-data\translators\ScienceDirect.js

zotero(4)(+0000013): REPLACE INTO translatorCache VALUES (?, ?, ?) ['ScienceDirect.js', '{"translatorID":"b6d0a7a-d076-48ae-b2f0-b6de28b194e","translatorType":4,"label":"ScienceDirect","creator":"Michael Berkowitz and Aurimas Vinckevicius","target":"^https?://[^/]*science-?direct\\.com[^/]*/((science/)?(article/|(journal|bookseries|book|handbook)/\\d)|search[?/]|journal/[^/]+/vol)","priority":100,"lastUpdated":"2026-03-19 20:29:30","browserSupport":"gcsibv","minVersion":"3.0","maxVersion":"","inRepository":true}', 1262275200000]

zotero(3)(+0000006): Getting contents of E:\Kumiko\pythonProject\Zotero\tmp\zotero-0.6.0-smoke-data\translators\scinapse.js

zotero(4)(+0000012): REPLACE INTO translatorCache VALUES (?, ?, ?) ['scinapse.js', '{"translatorID":"42680c5e-1ae8-4171-ab53-afe1d8e840d4","translatorType":4,"label":"scinapse","creator":"Vincent Carret","target":"^https?://(www\\.)?scinapse\\.io/","priority":100,"lastUpdated":"2021-06-14 21:01:40","browserSupport":"gcsibv","minVersion":"3.0","maxVersion":"","inRepository":true}', 1262275200000]

zotero(3)(+0000007): Getting contents of E:\Kumiko\pythonProject\Zotero\tmp\zotero-0.6.0-smoke-data\translators\Scopus.js

zotero(4)(+0000012): REPLACE INTO translatorCache VALUES (?, ?, ?) ['Scopus.js', '{"translatorID":"a14ac3eb-64a0-4179-970c-92ecc2fec992","translatorType":4,"label":"Scopus","creator":"Michael Berkowitz, Rintze Zelle and Avram Lyon","target":"^https?://www\\.scopus\\.com/","priority":100,"lastUpdated":"2025-07-29 16:11:13","browserSupport":"gcsibv","minVersion":"2.1","maxVersion":"","inRepository":true}', 1262275200000]

zotero(3)(+0000006): Getting contents of E:\Kumiko\pythonProject\Zotero\tmp\zotero-0.6.0-smoke-data\translators\Semantic Scholar.js

zotero(4)(+0000012): REPLACE INTO translatorCache VALUES (?, ?, ?) ['Semantic Scholar.js', '{"translatorID":"276cb34c-6861-4de7-a11d-c2e46fb8af28","translatorType":4,"label":"Semantic Scholar","creator":"Guy Aglionby","target":"^https?://(www\\.semanticscholar\\.org/(paper/.+|search\\?|reader/.+)|pdfs\\.semanticscholar\\.org/)","priority":100,"lastUpdated":"2022-11-18 01:12:22","browserSupport":"gcsibv","minVersion":"4.0","maxVersion":"","inRepository":true}', 1262275200000]

zotero(3)(+0000007): Getting contents of E:\Kumiko\pythonProject\Zotero\tmp\zotero-0.6.0-smoke-data\translators\semantics Visual Library.js

zotero(4)(+0000011): REPLACE INTO translatorCache VALUES (?, ?, ?) ['semantics Visual Library.js', '{"translatorID":"fe85e97b-5e2a-4d9e-976e-c336c5350ce9","translatorType":4,"label":"semantics Visual Library","creator":"Philipp Zumstein","target":"^https?://www\\.(blldb-online\\.de/blldb|bdsl-online\\.de/BDSL-DB)/suche/","priority":150,"lastUpdated":"2014-12-29 11:56:09","browserSupport":"gcsv","minVersion":"3.0","maxVersion":"","inRepository":true}', 1262275200000]

zotero(3)(+0000008): Getting contents of E:\Kumiko\pythonProject\Zotero\tmp\zotero-0.6.0-smoke-data\translators\SFU IPinCH.js

zotero(4)(+0000013): REPLACE INTO translatorCache VALUES (?, ?, ?) ['SFU IPinCH.js', '{"translatorID":"7448d1d7-57e4-4685-b6e4-d4d9f7046fc2","translatorType":4,"label":"SFU IPinCH","creator":"Aurimas Vinckevicius","target":"^https?://[^/]*sfu\\.ca/kbipinch/(records|browse|search)/","priority":100,"lastUpdated":"2013-06-19 10:30:31","browserSupport":"gcsibv","minVersion":"3.0","maxVersion":"","inRepository":true}', 1262275200000]

zotero(3)(+0000007): Getting contents of E:\Kumiko\pythonProject\Zotero\tmp\zotero-0.6.0-smoke-data\translators\Silverchair.js

zotero(4)(+0000013): REPLACE INTO translatorCache VALUES (?, ?, ?) ['Silverchair.js', '{"translatorID":"3bae3a55-f021-4b59-8a14-43701f336adf","translatorType":4,"label":"Silverchair","creator":"Sebastian Karcher","target":"/(article|fullarticle|advance-article|advance-article-abstract|article-abstract|book|edited-volume)(/|\\.aspx)|search-results?|\\/issue(/|s\\.aspx|$)","priority":280,"lastUpdated":"2025-07-29 16:31:34","browserSupport":"gcsibv","minVersion":"3.0","maxVersion":"","inRepository":true}', 1262275200000]

zotero(3)(+0000007): Getting contents of E:\Kumiko\pythonProject\Zotero\tmp\zotero-0.6.0-smoke-data\translators\SIPRI.js

zotero(4)(+0000011): REPLACE INTO translatorCache VALUES (?, ?, ?) ['SIPRI.js', '{"translatorID":"3a92a47b-a532-40b8-8e69-c40b4edf56ec","translatorType":4,"label":"SIPRI","creator":"Abe Jellinek","target":"^https?://(www\\.)?sipri\\.org/","priority":100,"lastUpdated":"2021-08-16 23:05:44","browserSupport":"gcsibv","minVersion":"3.0","maxVersion":"","inRepository":true}', 1262275200000]

zotero(3)(+0000007): Getting contents of E:\Kumiko\pythonProject\Zotero\tmp\zotero-0.6.0-smoke-data\translators\SIRS Knowledge Source.js

zotero(4)(+0000012): REPLACE INTO translatorCache VALUES (?, ?, ?) ['SIRS Knowledge Source.js', '{"translatorID":"d4cccbd1-a92f-4dd8-b636-74eb9e344441","translatorType":4,"label":"SIRS Knowledge Source","creator":"ProQuest PME Team","target":"^https?://([^/]+\\.)?sks\\.sirs\\.com/","priority":100,"lastUpdated":"2015-02-02 23:47:53","browserSupport":"gcsib","minVersion":"3.0","maxVersion":"","inRepository":true}', 1262275200000]

zotero(3)(+0000007): Getting contents of E:\Kumiko\pythonProject\Zotero\tmp\zotero-0.6.0-smoke-data\translators\Slate.js

zotero(4)(+0000001): REPLACE INTO translatorCache VALUES (?, ?, ?) ['Slate.js', '{"translatorID":"a667ae9e-186f-46d2-b824-d70064614668","translatorType":4,"label":"Slate","creator":"Sebastian Karcher","target":"^https?://slate\\.com/","priority":100,"lastUpdated":"2021-09-13 21:28:22","browserSupport":"gcsibv","minVersion":"3.0","maxVersion":"","inRepository":true}', 1262275200000]

zotero(3)(+0000006): Getting contents of E:\Kumiko\pythonProject\Zotero\tmp\zotero-0.6.0-smoke-data\translators\SlideShare.js

zotero(4)(+0000002): REPLACE INTO translatorCache VALUES (?, ?, ?) ['SlideShare.js', '{"translatorID":"0cc8e259-106e-4793-8c26-6ec8114a9160","translatorType":4,"label":"SlideShare","creator":"Michael Berkowitz","target":"^https?://[^/]*slideshare\\.net/","priority":100,"lastUpdated":"2017-01-01 15:33:29","browserSupport":"gcsibv","minVersion":"3.0","maxVersion":"","inRepository":true}', 1262275200000]

zotero(3)(+0000006): Getting contents of E:\Kumiko\pythonProject\Zotero\tmp\zotero-0.6.0-smoke-data\translators\SLUB Dresden.js

zotero(4)(+0000001): REPLACE INTO translatorCache VALUES (?, ?, ?) ['SLUB Dresden.js', '{"translatorID":"eda36b1d-2395-432d-9780-0e7d2e6cf0de","translatorType":4,"label":"SLUB Dresden","creator":"Abe Jellinek","target":"^https://katalog\\.slub-dresden\\.de/","priority":100,"lastUpdated":"2021-06-29 00:22:54","browserSupport":"gcsibv","minVersion":"3.0","maxVersion":"","inRepository":true}', 1262275200000]

zotero(3)(+0000007): Getting contents of E:\Kumiko\pythonProject\Zotero\tmp\zotero-0.6.0-smoke-data\translators\SORA.js

zotero(4)(+0000012): REPLACE INTO translatorCache VALUES (?, ?, ?) ['SORA.js', '{"translatorID":"83d2ed27-40a5-4dc7-bd87-baddc8fb35da","translatorType":4,"label":"SORA","creator":"Philipp Zumstein","target":"^https?://sora\\.unm\\.edu/(node/|search/node/|advancedsearch\\?)","priority":100,"lastUpdated":"2017-06-24 15:08:40","browserSupport":"gcsbv","minVersion":"3.0","maxVersion":"","inRepository":true}', 1262275200000]

zotero(3)(+0000006): Getting contents of E:\Kumiko\pythonProject\Zotero\tmp\zotero-0.6.0-smoke-data\translators\Springer Link.js

zotero(4)(+0000013): REPLACE INTO translatorCache VALUES (?, ?, ?) ['Springer Link.js', '{"translatorID":"d6c6210a-297c-4b2c-8c43-48cb503cc49e","translatorType":4,"label":"Springer Link","creator":"Aurimas Vinckevicius","target":"^https?://link\\.springer\\.com/(search(/page/\\d+)?\\?|(article|chapter|book|referenceworkentry|protocol|journal|referencework)/.+)","priority":100,"lastUpdated":"2024-07-22 20:08:47","browserSupport":"gcsibv","minVersion":"3.0","maxVersion":"","inRepository":true}', 1262275200000]

zotero(3)(+0000007): Getting contents of E:\Kumiko\pythonProject\Zotero\tmp\zotero-0.6.0-smoke-data\translators\SSOAR.js

zotero(4)(+0000012): REPLACE INTO translatorCache VALUES (?, ?, ?) ['SSOAR.js', '{"translatorID":"d2959995-d0a2-4fb7-990f-16b671690e99","translatorType":4,"label":"SSOAR","creator":"Philipp Zumstein","target":"^https?://www\\.ssoar\\.info/","priority":100,"lastUpdated":"2016-06-15 21:48:00","browserSupport":"gcsv","minVersion":"3","maxVersion":"","inRepository":true}', 1262275200000]

zotero(3)(+0000009): Getting contents of E:\Kumiko\pythonProject\Zotero\tmp\zotero-0.6.0-smoke-data\translators\SSRN.js

zotero(4)(+0000001): REPLACE INTO translatorCache VALUES (?, ?, ?) ['SSRN.js', '{"translatorID":"b61c224b-34b6-4bfd-8a76-a476e7092d43","translatorType":4,"label":"SSRN","creator":"Sebastian Karcher","target":"^https?://(www|papers|hq)\\.ssrn\\.com/","priority":100,"lastUpdated":"2022-04-04 18:26:02","browserSupport":"gcsibv","minVersion":"3.0","maxVersion":"","inRepository":true}', 1262275200000]

zotero(3)(+0000007): Getting contents of E:\Kumiko\pythonProject\Zotero\tmp\zotero-0.6.0-smoke-data\translators\Stack Exchange.js

zotero(4)(+0000012): REPLACE INTO translatorCache VALUES (?, ?, ?) ['Stack Exchange.js', '{"translatorID":"26ecfee6-535d-4044-89a8-fbda31883642","translatorType":4,"label":"Stack Exchange","creator":"Abe Jellinek","target":"^https://([^/]+\\.)?(((stack(overflow|exchange)|serverfault|askubuntu|superuser|stackapps)\\.com)|mathoverflow\\.net)/","priority":100,"lastUpdated":"2022-04-03 13:21:00","browserSupport":"gcsibv","minVersion":"5.0","maxVersion":"","inRepository":true}', 1262275200000]

zotero(3)(+0000007): Getting contents of E:\Kumiko\pythonProject\Zotero\tmp\zotero-0.6.0-smoke-data\translators\Standard Ebooks.js

zotero(4)(+0000013): REPLACE INTO translatorCache VALUES (?, ?, ?) ['Standard Ebooks.js', '{"translatorID":"cc27d642-eab0-4c85-aba8-7a01a9b4e779","translatorType":4,"label":"Standard Ebooks","creator":"Brendan O'Connell","target":"^https?://standardebooks\\.org/","priority":100,"lastUpdated":"2023-02-24 09:12:54","browserSupport":"gcsibv","minVersion":"5.0","maxVersion":"","inRepository":true}', 1262275200000]

zotero(3)(+0000006): Getting contents of E:\Kumiko\pythonProject\Zotero\tmp\zotero-0.6.0-smoke-data\translators\Stanford Encyclopedia of Philosophy.js

zotero(4)(+0000012): REPLACE INTO translatorCache VALUES (?, ?, ?) ['Stanford Encyclopedia of Philosophy.js', '{"translatorID":"5aabfa6e-79e6-4791-a9d2-46c9cb137561","translatorType":4,"label":"Stanford Encyclopedia of Philosophy","creator":"Sebastian Karcher","target":"^https?://plato\\.stanford\\.edu/(archives/[a-z]{3}\\d{4}/)?(entries|search)","priority":100,"lastUpdated":"2023-05-04 15:33:21","browserSupport":"gcsibv","minVersion":"2.1","maxVersion":"","inRepository":true}', 1262275200000]

zotero(3)(+0000006): Getting contents of E:\Kumiko\pythonProject\Zotero\tmp\zotero-0.6.0-smoke-data\translators\Stanford University Press.js

zotero(4)(+0000012): REPLACE INTO translatorCache VALUES (?, ?, ?) ['Stanford University Press.js', '{"translatorID":"df9c409a-132e-4c9d-8c24-8e3eeee98bf0","translatorType":4,"label":"Stanford University Press","creator":"Abe Jellinek","target":"^https://www\\.sup\\.org/(books|search)/","priority":100,"lastUpdated":"2021-07-01 17:49:50","browserSupport":"gcsibv","minVersion":"3.0","maxVersion":"","inRepository":true}', 1262275200000]

zotero(3)(+0000007): Getting contents of E:\Kumiko\pythonProject\Zotero\tmp\zotero-0.6.0-smoke-data\translators\State Records Office of Western Australia.js

zotero(4)(+0000012): REPLACE INTO translatorCache VALUES (?, ?, ?) ['State Records Office of Western Australia.js', '{"translatorID":"2b62db1e-1d49-4e2b-a409-a3f9f1870a41","translatorType":4,"label":"State Records Office of Western Australia","creator":"Mike O'Connor","target":"^https://archive\\.sro\\.wa\\.gov\\.au/","priority":100,"lastUpdated":"2018-10-09 15:42:45","browserSupport":"gcsibv","minVersion":"3.0","maxVersion":"","inRepository":true}', 1262275200000]

zotero(3)(+0000007): Getting contents of E:\Kumiko\pythonProject\Zotero\tmp\zotero-0.6.0-smoke-data\translators\Stitcher.js

zotero(4)(+0000001): REPLACE INTO translatorCache VALUES (?, ?, ?) ['Stitcher.js', '{"translatorID":"406d8800-17b2-498c-8e79-49311caedc5f","translatorType":4,"label":"Stitcher","creator":"Sebastian Karcher","target":"^https?://(www\\.)?stitcher\\.com/(search|show)/","priority":100,"lastUpdated":"2021-03-10 04:41:29","browserSupport":"gcsibv","minVersion":"3.0","maxVersion":"","inRepository":true}', 1262275200000]

zotero(3)(+0000007): Getting contents of E:\Kumiko\pythonProject\Zotero\tmp\zotero-0.6.0-smoke-data\translators\Store norske leksikon.js

zotero(4)(+0000012): REPLACE INTO translatorCache VALUES (?, ?, ?) ['Store norske leksikon.js', '{"translatorID":"439c869c-c605-47b4-b330-157a23a4b4f3","translatorType":4,"label":"Store norske leksikon","creator":"Håkon Malmedal","target":"^https?://((sml|nbl|nkl)\\.)?snl\\.no/[^.]","priority":100,"lastUpdated":"2017-06-24 20:57:00","browserSupport":"gcsibv","minVersion":"3.0","maxVersion":"","inRepository":true}', 1262275200000]

zotero(3)(+0000007): Getting contents of E:\Kumiko\pythonProject\Zotero\tmp\zotero-0.6.0-smoke-data\translators\Stuff.co.nz.js

zotero(4)(+0000015): REPLACE INTO translatorCache VALUES (?, ?, ?) ['Stuff.co.nz.js', '{"translatorID":"631ff0c7-2e64-4279-a9c9-ad9518d40f2b","translatorType":4,"label":"Stuff.co.nz","creator":"Sopheak Hean (University of Waikato, Faculty of Education)","target":"^https?://(www\\.)?stuff\\.co\\.nz/","priority":100,"lastUpdated":"2014-08-23 05:56:33","browserSupport":"gcsibv","minVersion":"2.1.9","maxVersion":"","inRepository":true}', 1262275200000]

zotero(3)(+0000007): Getting contents of E:\Kumiko\pythonProject\Zotero\tmp\zotero-0.6.0-smoke-data\translators\Substack.js

zotero(4)(+0000012): REPLACE INTO translatorCache VALUES (?, ?, ?) ['Substack.js', '{"translatorID":"ac3b958f-0581-4117-bebc-44af3b876545","translatorType":4,"label":"Substack","creator":"Abe Jellinek","target":"^https://([^.]+\\.)?substack\\.com/(p/|archive|home/post/)","priority":100,"lastUpdated":"2025-02-03 19:52:49","browserSupport":"gcsibv","minVersion":"3.0","maxVersion":"","inRepository":true}', 1262275200000]

zotero(3)(+0000008): Getting contents of E:\Kumiko\pythonProject\Zotero\tmp\zotero-0.6.0-smoke-data\translators\Sud Ouest.js

zotero(4)(+0000012): REPLACE INTO translatorCache VALUES (?, ?, ?) ['Sud Ouest.js', '{"translatorID":"1f530308-ce67-4b87-a079-e4a8e2a9c623","translatorType":4,"label":"Sud Ouest","creator":"Sylvain Machefert","target":"^https?://www\\.sudouest\\.fr/","priority":100,"lastUpdated":"2021-07-06 17:27:22","browserSupport":"gcsibv","minVersion":"3.0","maxVersion":"","inRepository":true}', 1262275200000]

zotero(3)(+0000006): Getting contents of E:\Kumiko\pythonProject\Zotero\tmp\zotero-0.6.0-smoke-data\translators\Sueddeutsche.de.js

zotero(4)(+0000001): REPLACE INTO translatorCache VALUES (?, ?, ?) ['Sueddeutsche.de.js', '{"translatorID":"2e4ebd19-83ab-4a56-8fa6-bcd52b576470","translatorType":4,"label":"Sueddeutsche.de","creator":"Martin Meyerhoff","target":"^https?://www\\.sueddeutsche\\.de","priority":100,"lastUpdated":"2017-06-24 21:03:57","browserSupport":"gcsibv","minVersion":"3.0","maxVersion":"","inRepository":true}', 1262275200000]

zotero(3)(+0000007): Getting contents of E:\Kumiko\pythonProject\Zotero\tmp\zotero-0.6.0-smoke-data\translators\Summon 2.js

zotero(4)(+0000012): REPLACE INTO translatorCache VALUES (?, ?, ?) ['Summon 2.js', '{"translatorID":"6c61897b-ca44-4ce6-87c1-2da68b44e6f7","translatorType":4,"label":"Summon 2","creator":"Abe Jellinek","target":"^https?://([^/]+\\.)?summon\\.serialssolutions\\.com/","priority":150,"lastUpdated":"2021-07-20 21:07:15","browserSupport":"gcsib","minVersion":"4.0","maxVersion":"","inRepository":true}', 1262275200000]

zotero(3)(+0000006): Getting contents of E:\Kumiko\pythonProject\Zotero\tmp\zotero-0.6.0-smoke-data\translators\Superlib.js

zotero(4)(+0000014): REPLACE INTO translatorCache VALUES (?, ?, ?) ['Superlib.js', '{"translatorID":"33553736-4ea9-4b1a-b1e1-d43b2a918156","translatorType":4,"label":"Superlib","creator":"018<lyb018@gmail.com>","target":"^https?://(book|jour)\\.ucdrs\\.superlib\\.net/(search|views/specific)","priority":100,"lastUpdated":"2021-08-18 19:44:00","browserSupport":"gcsibv","minVersion":"3.0","maxVersion":"","inRepository":true}', 1262275200000]

zotero(3)(+0000007): Getting contents of E:\Kumiko\pythonProject\Zotero\tmp\zotero-0.6.0-smoke-data\translators\Svenska Dagbladet.js

zotero(4)(+0000001): REPLACE INTO translatorCache VALUES (?, ?, ?) ['Svenska Dagbladet.js', '{"translatorID":"7adba17c-7e98-4a13-8325-e19383b09eab","translatorType":4,"label":"Svenska Dagbladet","creator":"Sebastian Berlin","target":"^https://www\\.svd\\.se/","priority":100,"lastUpdated":"2018-08-31 11:59:13","browserSupport":"gcsibv","minVersion":"3.0","maxVersion":"","inRepository":true}', 1262275200000]

zotero(3)(+0000008): Getting contents of E:\Kumiko\pythonProject\Zotero\tmp\zotero-0.6.0-smoke-data\translators\Sveriges radio.js

zotero(4)(+0000012): REPLACE INTO translatorCache VALUES (?, ?, ?) ['Sveriges radio.js', '{"translatorID":"caa8f42c-9dbf-446e-963b-6ee18e3133d2","translatorType":4,"label":"Sveriges radio","creator":"Sebastian Berlin","target":"^https?://sverigesradio\\.se/(artikel|sok\\?)","priority":100,"lastUpdated":"2021-06-11 19:10:14","browserSupport":"gcsibv","minVersion":"3.0","maxVersion":"","inRepository":true}', 1262275200000]

zotero(3)(+0000006): Getting contents of E:\Kumiko\pythonProject\Zotero\tmp\zotero-0.6.0-smoke-data\translators\SVT Nyheter.js

zotero(4)(+0000011): REPLACE INTO translatorCache VALUES (?, ?, ?) ['SVT Nyheter.js', '{"translatorID":"4c6d887e-341d-4edb-b651-ea702a8918d7","translatorType":4,"label":"SVT Nyheter","creator":"Sebastian Berlin","target":"^https?://www\\.svt\\.se/nyheter/","priority":100,"lastUpdated":"2024-06-27 15:32:02","browserSupport":"gcsibv","minVersion":"3.0","maxVersion":"","inRepository":true}', 1262275200000]

zotero(3)(+0000007): Getting contents of E:\Kumiko\pythonProject\Zotero\tmp\zotero-0.6.0-smoke-data\translators\Tagesspiegel.js

zotero(4)(+0000001): REPLACE INTO translatorCache VALUES (?, ?, ?) ['Tagesspiegel.js', '{"translatorID":"374ac2a5-dd45-461e-bf1f-bf90c2eb7085","translatorType":4,"label":"Tagesspiegel","creator":"Martin Meyerhoff, Sebastian Karcher, Jaco Lüken","target":"^https?://www\\.tagesspiegel\\.de","priority":100,"lastUpdated":"2021-08-18 12:46:30","browserSupport":"gcsibv","minVersion":"3.0","maxVersion":"","inRepository":true}', 1262275200000]

zotero(3)(+0000007): Getting contents of E:\Kumiko\pythonProject\Zotero\tmp\zotero-0.6.0-smoke-data\translators\Talis Aspire.js

zotero(4)(+0000001): REPLACE INTO translatorCache VALUES (?, ?, ?) ['Talis Aspire.js', '{"translatorID":"f16931f0-372e-4197-8927-05d2ba7599d8","translatorType":4,"label":"Talis Aspire","creator":"Sebastian Karcher and Abe Jellinek","target":"^https?://([^/]+\\.)?(((my)?reading|resource|lib|cyprus|)lists|aspire\\.surrey|rl\\.talis)\\..+/(lists|items)/","priority":270,"lastUpdated":"2021-07-08 16:59:21","browserSupport":"gcsibv","minVersion":"3.0","maxVersion":"","inRepository":true}', 1262275200000]

zotero(3)(+0000007): Getting contents of E:\Kumiko\pythonProject\Zotero\tmp\zotero-0.6.0-smoke-data\translators\TalisPrism.js

zotero(4)(+0000013): REPLACE INTO translatorCache VALUES (?, ?, ?) ['TalisPrism.js', '{"translatorID":"53f8d182-4edc-4eab-b5a1-141698a20202","translatorType":4,"label":"TalisPrism","creator":"William Smith and Emma Reisz","target":"/TalisPrism/(browseResults|doSearch|doOpenURLSearch)","priority":100,"lastUpdated":"2014-02-27 23:48:15","browserSupport":"gcsbv","minVersion":"1.0.0b4.r5","maxVersion":"","inRepository":true}', 1262275200000]

zotero(3)(+0000007): Getting contents of E:\Kumiko\pythonProject\Zotero\tmp\zotero-0.6.0-smoke-data\translators\Tatknigafund.js

zotero(4)(+0000012): REPLACE INTO translatorCache VALUES (?, ?, ?) ['Tatknigafund.js', '{"translatorID":"f909cbda-2fac-4700-965f-6c0783b77eeb","translatorType":4,"label":"Tatknigafund","creator":"Avram Lyon","target":"^https?://www\\.tatknigafund\\.ru/books/","priority":100,"lastUpdated":"2012-08-06 19:23:07","browserSupport":"gcsibv","minVersion":"1.0.0b4.r1","maxVersion":"","inRepository":true}', 1262275200000]

zotero(3)(+0000007): Getting contents of E:\Kumiko\pythonProject\Zotero\tmp\zotero-0.6.0-smoke-data\translators\Tatpressa.ru.js

zotero(4)(+0000015): REPLACE INTO translatorCache VALUES (?, ?, ?) ['Tatpressa.ru.js', '{"translatorID":"d76d3c94-ad87-4698-9433-6e31d6b3bf68","translatorType":4,"label":"Tatpressa.ru","creator":"Avram Lyon","target":"^https?://(www\\.)?tatpressa\\.ru/","priority":100,"lastUpdated":"2017-01-01 16:04:06","browserSupport":"gcsibv","minVersion":"2.0","maxVersion":"","inRepository":true}', 1262275200000]

zotero(3)(+0000007): Getting contents of E:\Kumiko\pythonProject\Zotero\tmp\zotero-0.6.0-smoke-data\translators\Taylor & Francis eBooks.js

zotero(4)(+0000011): REPLACE INTO translatorCache VALUES (?, ?, ?) ['Taylor & Francis eBooks.js', '{"translatorID":"71f28f90-764a-42a8-8107-d87252da9b50","translatorType":4,"label":"Taylor & Francis eBooks","creator":"Abe Jellinek","target":"^https?://(www\\.)?taylorfrancis\\.com/(books|chapters|search)","priority":100,"lastUpdated":"2024-02-27 13:57:59","browserSupport":"gcsibv","minVersion":"3.0","maxVersion":"","inRepository":true}', 1262275200000]

zotero(3)(+0000006): Getting contents of E:\Kumiko\pythonProject\Zotero\tmp\zotero-0.6.0-smoke-data\translators\Taylor and Francis+NEJM.js

zotero(4)(+0000013): REPLACE INTO translatorCache VALUES (?, ?, ?) ['Taylor and Francis+NEJM.js', '{"translatorID":"dac476e4-401d-430a-8571-a97c31c3b65e","translatorType":4,"label":"Taylor and Francis+NEJM","creator":"Sebastian Karcher","target":"^https?://(www\\.)?(tandfonline\\.com|nejm\\.org)/","priority":100,"lastUpdated":"2024-12-03 15:37:21","browserSupport":"gcsibv","minVersion":"3.0","maxVersion":"","inRepository":true}', 1262275200000]

zotero(3)(+0000007): Getting contents of E:\Kumiko\pythonProject\Zotero\tmp\zotero-0.6.0-smoke-data\translators\taz.de.js

zotero(4)(+0000012): REPLACE INTO translatorCache VALUES (?, ?, ?) ['taz.de.js', '{"translatorID":"d84574f1-e4d6-4337-934f-bf9d01173bf0","translatorType":4,"label":"taz.de","creator":"Philipp Zumstein","target":"^https?://(www\\.)?taz\\.de","priority":100,"lastUpdated":"2017-07-10 16:55:04","browserSupport":"gcsibv","minVersion":"3.0","maxVersion":"","inRepository":true}', 1262275200000]

zotero(3)(+0000008): Getting contents of E:\Kumiko\pythonProject\Zotero\tmp\zotero-0.6.0-smoke-data\translators\TEI.js

zotero(4)(+0000012): REPLACE INTO translatorCache VALUES (?, ?, ?) ['TEI.js', '{"translatorID":"032ae9b7-ab90-9205-a479-baf81f49184a","translatorType":2,"label":"TEI","creator":"Stefan Majewski","target":"xml","priority":25,"lastUpdated":"2026-05-20 17:56:18","browserSupport":"g","minVersion":"4.0.27","maxVersion":"","inRepository":true,"configOptions":{"dataMode":"xml/dom","getCollections":"true"},"displayOptions":{"exportNotes":false,"Export Tags":false,"Generate XML IDs":true,"Full TEI Document":false,"Export Collections":false}}', 1262275200000]

zotero(3)(+0000008): Getting contents of E:\Kumiko\pythonProject\Zotero\tmp\zotero-0.6.0-smoke-data\translators\Tesis Doctorals en Xarxa.js

zotero(4)(+0000011): REPLACE INTO translatorCache VALUES (?, ?, ?) ['Tesis Doctorals en Xarxa.js', '{"translatorID":"dd2d7c63-0c4b-4da4-b1d8-e72c7445c1e0","translatorType":4,"label":"Tesis Doctorals en Xarxa","creator":"CSUC","target":"^https?://(www\\.)?(tdx\\.cat|tesisenred\\.net)","priority":100,"lastUpdated":"2017-03-11 20:42:11","browserSupport":"gcsibv","minVersion":"3.0","maxVersion":"","inRepository":true}', 1262275200000]

zotero(3)(+0000007): Getting contents of E:\Kumiko\pythonProject\Zotero\tmp\zotero-0.6.0-smoke-data\translators\The Art Newspaper.js

zotero(4)(+0000001): REPLACE INTO translatorCache VALUES (?, ?, ?) ['The Art Newspaper.js', '{"translatorID":"7ae2681a-185b-4724-8754-f046d96884c8","translatorType":4,"label":"The Art Newspaper","creator":"czar","target":"^https?://(www\\.)?theartnewspaper\\.com/","priority":100,"lastUpdated":"2021-08-13 20:38:46","browserSupport":"gcsibv","minVersion":"3.0","maxVersion":"","inRepository":true}', 1262275200000]

zotero(3)(+0000007): Getting contents of E:\Kumiko\pythonProject\Zotero\tmp\zotero-0.6.0-smoke-data\translators\The Atlantic.js

zotero(4)(+0000011): REPLACE INTO translatorCache VALUES (?, ?, ?) ['The Atlantic.js', '{"translatorID":"575ba37f-c871-4ee8-8bdb-3e7f954e4e6a","translatorType":4,"label":"The Atlantic","creator":"Sebastian Karcher","target":"^https://www\\.theatlantic\\.com/.+","priority":100,"lastUpdated":"2023-09-16 01:54:13","browserSupport":"gcsibv","minVersion":"5.0","maxVersion":"","inRepository":true}', 1262275200000]

zotero(3)(+0000007): Getting contents of E:\Kumiko\pythonProject\Zotero\tmp\zotero-0.6.0-smoke-data\translators\The Boston Globe.js

zotero(4)(+0000012): REPLACE INTO translatorCache VALUES (?, ?, ?) ['The Boston Globe.js', '{"translatorID":"1f245496-4c1b-406a-8641-d286b3888231","translatorType":4,"label":"The Boston Globe","creator":"Matthew Weymar","target":"^https?://(www\\.|search\\.|articles\\.|archive\\.)?boston(globe)?\\.com/","priority":100,"lastUpdated":"2026-04-14 00:00:00","browserSupport":"gcsibv","minVersion":"3.0","maxVersion":"","inRepository":true}', 1262275200000]

zotero(3)(+0000010): Getting contents of E:\Kumiko\pythonProject\Zotero\tmp\zotero-0.6.0-smoke-data\translators\The Chronicle of Higher Education.js

zotero(4)(+0000011): REPLACE INTO translatorCache VALUES (?, ?, ?) ['The Chronicle of Higher Education.js', '{"translatorID":"1e6d1529-246f-4429-84e2-1f1b180b250d","translatorType":4,"label":"The Chronicle of Higher Education","creator":"Simon Kornblith, Avram Lyon","target":"^https?://(www\\.)?chronicle\\.com/","priority":100,"lastUpdated":"2017-06-30 05:37:23","browserSupport":"gcsbv","minVersion":"2.1","maxVersion":"","inRepository":true}', 1262275200000]

zotero(3)(+0000006): Getting contents of E:\Kumiko\pythonProject\Zotero\tmp\zotero-0.6.0-smoke-data\translators\The Daily Beast.js

zotero(4)(+0000012): REPLACE INTO translatorCache VALUES (?, ?, ?) ['The Daily Beast.js', '{"translatorID":"3bdaeab1-2200-4e18-a68a-430d1cd50d21","translatorType":4,"label":"The Daily Beast","creator":"Philipp Zumstein","target":"^https?://(.*)thedailybeast\\.com","priority":100,"lastUpdated":"2017-06-30 06:10:12","browserSupport":"gcsibv","minVersion":"3.0","maxVersion":"","inRepository":true}', 1262275200000]

zotero(3)(+0000006): Getting contents of E:\Kumiko\pythonProject\Zotero\tmp\zotero-0.6.0-smoke-data\translators\The Economic Times - The Times of India.js

zotero(4)(+0000013): REPLACE INTO translatorCache VALUES (?, ?, ?) ['The Economic Times - The Times of India.js', '{"translatorID":"1a9a7ecf-01e9-4d5d-aa19-a7aa4010da83","translatorType":4,"label":"The Economic Times - The Times of India","creator":"Sonali Gupta, Sebastian Karcher","target":"^https?://(economictimes|timesofindia)\\.indiatimes\\.com","priority":100,"lastUpdated":"2021-10-12 19:47:11","browserSupport":"gcsibv","minVersion":"3.0","maxVersion":"","inRepository":true}', 1262275200000]

zotero(3)(+0000008): Getting contents of E:\Kumiko\pythonProject\Zotero\tmp\zotero-0.6.0-smoke-data\translators\The Economist.js

zotero(4)(+0000001): REPLACE INTO translatorCache VALUES (?, ?, ?) ['The Economist.js', '{"translatorID":"6ec8008d-b206-4a4c-8d0a-8ef33807703b","translatorType":4,"label":"The Economist","creator":"Michael Berkowitz","target":"^https?://(www\\.)?economist\\.com/","priority":100,"lastUpdated":"2020-10-31 11:08:32","browserSupport":"gcsibv","minVersion":"3.0","maxVersion":"","inRepository":true}', 1262275200000]

zotero(3)(+0000007): Getting contents of E:\Kumiko\pythonProject\Zotero\tmp\zotero-0.6.0-smoke-data\translators\The Free Dictionary.js

zotero(4)(+0000013): REPLACE INTO translatorCache VALUES (?, ?, ?) ['The Free Dictionary.js', '{"translatorID":"0c661209-5ec8-402b-8f18-7dec6ae37d95","translatorType":4,"label":"The Free Dictionary","creator":"Michael Berkowitz","target":"^https?://(.*\\.)?thefreedictionary\\.com/\\w+$","priority":100,"lastUpdated":"2017-07-10 15:21:32","browserSupport":"gcsbv","minVersion":"1.0.0b4.r5","maxVersion":"","inRepository":true}', 1262275200000]

zotero(3)(+0000008): Getting contents of E:\Kumiko\pythonProject\Zotero\tmp\zotero-0.6.0-smoke-data\translators\The Globe and Mail.js

zotero(4)(+0000011): REPLACE INTO translatorCache VALUES (?, ?, ?) ['The Globe and Mail.js', '{"translatorID":"e0234bcf-bc56-4577-aa94-fe86a27f6fd6","translatorType":4,"label":"The Globe and Mail","creator":"Sonali Gupta and Abe Jellinek","target":"^https?://www\\.theglobeandmail\\.com/","priority":100,"lastUpdated":"2021-07-14 21:43:14","browserSupport":"gcsibv","minVersion":"3.0","maxVersion":"","inRepository":true}', 1262275200000]

zotero(3)(+0000007): Getting contents of E:\Kumiko\pythonProject\Zotero\tmp\zotero-0.6.0-smoke-data\translators\The Guardian.js

zotero(4)(+0000012): REPLACE INTO translatorCache VALUES (?, ?, ?) ['The Guardian.js', '{"translatorID":"8e11559d-60f0-4a7f-bb91-99ac0c5a2d63","translatorType":4,"label":"The Guardian","creator":"Philipp Zumstein, Bao Trinh","target":"^https?://(www\\.)?(guardian\\.co\\.uk|theguardian\\.com)/","priority":100,"lastUpdated":"2021-09-13 21:32:27","browserSupport":"gcsibv","minVersion":"3.0","maxVersion":"","inRepository":true}', 1262275200000]

zotero(3)(+0000007): Getting contents of E:\Kumiko\pythonProject\Zotero\tmp\zotero-0.6.0-smoke-data\translators\The Hamilton Spectator.js

zotero(4)(+0000001): REPLACE INTO translatorCache VALUES (?, ?, ?) ['The Hamilton Spectator.js', '{"translatorID":"c9338ed5-b512-4967-8ffe-ab9c973559ef","translatorType":4,"label":"The Hamilton Spectator","creator":"Philipp Zumstein","target":"^https?://www\\.thespec\\.com","priority":100,"lastUpdated":"2017-07-10 15:23:44","browserSupport":"gcsibv","minVersion":"3.0","maxVersion":"","inRepository":true}', 1262275200000]

zotero(3)(+0000008): Getting contents of E:\Kumiko\pythonProject\Zotero\tmp\zotero-0.6.0-smoke-data\translators\The Hindu.js

zotero(4)(+0000011): REPLACE INTO translatorCache VALUES (?, ?, ?) ['The Hindu.js', '{"translatorID":"06142d59-fa9c-48c3-982b-6e7c67d3d6b8","translatorType":4,"label":"The Hindu","creator":"Philipp Zumstein","target":"^https?://www\\.thehindu\\.com/","priority":100,"lastUpdated":"2017-07-05 10:59:44","browserSupport":"gcsibv","minVersion":"3.0","maxVersion":"","inRepository":true}', 1262275200000]

zotero(3)(+0000007): Getting contents of E:\Kumiko\pythonProject\Zotero\tmp\zotero-0.6.0-smoke-data\translators\The Independent.js

zotero(4)(+0000001): REPLACE INTO translatorCache VALUES (?, ?, ?) ['The Independent.js', '{"translatorID":"274f2f78-82d6-40d9-a441-ec3935edc0a9","translatorType":4,"label":"The Independent","creator":"Laurence Stevens","target":"https?://(www\\.)?independent\\.co\\.uk","priority":100,"lastUpdated":"2024-03-05 08:09:46","browserSupport":"gcsibv","minVersion":"5.0","maxVersion":"","inRepository":true}', 1262275200000]

zotero(3)(+0000008): Getting contents of E:\Kumiko\pythonProject\Zotero\tmp\zotero-0.6.0-smoke-data\translators\The Intercept.js

zotero(4)(+0000012): REPLACE INTO translatorCache VALUES (?, ?, ?) ['The Intercept.js', '{"translatorID":"455fe24a-f7e8-4546-81d2-ad4f9aa10487","translatorType":4,"label":"The Intercept","creator":"czar","target":"^https?://(www\\.)?theintercept\\.com","priority":100,"lastUpdated":"2021-06-11 16:49:43","browserSupport":"gcsibv","minVersion":"3.0","maxVersion":"","inRepository":true}', 1262275200000]

zotero(3)(+0000006): Getting contents of E:\Kumiko\pythonProject\Zotero\tmp\zotero-0.6.0-smoke-data\translators\The Met.js

zotero(4)(+0000001): REPLACE INTO translatorCache VALUES (?, ?, ?) ['The Met.js', '{"translatorID":"72dbad15-cd1a-4d52-b2ed-7d67f909cada","translatorType":4,"label":"The Met","creator":"Aurimas Vinckevicius, Philipp Zumstein and contributors","target":"^https?://(?:www\\.)?metmuseum\\.org/art/collection","priority":100,"lastUpdated":"2025-11-06 16:00:28","browserSupport":"gcsibv","minVersion":"6.0","maxVersion":"","inRepository":true}', 1262275200000]

zotero(3)(+0000007): Getting contents of E:\Kumiko\pythonProject\Zotero\tmp\zotero-0.6.0-smoke-data\translators\The Microfinance Gateway.js

zotero(4)(+0000001): REPLACE INTO translatorCache VALUES (?, ?, ?) ['The Microfinance Gateway.js', '{"translatorID":"2cd7d362-5fba-423a-887f-579ed343e751","translatorType":4,"label":"The Microfinance Gateway","creator":"Philipp Zumstein","target":"^https?://(www\\.)?microfinancegateway\\.org/","priority":100,"lastUpdated":"2017-07-10 15:27:10","browserSupport":"gcsibv","minVersion":"3.0","maxVersion":"","inRepository":true}', 1262275200000]

zotero(3)(+0000007): Getting contents of E:\Kumiko\pythonProject\Zotero\tmp\zotero-0.6.0-smoke-data\translators\The Nation.js

zotero(4)(+0000013): REPLACE INTO translatorCache VALUES (?, ?, ?) ['The Nation.js', '{"translatorID":"0d6f8450-72e8-4d8f-bdc2-b7fa03e6f2c5","translatorType":4,"label":"The Nation","creator":"Philipp Zumstein","target":"^https?://www\\.thenation\\.com/","priority":100,"lastUpdated":"2017-07-01 20:37:00","browserSupport":"gcsibv","minVersion":"3.0","maxVersion":"","inRepository":true}', 1262275200000]

zotero(3)(+0000006): Getting contents of E:\Kumiko\pythonProject\Zotero\tmp\zotero-0.6.0-smoke-data\translators\The National Archives (UK).js

zotero(4)(+0000012): REPLACE INTO translatorCache VALUES (?, ?, ?) ['The National Archives (UK).js', '{"translatorID":"229d4678-4fa0-44f8-95c4-f4cfdb9b254c","translatorType":4,"label":"The National Archives (UK)","creator":"Sebastian Karcher and Abe Jellinek","target":"^https?://discovery\\.nationalarchives\\.gov\\.uk/","priority":100,"lastUpdated":"2021-08-12 20:12:57","browserSupport":"gcsibv","minVersion":"3.0","maxVersion":"","inRepository":true}', 1262275200000]

zotero(3)(+0000008): Getting contents of E:\Kumiko\pythonProject\Zotero\tmp\zotero-0.6.0-smoke-data\translators\The New Republic.js

zotero(4)(+0000013): REPLACE INTO translatorCache VALUES (?, ?, ?) ['The New Republic.js', '{"translatorID":"1bfb4748-3925-4de6-bcb4-5de2967f6d3f","translatorType":4,"label":"The New Republic","creator":"Sebastian Karcher","target":"^https?://(www\\.)?newrepublic\\.com/","priority":100,"lastUpdated":"2017-07-01 21:10:41","browserSupport":"gcsibv","minVersion":"3.0","maxVersion":"","inRepository":true}', 1262275200000]

zotero(3)(+0000008): Getting contents of E:\Kumiko\pythonProject\Zotero\tmp\zotero-0.6.0-smoke-data\translators\The New York Review of Books.js

zotero(4)(+0000012): REPLACE INTO translatorCache VALUES (?, ?, ?) ['The New York Review of Books.js', '{"translatorID":"4c164cc8-be7b-4d02-bfbf-37a5622dfd56","translatorType":4,"label":"The New York Review of Books","creator":"Philipp Zumstein","target":"^https?://www\\.nybooks\\.com/","priority":100,"lastUpdated":"2023-08-03 11:23:30","browserSupport":"gcsibv","minVersion":"6.0","maxVersion":"","inRepository":true}', 1262275200000]

zotero(3)(+0000007): Getting contents of E:\Kumiko\pythonProject\Zotero\tmp\zotero-0.6.0-smoke-data\translators\The New Yorker.js

zotero(4)(+0000011): REPLACE INTO translatorCache VALUES (?, ?, ?) ['The New Yorker.js', '{"translatorID":"0fba73bf-f113-4d36-810f-2c654fa985fb","translatorType":4,"label":"The New Yorker","creator":"Philipp Zumstein and Abe Jellinek","target":"^https?://www\\.newyorker\\.com/","priority":100,"lastUpdated":"2022-01-20 11:53:09","browserSupport":"gcsibv","minVersion":"3.0","maxVersion":"","inRepository":true}', 1262275200000]

zotero(3)(+0000007): Getting contents of E:\Kumiko\pythonProject\Zotero\tmp\zotero-0.6.0-smoke-data\translators\The Open Library.js

zotero(4)(+0000001): REPLACE INTO translatorCache VALUES (?, ?, ?) ['The Open Library.js', '{"translatorID":"96b54986-16c7-45ea-b296-fde962d658b2","translatorType":4,"label":"The Open Library","creator":"Sebastian Karcher","target":"^https?://openlibrary\\.org","priority":100,"lastUpdated":"2017-05-25 13:52:51","browserSupport":"gcsbv","minVersion":"3.0","maxVersion":"","inRepository":true}', 1262275200000]

zotero(3)(+0000008): Getting contents of E:\Kumiko\pythonProject\Zotero\tmp\zotero-0.6.0-smoke-data\translators\The Straits Times.js

zotero(4)(+0000012): REPLACE INTO translatorCache VALUES (?, ?, ?) ['The Straits Times.js', '{"translatorID":"2de01dfe-9572-4775-bf7e-6b55c95d60b0","translatorType":4,"label":"The Straits Times","creator":"Robert Sim","target":"^https?:\\/\\/(www.)?straitstimes.com\\/","priority":100,"lastUpdated":"2022-01-23 22:08:18","browserSupport":"gcsibv","minVersion":"3.0","maxVersion":"","inRepository":true}', 1262275200000]

zotero(3)(+0000008): Getting contents of E:\Kumiko\pythonProject\Zotero\tmp\zotero-0.6.0-smoke-data\translators\The Telegraph.js

zotero(4)(+0000011): REPLACE INTO translatorCache VALUES (?, ?, ?) ['The Telegraph.js', '{"translatorID":"40b9ca22-8df4-4f3b-9cb6-8f9b55486d30","translatorType":4,"label":"The Telegraph","creator":"Philipp Zumstein","target":"^https?://[^/]*telegraph\\.co\\.uk/","priority":100,"lastUpdated":"2019-06-10 22:56:17","browserSupport":"gcsibv","minVersion":"3.0","maxVersion":"","inRepository":true}', 1262275200000]

zotero(3)(+0000006): Getting contents of E:\Kumiko\pythonProject\Zotero\tmp\zotero-0.6.0-smoke-data\translators\The Times and Sunday Times.js

zotero(4)(+0000011): REPLACE INTO translatorCache VALUES (?, ?, ?) ['The Times and Sunday Times.js', '{"translatorID":"53f8d182-4edc-4eab-b5a1-141698a10101","translatorType":4,"label":"The Times and Sunday Times","creator":"Philipp Zumstein","target":"^https?://www\\.thetimes\\.co\\.uk/","priority":100,"lastUpdated":"2019-06-10 22:58:10","browserSupport":"gcsibv","minVersion":"3.0","maxVersion":"","inRepository":true}', 1262275200000]

zotero(3)(+0000007): Getting contents of E:\Kumiko\pythonProject\Zotero\tmp\zotero-0.6.0-smoke-data\translators\The Times of Israel.js

zotero(4)(+0000011): REPLACE INTO translatorCache VALUES (?, ?, ?) ['The Times of Israel.js', '{"translatorID":"bd3fc4f7-e8ed-49b5-a243-f3c3ab514a5e","translatorType":4,"label":"The Times of Israel","creator":"Bardi Harborow","target":"https?://(www\\.)?timesofisrael\\.com/","priority":100,"lastUpdated":"2025-05-08 16:30:30","browserSupport":"gcsibv","minVersion":"3.0","maxVersion":"","inRepository":true}', 1262275200000]

zotero(3)(+0000006): Getting contents of E:\Kumiko\pythonProject\Zotero\tmp\zotero-0.6.0-smoke-data\translators\TheMarker.js

zotero(4)(+0000011): REPLACE INTO translatorCache VALUES (?, ?, ?) ['TheMarker.js', '{"translatorID":"b2d61bb5-5b21-41b7-9c83-1abcbf14639b","translatorType":4,"label":"TheMarker","creator":"Eran Rosenthal","target":"^https?://www\\.themarker\\.com/","priority":100,"lastUpdated":"2017-07-03 10:47:30","browserSupport":"gcsibv","minVersion":"3.0","maxVersion":"","inRepository":true}', 1262275200000]

zotero(3)(+0000007): Getting contents of E:\Kumiko\pythonProject\Zotero\tmp\zotero-0.6.0-smoke-data\translators\Theory of Computing.js

zotero(4)(+0000011): REPLACE INTO translatorCache VALUES (?, ?, ?) ['Theory of Computing.js', '{"translatorID":"558babe7-5fca-47ea-af0f-2d9bb5bc5e53","translatorType":4,"label":"Theory of Computing","creator":"Piyush Srivastava","target":"^https?://(theoryofcomputing\\.org|toc\\.cse\\.iitk\\.ac\\.in|www\\.cims\\.nyu\\.edu/~regev/toc|toc\\.ilab\\.sztaki\\.hu|toc\\.nada\\.kth\\.se|tocmirror\\.cs\\.tau\\.ac\\.il)/articles/[vg].*(/|html?)$","priority":100,"lastUpdated":"2019-06-10 22:52:50","browserSupport":"gcv","minVersion":"1.0","maxVersion":"","inRepository":true}', 1262275200000]

zotero(3)(+0000008): Getting contents of E:\Kumiko\pythonProject\Zotero\tmp\zotero-0.6.0-smoke-data\translators\ThesesFR.js

zotero(4)(+0000011): REPLACE INTO translatorCache VALUES (?, ?, ?) ['ThesesFR.js', '{"translatorID":"3f73f0aa-f91c-4192-b0d5-907312876cb9","translatorType":4,"label":"ThesesFR","creator":"TFU, Mathis EON","target":"^https?://(www\\.)?theses\\.fr/([a-z]{2}/)?((s\\d+|\\d{4}.{8}|\\d{8}X|\\d{9})(?!\\.(rdf|xml)$)|resultats)","priority":100,"lastUpdated":"2025-09-11 15:43:56","browserSupport":"gcsibv","minVersion":"3.0","maxVersion":"","inRepository":true}', 1262275200000]

zotero(3)(+0000007): Getting contents of E:\Kumiko\pythonProject\Zotero\tmp\zotero-0.6.0-smoke-data\translators\Thieme.js

zotero(4)(+0000012): REPLACE INTO translatorCache VALUES (?, ?, ?) ['Thieme.js', '{"translatorID":"abb72b5b-f807-4ff5-a324-ae1afea8a95a","translatorType":4,"label":"Thieme","creator":"Philipp Zumstein","target":"^https?://(www\\.)?thieme-connect\\.com/products/","priority":100,"lastUpdated":"2019-06-10 22:59:37","browserSupport":"gcsibv","minVersion":"3.0","maxVersion":"","inRepository":true}', 1262275200000]

zotero(3)(+0000006): Getting contents of E:\Kumiko\pythonProject\Zotero\tmp\zotero-0.6.0-smoke-data\translators\Time.com.js

zotero(4)(+0000012): REPLACE INTO translatorCache VALUES (?, ?, ?) ['Time.com.js', '{"translatorID":"d9be934c-edb9-490c-a88d-34e2ee106cd7","translatorType":4,"label":"Time.com","creator":"Michael Berkowitz","target":"^https?://([^/]*\\.)?time\\.com/","priority":100,"lastUpdated":"2019-10-06 18:12:01","browserSupport":"gcsv","minVersion":"3.0","maxVersion":"","inRepository":true}', 1262275200000]

zotero(3)(+0000007): Getting contents of E:\Kumiko\pythonProject\Zotero\tmp\zotero-0.6.0-smoke-data\translators\TimesMachine.js

zotero(4)(+0000001): REPLACE INTO translatorCache VALUES (?, ?, ?) ['TimesMachine.js', '{"translatorID":"86c3832a-ccc6-40ab-b5e9-83892423df11","translatorType":4,"label":"TimesMachine","creator":"Abe Jellinek, Sebastian Karcher","target":"^https?://timesmachine\\.nytimes\\.com/timesmachine/","priority":100,"lastUpdated":"2024-03-26 18:04:55","browserSupport":"gcsibv","minVersion":"3.0","maxVersion":"","inRepository":true}', 1262275200000]

zotero(3)(+0000007): Getting contents of E:\Kumiko\pythonProject\Zotero\tmp\zotero-0.6.0-smoke-data\translators\Tony Blair Institute for Global Change.js

zotero(4)(+0000010): REPLACE INTO translatorCache VALUES (?, ?, ?) ['Tony Blair Institute for Global Change.js', '{"translatorID":"0b79daa9-96c3-4c75-9e5b-359d02e8f07d","translatorType":4,"label":"Tony Blair Institute for Global Change","creator":"Abe Jellinek","target":"^https://institute\\.global/","priority":100,"lastUpdated":"2021-08-02 22:24:49","browserSupport":"gcsibv","minVersion":"3.0","maxVersion":"","inRepository":true}', 1262275200000]

zotero(3)(+0000008): Getting contents of E:\Kumiko\pythonProject\Zotero\tmp\zotero-0.6.0-smoke-data\translators\Toronto Star.js

zotero(4)(+0000012): REPLACE INTO translatorCache VALUES (?, ?, ?) ['Toronto Star.js', '{"translatorID":"6b0b11a6-9b77-4b49-b768-6b715792aa37","translatorType":4,"label":"Toronto Star","creator":"Philipp Zumstein, Bao Trinh","target":"^https?://www\\.thestar\\.com/","priority":100,"lastUpdated":"2025-10-07 15:39:05","browserSupport":"gcsibv","minVersion":"3.0","maxVersion":"","inRepository":true}', 1262275200000]

zotero(3)(+0000007): Getting contents of E:\Kumiko\pythonProject\Zotero\tmp\zotero-0.6.0-smoke-data\translators\Transportation Research Board.js

zotero(4)(+0000012): REPLACE INTO translatorCache VALUES (?, ?, ?) ['Transportation Research Board.js', '{"translatorID":"a1a5a46b-62e1-49ef-8874-ca07ada35c3a","translatorType":4,"label":"Transportation Research Board","creator":"Abe Jellinek","target":"^https?://(www|trid)\\.trb\\.org/","priority":100,"lastUpdated":"2022-12-12 20:11:41","browserSupport":"gcsibv","minVersion":"3.0","maxVersion":"","inRepository":true}', 1262275200000]

zotero(3)(+0000006): Getting contents of E:\Kumiko\pythonProject\Zotero\tmp\zotero-0.6.0-smoke-data\translators\Treesearch.js

zotero(4)(+0000012): REPLACE INTO translatorCache VALUES (?, ?, ?) ['Treesearch.js', '{"translatorID":"4ee9dc8f-66d3-4c18-984b-6335408a24af","translatorType":4,"label":"Treesearch","creator":"Aurimas Vinckevicius","target":"^https?://([^/]+\\.)?treesearch\\.fs\\.fed\\.us/(pubs/\\d+$|search\\.php)","priority":100,"lastUpdated":"2021-06-07 23:05:56","browserSupport":"gcsibv","minVersion":"3.0","maxVersion":"","inRepository":true}', 1262275200000]

zotero(3)(+0000006): Getting contents of E:\Kumiko\pythonProject\Zotero\tmp\zotero-0.6.0-smoke-data\translators\Trove.js

zotero(4)(+0000013): REPLACE INTO translatorCache VALUES (?, ?, ?) ['Trove.js', '{"translatorID":"8efcb7cb-4180-4555-969a-08e8b34066c4","translatorType":4,"label":"Trove","creator":"Tim Sherratt and Abe Jellinek","target":"^https?://trove\\.nla\\.gov\\.au/(?:newspaper|gazette|work|book|article|picture|music|map|collection|search)/","priority":100,"lastUpdated":"2025-01-27 20:40:35","browserSupport":"gcsibv","minVersion":"3.0","maxVersion":"","inRepository":true}', 1262275200000]

zotero(3)(+0000008): Getting contents of E:\Kumiko\pythonProject\Zotero\tmp\zotero-0.6.0-smoke-data\translators\Tumblr.js

zotero(4)(+0000012): REPLACE INTO translatorCache VALUES (?, ?, ?) ['Tumblr.js', '{"translatorID":"552cdac3-f130-4763-a88e-8e74b92dcb1b","translatorType":4,"label":"Tumblr","creator":"febrezo","target":"^https?://[^/]+\\.tumblr\\.com/","priority":100,"lastUpdated":"2021-06-01 23:04:10","browserSupport":"gcsibv","minVersion":"3.0","maxVersion":"","inRepository":true}', 1262275200000]

zotero(3)(+0000008): Getting contents of E:\Kumiko\pythonProject\Zotero\tmp\zotero-0.6.0-smoke-data\translators\TV by the Numbers.js

zotero(4)(+0000011): REPLACE INTO translatorCache VALUES (?, ?, ?) ['TV by the Numbers.js', '{"translatorID":"180a62bf-efdd-4d38-8d85-8971af04dd85","translatorType":4,"label":"TV by the Numbers","creator":"Sonali Gupta","target":"^https?://tvbythenumbers\\.zap2it\\.com/","priority":100,"lastUpdated":"2019-04-07 20:02:00","browserSupport":"gcsibv","minVersion":"3.0","maxVersion":"","inRepository":true}', 1262275200000]

zotero(3)(+0000007): Getting contents of E:\Kumiko\pythonProject\Zotero\tmp\zotero-0.6.0-smoke-data\translators\TVNZ.js

zotero(4)(+0000001): REPLACE INTO translatorCache VALUES (?, ?, ?) ['TVNZ.js', '{"translatorID":"649c2836-a94d-4bbe-8e28-6771f283702f","translatorType":4,"label":"TVNZ","creator":"Philipp Zumstein","target":"^https?://(www\\.)?tvnz\\.co\\.nz/one-news/","priority":100,"lastUpdated":"2019-04-07 18:10:37","browserSupport":"gcsibv","minVersion":"3.0","maxVersion":"","inRepository":true}', 1262275200000]

zotero(3)(+0000007): Getting contents of E:\Kumiko\pythonProject\Zotero\tmp\zotero-0.6.0-smoke-data\translators\Twitter.js

zotero(4)(+0000013): REPLACE INTO translatorCache VALUES (?, ?, ?) ['Twitter.js', '{"translatorID":"31659710-d04e-45d0-84ba-8e3f5afc4a54","translatorType":4,"label":"Twitter","creator":"Bo An, Dan Stillman","target":"^https?://([^/]+\\.)?(twitter|x)\\.com/","priority":100,"lastUpdated":"2024-05-24 17:08:12","browserSupport":"gcsibv","minVersion":"4.0","maxVersion":"","inRepository":true}', 1262275200000]

zotero(3)(+0000006): Getting contents of E:\Kumiko\pythonProject\Zotero\tmp\zotero-0.6.0-smoke-data\translators\Ubiquity Journals.js

zotero(4)(+0000011): REPLACE INTO translatorCache VALUES (?, ?, ?) ['Ubiquity Journals.js', '{"translatorID":"5c11e3bd-caf5-4da6-95d8-e67c57929098","translatorType":4,"label":"Ubiquity Journals","creator":"Sebastian Karcher","target":"^https?://[^/]+(/articles/10\\.\\d{4,9}/[-._;()/:a-z0-9A-Z]+|/articles/?$|/\\d+/volume/\\d+/issue/\\d+)","priority":250,"lastUpdated":"2021-07-12 18:01:40","browserSupport":"gcsibv","minVersion":"3.0","maxVersion":"","inRepository":true}', 1262275200000]

zotero(3)(+0000011): Getting contents of E:\Kumiko\pythonProject\Zotero\tmp\zotero-0.6.0-smoke-data\translators\UChicago VuFind.js

zotero(4)(+0000011): REPLACE INTO translatorCache VALUES (?, ?, ?) ['UChicago VuFind.js', '{"translatorID":"f9052879-ab4c-4056-84b4-e963dd98cb5d","translatorType":4,"label":"UChicago VuFind","creator":"Matt Teichman","target":"^https?://([^/]+\\.)?lib\\.uchicago\\.edu/","priority":100,"lastUpdated":"2022-08-17 20:16:09","browserSupport":"gcsibv","minVersion":"5.0","maxVersion":"","inRepository":true}', 1262275200000]

zotero(3)(+0000008): Getting contents of E:\Kumiko\pythonProject\Zotero\tmp\zotero-0.6.0-smoke-data\translators\unAPI.js

zotero(4)(+0000012): REPLACE INTO translatorCache VALUES (?, ?, ?) ['unAPI.js', '{"translatorID":"e7e01cac-1e37-4da6-b078-a0e8343b0e98","translatorType":4,"label":"unAPI","creator":"Simon Kornblith","target":"","priority":300,"lastUpdated":"2019-06-10 23:11:21","browserSupport":"gcsbv","minVersion":"2.1","maxVersion":"","inRepository":true}', 1262275200000]

zotero(3)(+0000009): Getting contents of E:\Kumiko\pythonProject\Zotero\tmp\zotero-0.6.0-smoke-data\translators\University of California Press Books.js

zotero(4)(+0000011): REPLACE INTO translatorCache VALUES (?, ?, ?) ['University of California Press Books.js', '{"translatorID":"f27b5031-01fb-4f14-8829-6748f819eac4","translatorType":4,"label":"University of California Press Books","creator":"Abe Jellinek","target":"^https://www\\.ucpress\\.edu/(book/|search\\.php\\?)","priority":100,"lastUpdated":"2021-06-29 06:45:51","browserSupport":"gcsibv","minVersion":"3.0","maxVersion":"","inRepository":true}', 1262275200000]

zotero(3)(+0000009): Getting contents of E:\Kumiko\pythonProject\Zotero\tmp\zotero-0.6.0-smoke-data\translators\University of Chicago Press Books.js

zotero(4)(+0000012): REPLACE INTO translatorCache VALUES (?, ?, ?) ['University of Chicago Press Books.js', '{"translatorID":"2f22b2a9-91c4-4555-8480-792b6551a381","translatorType":4,"label":"University of Chicago Press Books","creator":"Sebastian Karcher","target":"^https?://(www\\.)?press\\.uchicago\\.edu/(ucp/books/|press/search.html)","priority":100,"lastUpdated":"2021-12-07 08:14:56","browserSupport":"gcsibv","minVersion":"3.0","maxVersion":"","inRepository":true}', 1262275200000]

zotero(3)(+0000009): Getting contents of E:\Kumiko\pythonProject\Zotero\tmp\zotero-0.6.0-smoke-data\translators\University of Wisconsin-Madison Libraries Catalog.js

zotero(4)(+0000014): REPLACE INTO translatorCache VALUES (?, ?, ?) ['University of Wisconsin-Madison Libraries Catalog.js', '{"translatorID":"66782e6a-a8db-4ed2-9a4f-ce4b30372e22","translatorType":4,"label":"University of Wisconsin-Madison Libraries Catalog","creator":"Philipp Zumstein","target":"^https://search\\.library\\.wisc\\.edu/(catalog|search)/","priority":100,"lastUpdated":"2022-05-31 01:20:34","browserSupport":"gcsibv","minVersion":"3.0","maxVersion":"","inRepository":true}', 1262275200000]

zotero(3)(+0000011): Getting contents of E:\Kumiko\pythonProject\Zotero\tmp\zotero-0.6.0-smoke-data\translators\University Press Scholarship.js

zotero(4)(+0000012): REPLACE INTO translatorCache VALUES (?, ?, ?) ['University Press Scholarship.js', '{"translatorID":"f098a2db-6bfc-49ef-a6d7-9fc84f3c868c","translatorType":4,"label":"University Press Scholarship","creator":"Abe Jellinek","target":"^https?://[^/]+\\.universitypressscholarship\\.com/","priority":100,"lastUpdated":"2021-07-06 21:55:30","browserSupport":"gcsibv","minVersion":"3.0","maxVersion":"","inRepository":true}', 1262275200000]

zotero(3)(+0000008): Getting contents of E:\Kumiko\pythonProject\Zotero\tmp\zotero-0.6.0-smoke-data\translators\Unqualified Dublin Core RDF.js

zotero(4)(+0000010): REPLACE INTO translatorCache VALUES (?, ?, ?) ['Unqualified Dublin Core RDF.js', '{"translatorID":"6e372642-ed9d-4934-b5d1-c11ac758ebb7","translatorType":2,"label":"Unqualified Dublin Core RDF","creator":"Simon Kornblith","target":"rdf","priority":100,"lastUpdated":"2019-06-11 13:33:25","browserSupport":"g","minVersion":"1.0.0b3.r1","maxVersion":"","inRepository":true,"configOptions":{"dataMode":"rdf/xml"}}', 1262275200000]

zotero(3)(+0000007): Getting contents of E:\Kumiko\pythonProject\Zotero\tmp\zotero-0.6.0-smoke-data\translators\UNZ Print Archive.js

zotero(4)(+0000012): REPLACE INTO translatorCache VALUES (?, ?, ?) ['UNZ Print Archive.js', '{"translatorID":"0754db60-3ad1-49e0-8e3f-f4e1210c756c","translatorType":4,"label":"UNZ Print Archive","creator":"czar","target":"^https?://(www\\.)?unz\\.com/print","priority":100,"lastUpdated":"2021-07-23 03:39:49","browserSupport":"gcsibv","minVersion":"3.0","maxVersion":"","inRepository":true}', 1262275200000]

zotero(3)(+0000007): Getting contents of E:\Kumiko\pythonProject\Zotero\tmp\zotero-0.6.0-smoke-data\translators\UPCommons.js

zotero(4)(+0000001): REPLACE INTO translatorCache VALUES (?, ?, ?) ['UPCommons.js', '{"translatorID":"0abd577b-ec45-4e9f-9081-448737e2fd34","translatorType":4,"label":"UPCommons","creator":"Sebastian Karcher, Philipp Zumstein","target":"^https?://upcommons\\.upc\\.edu","priority":100,"lastUpdated":"2019-06-11 13:35:57","browserSupport":"gcsibv","minVersion":"3.0","maxVersion":"","inRepository":true}', 1262275200000]

zotero(3)(+0000007): Getting contents of E:\Kumiko\pythonProject\Zotero\tmp\zotero-0.6.0-smoke-data\translators\UpToDate References.js

zotero(4)(+0000012): REPLACE INTO translatorCache VALUES (?, ?, ?) ['UpToDate References.js', '{"translatorID":"70dc2609-d6fd-415a-822c-a2c04293cb5a","translatorType":4,"label":"UpToDate References","creator":"Sebastian Karcher","target":"^https?://www\\.uptodate\\.com/contents/","priority":100,"lastUpdated":"2019-06-11 13:44:39","browserSupport":"gcv","minVersion":"3.0","maxVersion":"","inRepository":true}', 1262275200000]

zotero(3)(+0000007): Getting contents of E:\Kumiko\pythonProject\Zotero\tmp\zotero-0.6.0-smoke-data\translators\US National Archives Research Catalog.js

zotero(4)(+0000001): REPLACE INTO translatorCache VALUES (?, ?, ?) ['US National Archives Research Catalog.js', '{"translatorID":"f8b5501a-1acc-4ffa-a0a5-594add5e6bd3","translatorType":4,"label":"US National Archives Research Catalog","creator":"Philipp Zumstein","target":"^https?://catalog\\.archives\\.gov/","priority":100,"lastUpdated":"2025-03-20 15:44:13","browserSupport":"gcsibv","minVersion":"3.0","maxVersion":"","inRepository":true}', 1262275200000]

zotero(3)(+0000008): Getting contents of E:\Kumiko\pythonProject\Zotero\tmp\zotero-0.6.0-smoke-data\translators\USENIX.js

zotero(4)(+0000011): REPLACE INTO translatorCache VALUES (?, ?, ?) ['USENIX.js', '{"translatorID":"b97462fa-f20b-4a1e-8a73-3a434a81518b","translatorType":4,"label":"USENIX","creator":"Tim Leonhard Storm","target":"^https://www\\.usenix\\.org/conference/.*/presentation","priority":100,"lastUpdated":"2025-07-29 16:45:18","browserSupport":"gcsibv","minVersion":"5.0","maxVersion":"","inRepository":true}', 1262275200000]

zotero(3)(+0000009): Getting contents of E:\Kumiko\pythonProject\Zotero\tmp\zotero-0.6.0-smoke-data\translators\Vanity Fair.js

zotero(4)(+0000011): REPLACE INTO translatorCache VALUES (?, ?, ?) ['Vanity Fair.js', '{"translatorID":"62f46e1a-4c40-4dbb-82aa-71cdeb14f1bc","translatorType":4,"label":"Vanity Fair","creator":"Sebastian Karcher","target":"^https?://www\\.vanityfair\\.com/","priority":100,"lastUpdated":"2021-08-13 22:24:07","browserSupport":"gcsibv","minVersion":"1.0","maxVersion":"","inRepository":true}', 1262275200000]

zotero(3)(+0000007): Getting contents of E:\Kumiko\pythonProject\Zotero\tmp\zotero-0.6.0-smoke-data\translators\Verniana-Jules Verne Studies.js

zotero(4)(+0000011): REPLACE INTO translatorCache VALUES (?, ?, ?) ['Verniana-Jules Verne Studies.js', '{"translatorID":"cdf8269c-86b9-4039-9bc4-9d998c67740e","translatorType":4,"label":"Verniana-Jules Verne Studies","creator":"Aurimas Vinckevicius, Emiliano Heyns","target":"^https?://[^/]*verniana\\.org(:\\d+)?/volumes/\\d+/","priority":100,"lastUpdated":"2019-06-17 13:39:01","browserSupport":"gcsibv","minVersion":"2.1.9","maxVersion":"","inRepository":true}', 1262275200000]

zotero(3)(+0000007): Getting contents of E:\Kumiko\pythonProject\Zotero\tmp\zotero-0.6.0-smoke-data\translators\Verso Books.js

zotero(4)(+0000011): REPLACE INTO translatorCache VALUES (?, ?, ?) ['Verso Books.js', '{"translatorID":"bc517bd2-4835-4621-b775-917253bec93a","translatorType":4,"label":"Verso Books","creator":"Bo An","target":"^https?://(www\\.)?versobooks\\.com/books/","priority":100,"lastUpdated":"2021-06-30 18:30:46","browserSupport":"gcsibv","minVersion":"3.0","maxVersion":"","inRepository":true}', 1262275200000]

zotero(3)(+0000006): Getting contents of E:\Kumiko\pythonProject\Zotero\tmp\zotero-0.6.0-smoke-data\translators\Vice.js

zotero(4)(+0000012): REPLACE INTO translatorCache VALUES (?, ?, ?) ['Vice.js', '{"translatorID":"131310dc-854c-4629-acad-521319ab9f19","translatorType":4,"label":"Vice","creator":"czar","target":"^https?://(.+?\\.)?vice\\.com/","priority":100,"lastUpdated":"2022-01-03 23:13:44","browserSupport":"gcsibv","minVersion":"3.0","maxVersion":"","inRepository":true}', 1262275200000]

zotero(3)(+0000007): Getting contents of E:\Kumiko\pythonProject\Zotero\tmp\zotero-0.6.0-smoke-data\translators\Victoria & Albert Museum.js

zotero(4)(+0000012): REPLACE INTO translatorCache VALUES (?, ?, ?) ['Victoria & Albert Museum.js', '{"translatorID":"56fc13bf-411f-4409-9a61-3d334d76763b","translatorType":4,"label":"Victoria & Albert Museum","creator":"Richard Palmer - V&A Digital Media & Publishing","target":"^https?://collections\\.vam\\.ac\\.uk","priority":100,"lastUpdated":"2022-04-29 19:15:08","browserSupport":"gcsibv","minVersion":"3.0","maxVersion":"","inRepository":true}', 1262275200000]

zotero(3)(+0000007): Getting contents of E:\Kumiko\pythonProject\Zotero\tmp\zotero-0.6.0-smoke-data\translators\Vimeo.js

zotero(4)(+0000001): REPLACE INTO translatorCache VALUES (?, ?, ?) ['Vimeo.js', '{"translatorID":"1b0ffe71-1c2f-4a79-b894-40b990b3e491","translatorType":4,"label":"Vimeo","creator":"Sebastian Karcher","target":"^https?://(www\\.)?vimeo\\.com","priority":100,"lastUpdated":"2019-06-11 13:37:31","browserSupport":"gcsibv","minVersion":"3.0","maxVersion":"","inRepository":true}', 1262275200000]

zotero(3)(+0000007): Getting contents of E:\Kumiko\pythonProject\Zotero\tmp\zotero-0.6.0-smoke-data\translators\VoxEU.js

zotero(4)(+0000001): REPLACE INTO translatorCache VALUES (?, ?, ?) ['VoxEU.js', '{"translatorID":"508e8fb9-8a33-4095-844f-133cba7e7b54","translatorType":4,"label":"VoxEU","creator":"Sebastian Karcher","target":"^https?://(www\\.)?voxeu\\.org","priority":100,"lastUpdated":"2019-06-12 14:39:41","browserSupport":"gcsibv","minVersion":"1.0","maxVersion":"","inRepository":true}', 1262275200000]

zotero(3)(+0000007): Getting contents of E:\Kumiko\pythonProject\Zotero\tmp\zotero-0.6.0-smoke-data\translators\Wall Street Journal.js

zotero(4)(+0000011): REPLACE INTO translatorCache VALUES (?, ?, ?) ['Wall Street Journal.js', '{"translatorID":"53f8d182-4edc-4eab-b5a1-141698a1303b","translatorType":4,"label":"Wall Street Journal","creator":"Philipp Zumstein","target":"^https?://(online|blogs|www)?\\.wsj\\.com/","priority":100,"lastUpdated":"2025-10-07 13:31:42","browserSupport":"gcsibv","minVersion":"3.0","maxVersion":"","inRepository":true}', 1262275200000]

zotero(3)(+0000007): Getting contents of E:\Kumiko\pythonProject\Zotero\tmp\zotero-0.6.0-smoke-data\translators\Wanfang Data.js

zotero(4)(+0000013): REPLACE INTO translatorCache VALUES (?, ?, ?) ['Wanfang Data.js', '{"translatorID":"eb876bd2-644c-458e-8d05-bf54b10176f3","translatorType":4,"label":"Wanfang Data","creator":"Ace Strong <acestrong@gmail.com>","target":"^https?://[ds]\\.(g\\.)?wanfangdata\\.com\\.cn","priority":100,"lastUpdated":"2019-06-10 22:46:01","browserSupport":"gcs","minVersion":"2.0rc1","maxVersion":"","inRepository":true}', 1262275200000]

zotero(3)(+0000008): Getting contents of E:\Kumiko\pythonProject\Zotero\tmp\zotero-0.6.0-smoke-data\translators\Washington Monthly.js

zotero(4)(+0000011): REPLACE INTO translatorCache VALUES (?, ?, ?) ['Washington Monthly.js', '{"translatorID":"e623eec7-ad54-4201-b709-654bf3fd7f70","translatorType":4,"label":"Washington Monthly","creator":"Philipp Zumstein","target":"^https?://(www\\.)?washingtonmonthly\\.com","priority":100,"lastUpdated":"2019-06-10 22:51:06","browserSupport":"gcsibv","minVersion":"3.0","maxVersion":"","inRepository":true}', 1262275200000]

zotero(3)(+0000007): Getting contents of E:\Kumiko\pythonProject\Zotero\tmp\zotero-0.6.0-smoke-data\translators\Washington Post.js

zotero(4)(+0000013): REPLACE INTO translatorCache VALUES (?, ?, ?) ['Washington Post.js', '{"translatorID":"d1bf1c29-4432-4ada-8893-2e29fc88fd9e","translatorType":4,"label":"Washington Post","creator":"Philipp Zumstein","target":"^https?://www\\.washingtonpost\\.com/","priority":100,"lastUpdated":"2025-01-27 20:23:38","browserSupport":"gcsibv","minVersion":"3.0","maxVersion":"","inRepository":true}', 1262275200000]

zotero(3)(+0000007): Getting contents of E:\Kumiko\pythonProject\Zotero\tmp\zotero-0.6.0-smoke-data\translators\Web of Science Nextgen.js

zotero(4)(+0000011): REPLACE INTO translatorCache VALUES (?, ?, ?) ['Web of Science Nextgen.js', '{"translatorID":"4a3820a3-a7bd-44a1-8711-acf7b57d2c37","translatorType":4,"label":"Web of Science Nextgen","creator":"Abe Jellinek","target":"^https://(www\\.webofscience\\.com|webofscience\\.clarivate\\.cn)/","priority":100,"lastUpdated":"2026-01-05 17:45:40","browserSupport":"gcsibv","minVersion":"3.0","maxVersion":"","inRepository":true}', 1262275200000]

zotero(3)(+0000007): Getting contents of E:\Kumiko\pythonProject\Zotero\tmp\zotero-0.6.0-smoke-data\translators\Web of Science Tagged.js

zotero(4)(+0000013): REPLACE INTO translatorCache VALUES (?, ?, ?) ['Web of Science Tagged.js', '{"translatorID":"594ebe3c-90a0-4830-83bc-9502825a6810","translatorType":1,"label":"Web of Science Tagged","creator":"Michael Berkowitz, Avram Lyon, and contributors","target":"txt","priority":100,"lastUpdated":"2025-08-18 17:06:42","browserSupport":"g","minVersion":"2.1","maxVersion":"","inRepository":true}', 1262275200000]

zotero(3)(+0000007): Getting contents of E:\Kumiko\pythonProject\Zotero\tmp\zotero-0.6.0-smoke-data\translators\Web of Science.js

zotero(4)(+0000001): REPLACE INTO translatorCache VALUES (?, ?, ?) ['Web of Science.js', '{"translatorID":"88e11bcb-464d-4b6d-a446-8994e3b865c9","translatorType":4,"label":"Web of Science","creator":"Philipp Zumstein","target":"^https?://([^/]+\\.)?webofknowledge\\.com/","priority":100,"lastUpdated":"2015-06-04 04:20:22","browserSupport":"gcsib","minVersion":"3.0","maxVersion":"","inRepository":true}', 1262275200000]

zotero(3)(+0000008): Getting contents of E:\Kumiko\pythonProject\Zotero\tmp\zotero-0.6.0-smoke-data\translators\Welt Online.js

zotero(4)(+0000012): REPLACE INTO translatorCache VALUES (?, ?, ?) ['Welt Online.js', '{"translatorID":"f61beec2-1431-4218-a9d3-68063ede6ecd","translatorType":4,"label":"Welt Online","creator":"Martin Meyerhoff, Philipp Zumstein","target":"^https?://www\\.welt\\.de","priority":100,"lastUpdated":"2019-06-11 13:27:17","browserSupport":"gcsibv","minVersion":"3.0","maxVersion":"","inRepository":true}', 1262275200000]

zotero(3)(+0000007): Getting contents of E:\Kumiko\pythonProject\Zotero\tmp\zotero-0.6.0-smoke-data\translators\WestLaw UK.js

zotero(4)(+0000012): REPLACE INTO translatorCache VALUES (?, ?, ?) ['WestLaw UK.js', '{"translatorID":"e6d9cf77-53e4-47f5-98ae-a69eba6d985f","translatorType":4,"label":"WestLaw UK","creator":"George Gebbett","target":"^https://uk\\.westlaw\\.com/Document/","priority":100,"lastUpdated":"2022-02-13 15:15:03","browserSupport":"gcsibv","minVersion":"3.0","maxVersion":"","inRepository":true}', 1262275200000]

zotero(3)(+0000006): Getting contents of E:\Kumiko\pythonProject\Zotero\tmp\zotero-0.6.0-smoke-data\translators\WHO.js

zotero(4)(+0000012): REPLACE INTO translatorCache VALUES (?, ?, ?) ['WHO.js', '{"translatorID":"cd587058-6125-4b33-a876-8c6aae48b5e8","translatorType":12,"label":"WHO","creator":"Mario Trojan, Philipp Zumstein, and Abe Jellinek","target":"^https?://apps\\.who\\.int/iris/","priority":96,"lastUpdated":"2022-12-06 12:21:28","browserSupport":"gcsibv","minVersion":"3.0","maxVersion":"","inRepository":true}', 1262275200000]

zotero(3)(+0000006): Getting contents of E:\Kumiko\pythonProject\Zotero\tmp\zotero-0.6.0-smoke-data\translators\Wikidata QuickStatements.js

zotero(4)(+0000011): REPLACE INTO translatorCache VALUES (?, ?, ?) ['Wikidata QuickStatements.js', '{"translatorID":"51e5355d-9974-484f-80b9-f84d2b55782e","translatorType":2,"label":"Wikidata QuickStatements","creator":"Philipp Zumstein with contributors","target":"txt","priority":100,"lastUpdated":"2025-08-11 00:00:00","browserSupport":"g","minVersion":"3.0","maxVersion":"","inRepository":true}', 1262275200000]

zotero(3)(+0000007): Getting contents of E:\Kumiko\pythonProject\Zotero\tmp\zotero-0.6.0-smoke-data\translators\Wikidata.js

zotero(4)(+0000012): REPLACE INTO translatorCache VALUES (?, ?, ?) ['Wikidata.js', '{"translatorID":"eaef8d43-2f17-45b3-a5cb-affb49bc5e81","translatorType":4,"label":"Wikidata","creator":"Philipp Zumstein","target":"^https?://(www\\.)?wikidata\\.org/wiki/Q","priority":100,"lastUpdated":"2023-08-19 09:56:11","browserSupport":"gcsibv","minVersion":"3.0","maxVersion":"","inRepository":true}', 1262275200000]

zotero(3)(+0000008): Getting contents of E:\Kumiko\pythonProject\Zotero\tmp\zotero-0.6.0-smoke-data\translators\WikiLeaks PlusD.js

zotero(4)(+0000013): REPLACE INTO translatorCache VALUES (?, ?, ?) ['WikiLeaks PlusD.js', '{"translatorID":"8b73dd9c-b873-4d13-b36a-45922b9f04a1","translatorType":4,"label":"WikiLeaks PlusD","creator":"Sebastian Karcher","target":"^https?://(search\\.|www\\.)?wikileaks\\.org/plusd/","priority":100,"lastUpdated":"2017-06-17 20:49:34","browserSupport":"gcsibv","minVersion":"2.1.9","maxVersion":"","inRepository":true}', 1262275200000]

zotero(3)(+0000007): Getting contents of E:\Kumiko\pythonProject\Zotero\tmp\zotero-0.6.0-smoke-data\translators\Wikimedia Commons.js

zotero(4)(+0000014): REPLACE INTO translatorCache VALUES (?, ?, ?) ['Wikimedia Commons.js', '{"translatorID":"c70055c3-a525-45db-8e37-726c6c2ad034","translatorType":4,"label":"Wikimedia Commons","creator":"Sebastian Karcher","target":"^https?://commons\\.wikimedia\\.org","priority":100,"lastUpdated":"2022-12-06 00:15:52","browserSupport":"gcsibv","minVersion":"2.1.9","maxVersion":"","inRepository":true}', 1262275200000]

zotero(3)(+0000006): Getting contents of E:\Kumiko\pythonProject\Zotero\tmp\zotero-0.6.0-smoke-data\translators\Wikipedia Citation Templates.js

zotero(4)(+0000012): REPLACE INTO translatorCache VALUES (?, ?, ?) ['Wikipedia Citation Templates.js', '{"translatorID":"3f50aaac-7acc-4350-acd0-59cb77faf620","translatorType":2,"label":"Wikipedia Citation Templates","creator":"Simon Kornblith","target":"txt","priority":100,"lastUpdated":"2023-11-05 21:29:00","browserSupport":"g","minVersion":"1.0.0b4.r1","maxVersion":"","inRepository":true,"displayOptions":{"exportCharset":"UTF-8"}}', 1262275200000]

zotero(3)(+0000006): Getting contents of E:\Kumiko\pythonProject\Zotero\tmp\zotero-0.6.0-smoke-data\translators\Wikipedia.js

zotero(4)(+0000012): REPLACE INTO translatorCache VALUES (?, ?, ?) ['Wikipedia.js', '{"translatorID":"e5dc9733-f8fc-4c00-8c40-e53e0bb14664","translatorType":4,"label":"Wikipedia","creator":"Aurimas Vinckevicius","target":"^https?://[^/]*wikipedia\\.org/","priority":100,"lastUpdated":"2023-01-01 04:28:03","browserSupport":"gcsibv","minVersion":"2.1.9","maxVersion":"","inRepository":true}', 1262275200000]

zotero(3)(+0000007): Getting contents of E:\Kumiko\pythonProject\Zotero\tmp\zotero-0.6.0-smoke-data\translators\Wikisource.js

zotero(4)(+0000012): REPLACE INTO translatorCache VALUES (?, ?, ?) ['Wikisource.js', '{"translatorID":"076bd26a-1517-469d-85e9-31316a6f6cb0","translatorType":4,"label":"Wikisource","creator":"Philipp Zumstein","target":"^https?://en\\.wikisource\\.org/w","priority":100,"lastUpdated":"2022-12-06 00:17:12","browserSupport":"gcsibv","minVersion":"2.1.9","maxVersion":"","inRepository":true}', 1262275200000]

zotero(3)(+0000006): Getting contents of E:\Kumiko\pythonProject\Zotero\tmp\zotero-0.6.0-smoke-data\translators\Wikiwand.js

zotero(4)(+0000011): REPLACE INTO translatorCache VALUES (?, ?, ?) ['Wikiwand.js', '{"translatorID":"ce093a19-cc6b-4106-b17c-b810dba56daa","translatorType":4,"label":"Wikiwand","creator":"Abe Jellinek","target":"^https?://www\\.wikiwand\\.com/[^/?]+/[^/?]+","priority":100,"lastUpdated":"2021-07-13 22:38:44","browserSupport":"gcsibv","minVersion":"3.0","maxVersion":"","inRepository":true}', 1262275200000]

zotero(3)(+0000006): Getting contents of E:\Kumiko\pythonProject\Zotero\tmp\zotero-0.6.0-smoke-data\translators\Wiktionary.js

zotero(4)(+0000011): REPLACE INTO translatorCache VALUES (?, ?, ?) ['Wiktionary.js', '{"translatorID":"f5c15662-1501-4336-8aa5-bd7dc3cc2a68","translatorType":4,"label":"Wiktionary","creator":"Abe Jellinek","target":"^https?://[^/]*\\.wiktionary\\.org/","priority":100,"lastUpdated":"2022-12-05 20:28:20","browserSupport":"gcsibv","minVersion":"3.0","maxVersion":"","inRepository":true}', 1262275200000]

zotero(3)(+0000007): Getting contents of E:\Kumiko\pythonProject\Zotero\tmp\zotero-0.6.0-smoke-data\translators\Wildlife Biology in Practice.js

zotero(4)(+0000011): REPLACE INTO translatorCache VALUES (?, ?, ?) ['Wildlife Biology in Practice.js', '{"translatorID":"b33af0e1-d122-45b2-b144-4b4eedd12d5d","translatorType":4,"label":"Wildlife Biology in Practice","creator":"Michael Berkowitz and Aurimas Vinckevicius","target":"^https?://[^/]*socpvs\\.org/journals/index\\.php/wbp","priority":100,"lastUpdated":"2017-01-01 15:47:15","browserSupport":"gcsibv","minVersion":"3.0","maxVersion":"","inRepository":true}', 1262275200000]

zotero(3)(+0000007): Getting contents of E:\Kumiko\pythonProject\Zotero\tmp\zotero-0.6.0-smoke-data\translators\Wiley Online Library.js

zotero(4)(+0000014): REPLACE INTO translatorCache VALUES (?, ?, ?) ['Wiley Online Library.js', '{"translatorID":"fe728bc9-595a-4f03-98fc-766f1d8d0936","translatorType":4,"label":"Wiley Online Library","creator":"Sean Takats, Michael Berkowitz, Avram Lyon and Aurimas Vinckevicius","target":"^https?://([\\w-]+\\.)?onlinelibrary\\.wiley\\.com[^/]*/(book|doi|toc|advanced/search|search-web/cochrane|cochranelibrary/search|o/cochrane/(clcentral|cldare|clcmr|clhta|cleed|clabout)/articles/.+/sect0\\.html)","priority":100,"lastUpdated":"2025-06-11 15:32:23","browserSupport":"gcsibv","minVersion":"3.1","maxVersion":"","inRepository":true}', 1262275200000]

zotero(3)(+0000009): Getting contents of E:\Kumiko\pythonProject\Zotero\tmp\zotero-0.6.0-smoke-data\translators\Wilson Center Digital Archive.js

zotero(4)(+0000011): REPLACE INTO translatorCache VALUES (?, ?, ?) ['Wilson Center Digital Archive.js', '{"translatorID":"c4b00da8-420d-4029-9286-0afd766991c1","translatorType":4,"label":"Wilson Center Digital Archive","creator":"Abe Jellinek","target":"^https?://digitalarchive\\.wilsoncenter\\.org/(document|search-results)/","priority":100,"lastUpdated":"2022-05-11 21:19:38","browserSupport":"gcsibv","minVersion":"5.0","maxVersion":"","inRepository":true}', 1262275200000]

zotero(3)(+0000008): Getting contents of E:\Kumiko\pythonProject\Zotero\tmp\zotero-0.6.0-smoke-data\translators\Winnipeg Free Press.js

zotero(4)(+0000011): REPLACE INTO translatorCache VALUES (?, ?, ?) ['Winnipeg Free Press.js', '{"translatorID":"1d82cbdf-703d-4f96-9ae2-246af21bb96e","translatorType":4,"label":"Winnipeg Free Press","creator":"Philipp Zumstein","target":"^https?://www\\.winnipegfreepress\\.com","priority":100,"lastUpdated":"2017-06-17 17:27:13","browserSupport":"gcsibv","minVersion":"3.0","maxVersion":"","inRepository":true}', 1262275200000]

zotero(3)(+0000007): Getting contents of E:\Kumiko\pythonProject\Zotero\tmp\zotero-0.6.0-smoke-data\translators\WIPO.js

zotero(4)(+0000011): REPLACE INTO translatorCache VALUES (?, ?, ?) ['WIPO.js', '{"translatorID":"039338fc-d84f-44bf-99e4-693cc91b569f","translatorType":4,"label":"WIPO","creator":"Sebastian Karcher","target":"^https?://patentscope\\.wipo\\.int","priority":100,"lastUpdated":"2017-07-27 10:44:58","browserSupport":"gcsbv","minVersion":"3.0","maxVersion":"","inRepository":true}', 1262275200000]

zotero(3)(+0000008): Getting contents of E:\Kumiko\pythonProject\Zotero\tmp\zotero-0.6.0-smoke-data\translators\Wired.js

zotero(4)(+0000012): REPLACE INTO translatorCache VALUES (?, ?, ?) ['Wired.js', '{"translatorID":"f054a3d9-d705-4d2e-a96a-258508bebba3","translatorType":4,"label":"Wired","creator":"czar","target":"^https?://(www\\.)?wired\\.(com|co\\.uk)","priority":100,"lastUpdated":"2026-01-23 16:11:56","browserSupport":"gcsibv","minVersion":"3.0","maxVersion":"","inRepository":true}', 1262275200000]

zotero(3)(+0000006): Getting contents of E:\Kumiko\pythonProject\Zotero\tmp\zotero-0.6.0-smoke-data\translators\wiso.js

zotero(4)(+0000012): REPLACE INTO translatorCache VALUES (?, ?, ?) ['wiso.js', '{"translatorID":"136d5c30-d8b1-476f-9564-702a41b6126e","translatorType":4,"label":"wiso","creator":"Philipp Zumstein","target":"^https?://www\\.wiso-net\\.de/(document/|dosearch\\?)","priority":100,"lastUpdated":"2016-06-26 18:54:53","browserSupport":"gcsv","minVersion":"3.0","maxVersion":"","inRepository":true}', 1262275200000]

zotero(3)(+0000006): Getting contents of E:\Kumiko\pythonProject\Zotero\tmp\zotero-0.6.0-smoke-data\translators\Womennews.js

zotero(4)(+0000010): REPLACE INTO translatorCache VALUES (?, ?, ?) ['Womennews.js', '{"translatorID":"c1f99315-2257-4a32-af1e-68cd8b7bc838","translatorType":4,"label":"Womennews","creator":"Kagami Sascha Rosylight","target":"^https?://www\\.womennews\\.co\\.kr","priority":100,"lastUpdated":"2021-06-07 16:47:08","browserSupport":"gcsibv","minVersion":"3.0","maxVersion":"","inRepository":true}', 1262275200000]

zotero(3)(+0000008): Getting contents of E:\Kumiko\pythonProject\Zotero\tmp\zotero-0.6.0-smoke-data\translators\World Digital Library.js

zotero(4)(+0000012): REPLACE INTO translatorCache VALUES (?, ?, ?) ['World Digital Library.js', '{"translatorID":"54d6d465-159b-4631-92fe-4ff0d4664e22","translatorType":4,"label":"World Digital Library","creator":"Abe Jellinek","target":"^https?://www\\.wdl\\.org/","priority":100,"lastUpdated":"2021-07-09 17:07:18","browserSupport":"gcsibv","minVersion":"3.0","maxVersion":"","inRepository":true}', 1262275200000]

zotero(3)(+0000006): Getting contents of E:\Kumiko\pythonProject\Zotero\tmp\zotero-0.6.0-smoke-data\translators\World History Connected.js

zotero(4)(+0000012): REPLACE INTO translatorCache VALUES (?, ?, ?) ['World History Connected.js', '{"translatorID":"0507797c-9bc4-4374-92ca-9e3763b6922b","translatorType":4,"label":"World History Connected","creator":"Frederick Gibbs","target":"worldhistoryconnected\\.press|historycooperative.*/whc/","priority":100,"lastUpdated":"2014-02-27 23:05:02","browserSupport":"gcsibv","minVersion":"1.0.0b4.r5","maxVersion":"","inRepository":true}', 1262275200000]

zotero(3)(+0000006): Getting contents of E:\Kumiko\pythonProject\Zotero\tmp\zotero-0.6.0-smoke-data\translators\World Shakespeare Bibliography Online.js

zotero(4)(+0000011): REPLACE INTO translatorCache VALUES (?, ?, ?) ['World Shakespeare Bibliography Online.js', '{"translatorID":"bf6b49e3-9198-4fbc-a559-a81fcfcce908","translatorType":4,"label":"World Shakespeare Bibliography Online","creator":"Matthias Heim","target":"^https?://(www\\.)?worldshakesbib\\.org","priority":100,"lastUpdated":"2014-06-11 22:48:03","browserSupport":"gcs","minVersion":"1.0","maxVersion":"","inRepository":true}', 1262275200000]

zotero(3)(+0000007): Getting contents of E:\Kumiko\pythonProject\Zotero\tmp\zotero-0.6.0-smoke-data\translators\WorldCat Discovery Service.js

zotero(4)(+0000015): REPLACE INTO translatorCache VALUES (?, ?, ?) ['WorldCat Discovery Service.js', '{"translatorID":"fd8dc5f6-a6dd-42b2-948f-600f5da844ea","translatorType":4,"label":"WorldCat Discovery Service","creator":"Sebastian Karcher and Abe Jellinek","target":"^https?://[^/]+\\.worldcat\\.org/","priority":100,"lastUpdated":"2022-11-25 18:53:10","browserSupport":"gcsibv","minVersion":"3.0.9","maxVersion":"","inRepository":true}', 1262275200000]

zotero(3)(+0000008): Getting contents of E:\Kumiko\pythonProject\Zotero\tmp\zotero-0.6.0-smoke-data\translators\XML ContextObject.js

zotero(4)(+0000012): REPLACE INTO translatorCache VALUES (?, ?, ?) ['XML ContextObject.js', '{"translatorID":"24d9f058-3eb3-4d70-b78f-1ba1aef2128d","translatorType":1,"label":"XML ContextObject","creator":"Avram Lyon and Simon Kornblith","target":"ctx","priority":100,"lastUpdated":"2015-05-20 00:05:55","browserSupport":"gcsv","minVersion":"3.0","maxVersion":"","inRepository":true,"configOptions":{"dataMode":"xml/dom"}}', 1262275200000]

zotero(3)(+0000008): Getting contents of E:\Kumiko\pythonProject\Zotero\tmp\zotero-0.6.0-smoke-data\translators\Yandex Books.js

zotero(4)(+0000011): REPLACE INTO translatorCache VALUES (?, ?, ?) ['Yandex Books.js', '{"translatorID":"6b4bf64d-2894-48ac-a7cb-d1da7fae7271","translatorType":4,"label":"Yandex Books","creator":"Ilya Zonov","target":"^https://books\\.yandex\\.ru/","priority":100,"lastUpdated":"2025-05-06 18:15:23","browserSupport":"gcsibv","minVersion":"5.0","maxVersion":"","inRepository":true}', 1262275200000]

zotero(3)(+0000006): Getting contents of E:\Kumiko\pythonProject\Zotero\tmp\zotero-0.6.0-smoke-data\translators\Ynet.js

zotero(4)(+0000012): REPLACE INTO translatorCache VALUES (?, ?, ?) ['Ynet.js', '{"translatorID":"7f45c3f9-e387-4589-9679-225ddcf6f00e","translatorType":4,"label":"Ynet","creator":"Eran Rosenthal and Abe Jellinek","target":"^https?://www\\.ynet(\\.co\\.il|news\\.com)/","priority":100,"lastUpdated":"2021-06-03 20:46:38","browserSupport":"gcsibv","minVersion":"3.0","maxVersion":"","inRepository":true}', 1262275200000]

zotero(3)(+0000007): Getting contents of E:\Kumiko\pythonProject\Zotero\tmp\zotero-0.6.0-smoke-data\translators\YouTube.js

zotero(4)(+0000001): REPLACE INTO translatorCache VALUES (?, ?, ?) ['YouTube.js', '{"translatorID":"d3b1d34c-f8a1-43bb-9dd6-27aa6403b217","translatorType":4,"label":"YouTube","creator":"Sean Takats, Michael Berkowitz, Matt Burton, Rintze Zelle, and Geoff Banh","target":"^https?://([^/]+\\.)?youtube\\.com/","priority":100,"lastUpdated":"2025-06-12 16:10:09","browserSupport":"gcsibv","minVersion":"3.0","maxVersion":"","inRepository":true}', 1262275200000]

zotero(3)(+0000007): Getting contents of E:\Kumiko\pythonProject\Zotero\tmp\zotero-0.6.0-smoke-data\translators\YPSF.js

zotero(4)(+0000012): REPLACE INTO translatorCache VALUES (?, ?, ?) ['YPSF.js', '{"translatorID":"5e1f3e08-ca5f-4196-a662-6cf46b3cdaa7","translatorType":4,"label":"YPFS","creator":"Corey Runkel","target":"^https?://ypfs\\.som\\.yale\\.edu","priority":100,"lastUpdated":"2021-03-24 13:06:04","browserSupport":"gcsibv","minVersion":"3.0","maxVersion":"","inRepository":true}', 1262275200000]

zotero(3)(+0000006): Getting contents of E:\Kumiko\pythonProject\Zotero\tmp\zotero-0.6.0-smoke-data\translators\zbMATH.js

zotero(4)(+0000001): REPLACE INTO translatorCache VALUES (?, ?, ?) ['zbMATH.js', '{"translatorID":"1d84c107-9dbb-4b87-8208-e3632b87889f","translatorType":4,"label":"zbMATH","creator":"Philipp Zumstein","target":"^https?://(www\\.)?zbmath\\.org/","priority":100,"lastUpdated":"2021-09-10 18:47:46","browserSupport":"gcsibv","minVersion":"3.0","maxVersion":"","inRepository":true}', 1262275200000]

zotero(3)(+0000010): Getting contents of E:\Kumiko\pythonProject\Zotero\tmp\zotero-0.6.0-smoke-data\translators\ZIPonline.js

zotero(4)(+0000012): REPLACE INTO translatorCache VALUES (?, ?, ?) ['ZIPonline.js', '{"translatorID":"5ccc4cf7-8863-4ee2-9772-c9d0b422f028","translatorType":4,"label":"ZIPonline","creator":"Philipp Zumstein","target":"^https?://(www)?\\.zip-online\\.de/","priority":100,"lastUpdated":"2017-01-27 16:22:25","browserSupport":"gcsibv","minVersion":"3.0","maxVersion":"","inRepository":true}', 1262275200000]

zotero(3)(+0000007): Getting contents of E:\Kumiko\pythonProject\Zotero\tmp\zotero-0.6.0-smoke-data\translators\ZOBODAT.js

zotero(4)(+0000012): REPLACE INTO translatorCache VALUES (?, ?, ?) ['ZOBODAT.js', '{"translatorID":"e94ffd1c-0ff8-4fbc-8b2a-8391ab5a7288","translatorType":4,"label":"ZOBODAT","creator":"Lars Willighagen","target":"^https?://(www\\.)?zobodat\\.at/","priority":100,"lastUpdated":"2023-10-17 11:17:19","browserSupport":"gcsibv","minVersion":"5.0","maxVersion":"","inRepository":true}', 1262275200000]

zotero(3)(+0000008): Getting contents of E:\Kumiko\pythonProject\Zotero\tmp\zotero-0.6.0-smoke-data\translators\Zotero RDF.js

zotero(4)(+0000013): REPLACE INTO translatorCache VALUES (?, ?, ?) ['Zotero RDF.js', '{"translatorID":"14763d24-8ba0-45df-8f52-b8d1108e7ac9","translatorType":2,"label":"Zotero RDF","creator":"Simon Kornblith","target":"rdf","priority":25,"lastUpdated":"2026-03-06 21:33:15","browserSupport":"g","minVersion":"1.0.0b4.r1","maxVersion":"","inRepository":true,"configOptions":{"getCollections":"true","dataMode":"rdf/xml"},"displayOptions":{"exportNotes":true,"exportFileData":false}}', 1262275200000]

zotero(3)(+0000007): Getting contents of E:\Kumiko\pythonProject\Zotero\tmp\zotero-0.6.0-smoke-data\translators\zotero.org.js

zotero(4)(+0000013): REPLACE INTO translatorCache VALUES (?, ?, ?) ['zotero.org.js', '{"translatorID":"c82c574d-7fe8-49ca-a360-a05d6e34fec0","translatorType":4,"label":"zotero.org","creator":"Dan Stillman, Aurimas Vinckevicius, Tomasz Najdek","target":"^https?://[^/]*zotero\\.org(:\\d+)?/.+/(items|collections|library|publications|trash|search|item-list|item-details)(/|$)","priority":100,"lastUpdated":"2021-07-18 22:33:42","browserSupport":"gcsv","minVersion":"3.0","maxVersion":"","inRepository":true}', 1262275200000]

zotero(3)(+0000007): Getting contents of E:\Kumiko\pythonProject\Zotero\tmp\zotero-0.6.0-smoke-data\translators\ZoteroBib.js

zotero(4)(+0000001): REPLACE INTO translatorCache VALUES (?, ?, ?) ['ZoteroBib.js', '{"translatorID":"b7c665ba-173c-4dea-b28e-e866580002a2","translatorType":4,"label":"ZoteroBib","creator":"Dan Stillman","target":"^https://zbib\\.org/","priority":100,"lastUpdated":"2021-06-23 02:34:46","browserSupport":"gcsibv","minVersion":"4.0","maxVersion":"","inRepository":true}', 1262275200000]

zotero(3)(+0000008): Cached 745 translators in 12773 ms

zotero(3)(+0000001): Initializing styles

zotero(3)(+0000001): Getting contents of [xpconnect wrapped nsIChannel]

zotero(3)(+0000001): Cached 0 styles in 2 ms

zotero(3)(+0000000): Getting contents of [xpconnect wrapped nsIChannel]

zotero(3)(+0000001): Getting contents of [xpconnect wrapped nsIChannel]

zotero(4)(+0000001): SELECT version FROM version WHERE schema='delete'

zotero(3)(+0000000): Getting contents of input stream

zotero(4)(+0000001): REPLACE INTO version (schema, version) VALUES ('delete', ?) ['74']

zotero(4)(+0000008): SELECT version FROM version WHERE schema=? ['styles']

zotero(3)(+0000000): Updating installed styles from XPI

zotero(3)(+0000001): Getting contents of C:\Users\Kumiko\AppData\Local\Temp\Zotero\elsevier-harvard.csl

zotero(3)(+0000008): Installing style 'Elsevier (author-date/Harvard, with titles)'

zotero(3)(+0000002): Getting contents of C:\Users\Kumiko\AppData\Local\Temp\Zotero\chicago-notes-bibliography.csl

zotero(3)(+0000015): Installing style 'Chicago Manual of Style 18th edition (notes and bibliography)'

zotero(3)(+0000003): Getting contents of C:\Users\Kumiko\AppData\Local\Temp\Zotero\chicago-author-date.csl

zotero(3)(+0000012): Installing style 'Chicago Manual of Style 18th edition (author-date)'

zotero(3)(+0000002): Getting contents of C:\Users\Kumiko\AppData\Local\Temp\Zotero\american-sociological-association.csl

zotero(3)(+0000007): Installing style 'ASA Style Guide 6th/7th edition'

zotero(3)(+0000002): Getting contents of C:\Users\Kumiko\AppData\Local\Temp\Zotero\apa.csl

zotero(3)(+0000009): Installing style 'APA Style 7th edition'

zotero(3)(+0000002): Getting contents of C:\Users\Kumiko\AppData\Local\Temp\Zotero\modern-language-association.csl

zotero(3)(+0000007): Installing style 'MLA Handbook 9th edition (in-text citations)'

zotero(3)(+0000003): Getting contents of C:\Users\Kumiko\AppData\Local\Temp\Zotero\american-chemical-society.csl

zotero(3)(+0000005): Installing style 'ACS Guide 2022 revision'

zotero(3)(+0000002): Getting contents of C:\Users\Kumiko\AppData\Local\Temp\Zotero\harvard-cite-them-right.csl

zotero(3)(+0000006): Installing style 'Cite Them Right 12th edition (author-date/Harvard)'

zotero(3)(+0000003): Getting contents of C:\Users\Kumiko\AppData\Local\Temp\Zotero\mhra-notes.csl

zotero(3)(+0000011): Installing style 'MHRA Style Guide 4th edition (notes)'

zotero(3)(+0000002): Getting contents of C:\Users\Kumiko\AppData\Local\Temp\Zotero\nlm-citation-sequence.csl

zotero(3)(+0000007): Installing style 'NLM/Vancouver: Citing Medicine 2nd edition (citation-sequence)'

zotero(3)(+0000002): Getting contents of C:\Users\Kumiko\AppData\Local\Temp\Zotero\chicago-shortened-notes-bibliography.csl

zotero(3)(+0000012): Installing style 'Chicago Manual of Style 18th edition (shortened notes and bibliography)'

zotero(3)(+0000003): Getting contents of C:\Users\Kumiko\AppData\Local\Temp\Zotero\american-political-science-association.csl

zotero(3)(+0000005): Installing style 'APSA Style Manual revised 2018 edition'

zotero(3)(+0000002): Getting contents of C:\Users\Kumiko\AppData\Local\Temp\Zotero\american-medical-association.csl

zotero(3)(+0000007): Installing style 'AMA Manual of Style 11th edition'

zotero(3)(+0000002): Getting contents of C:\Users\Kumiko\AppData\Local\Temp\Zotero\nature.csl

zotero(3)(+0000005): Installing style 'Nature'

zotero(3)(+0000002): Getting contents of C:\Users\Kumiko\AppData\Local\Temp\Zotero\ieee.csl

zotero(3)(+0000006): Installing style 'IEEE Reference Guide version 11.29.2023'

zotero(4)(+0000002): Beginning DB transaction Y15D4A50

zotero(4)(+0000000): REPLACE INTO version VALUES (?, ?) ['styles', 1783437194]

zotero(4)(+0000001): REPLACE INTO version VALUES ('repository', ?) [1779373378]

zotero(4)(+0000006): Committed DB transaction Y15D4A50

zotero(3)(+0000000): Initializing styles

zotero(3)(+0000002): Getting contents of E:\Kumiko\pythonProject\Zotero\tmp\zotero-0.6.0-smoke-data\styles\american-chemical-society.csl

zotero(3)(+0000007): Getting contents of E:\Kumiko\pythonProject\Zotero\tmp\zotero-0.6.0-smoke-data\styles\american-medical-association.csl

zotero(3)(+0000006): Getting contents of E:\Kumiko\pythonProject\Zotero\tmp\zotero-0.6.0-smoke-data\styles\american-political-science-association.csl

zotero(3)(+0000006): Getting contents of E:\Kumiko\pythonProject\Zotero\tmp\zotero-0.6.0-smoke-data\styles\american-sociological-association.csl

zotero(3)(+0000006): Getting contents of E:\Kumiko\pythonProject\Zotero\tmp\zotero-0.6.0-smoke-data\styles\apa.csl

zotero(3)(+0000009): Getting contents of E:\Kumiko\pythonProject\Zotero\tmp\zotero-0.6.0-smoke-data\styles\chicago-author-date.csl

zotero(3)(+0000012): Getting contents of E:\Kumiko\pythonProject\Zotero\tmp\zotero-0.6.0-smoke-data\styles\chicago-notes-bibliography.csl

zotero(3)(+0000015): Getting contents of E:\Kumiko\pythonProject\Zotero\tmp\zotero-0.6.0-smoke-data\styles\chicago-shortened-notes-bibliography.csl

zotero(3)(+0000012): Getting contents of E:\Kumiko\pythonProject\Zotero\tmp\zotero-0.6.0-smoke-data\styles\elsevier-harvard.csl

zotero(3)(+0000001): Getting contents of E:\Kumiko\pythonProject\Zotero\tmp\zotero-0.6.0-smoke-data\styles\harvard-cite-them-right.csl

zotero(3)(+0000007): Getting contents of E:\Kumiko\pythonProject\Zotero\tmp\zotero-0.6.0-smoke-data\styles\ieee.csl

zotero(3)(+0000007): Getting contents of E:\Kumiko\pythonProject\Zotero\tmp\zotero-0.6.0-smoke-data\styles\mhra-notes.csl

zotero(3)(+0000011): Getting contents of E:\Kumiko\pythonProject\Zotero\tmp\zotero-0.6.0-smoke-data\styles\modern-language-association.csl

zotero(3)(+0000008): Getting contents of E:\Kumiko\pythonProject\Zotero\tmp\zotero-0.6.0-smoke-data\styles\nature.csl

zotero(3)(+0000006): Getting contents of E:\Kumiko\pythonProject\Zotero\tmp\zotero-0.6.0-smoke-data\styles\nlm-citation-sequence.csl

zotero(3)(+0000007): Getting contents of [xpconnect wrapped nsIChannel]

zotero(3)(+0000001): Cached 15 styles in 123 ms

zotero(3)(+0000001): Getting contents of [xpconnect wrapped nsIChannel]

zotero(4)(+0000000): SELECT version FROM version WHERE schema='repository'

zotero(3)(+0000000): Checking repository for translator and style updates

zotero(3)(+0000001): HTTP POST "styles=%5B%7B%22id%22%3A%22http%3A%2F%2Fwww.zotero.org%2Fstyles%2Famerican-chemical-society%22%2C%22updated%22%3A1663612376%2C%22url%22%3A%22http%3A%2F%2Fwww.zotero.org%2Fstyles%2Famerican-chemical-society%22%7D%2C%7B%22id%22%3A%22http%3A%2F%2Fwww.zotero.org%2Fstyles%2Famerican-medical-association%22%2C%22updated%22%3A1770336000%2C%22url%22%3A%22http%3A%2F%2Fwww.zotero.org%2Fstyles%2Famerican-medical-association%22%7D%2C%7B%22id%22%3A%22http%3A%2F%2Fwww.zotero.org%2Fstyles%2Famerican-political-science-association%22%2C%22updated%22%3A1710344270%2C%22url%22%3A%22http%3A%2F%2Fwww.zotero.org%2Fstyles%2Famerican-political-science-association%22%7D%2C%7B%22id%22%3A%22http%3A%2F%2Fwww.zotero.org%2Fstyles%2Famerican-sociological-association%22%2C%22updated%22%3A1751289470%2C%22url%22%3A%22http%3A%2F%2Fwww.zotero.org%2Fstyles%2Famerican-sociological-association%22%7D%2C%7B%22id%22%3A%22http%3A%2F%2Fwww.zotero.org%2Fstyles%2Fapa%22%2C%22updated%22%3A1770422400%2C%22url%22%3A%22http%3A%2F%2Fwww.zotero.org%2Fstyles%2Fap…" (2950 chars) to https://repo.zotero.org/repo/updated?last=1779373378&version=9.0.6&m=2

zotero(3)([31;40m+0004922[0m): HTTP POST https://repo.zotero.org/repo/updated?last=1779373378&version=9.0.6&m=2 succeeded with 200

zotero(3)(+0000001): Saving translator 'Open WorldCat'

zotero(3)(+0000001): {
    "translatorID": "c73a4a8c-3ef1-4ec8-8229-7531ee384cc4"
    "translatorType": 12
    "label": "Open WorldCat"
    "creator": "Simon Kornblith, Sebastian Karcher, Abe Jellinek"
    "target": "^https?://([^/]+\\.)?worldcat\\.org/"
    "minVersion": "5.0"
    "maxVersion": null
    "priority": 100
    "inRepository": true
    "browserSupport": "gcsibv"
    "lastUpdated": "2026-07-31 18:50:00"
}

zotero(3)(+0000001): Saving translator 'Primo Normalized XML'

zotero(3)(+0000000): {
    "translatorID": "efd737c9-a227-4113-866e-d57fbc0684ca"
    "translatorType": 1
    "label": "Primo Normalized XML"
    "creator": "Philipp Zumstein"
    "target": "xml"
    "minVersion": "3.0"
    "maxVersion": null
    "priority": 100
    "inRepository": true
    "configOptions": {
        "dataMode": "xml/dom"
    }
    "lastUpdated": "2026-07-23 16:00:00"
}

zotero(3)(+0000002): Saving translator 'Google Books'

zotero(3)(+0000000): {
    "translatorID": "3e684d82-73a3-9a34-095f-19b112d88bbf"
    "translatorType": 4
    "label": "Google Books"
    "creator": "Simon Kornblith, Michael Berkowitz, Rintze Zelle, and Sebastian Karcher"
    "target": "^https?://(books|www)\\.google\\.[a-z]+(\\.[a-z]+)?/(books(/.*)?\\?(.*id=.*|.*q=.*)|search\\?.*?(btnG=Search\\+Books|tbm=bks)|books/edition/)|^https?://play\\.google\\.[a-z]+(\\.[a-z]+)?/(store/)?(books|search\\?.*c=books)"
    "minVersion": "2.1.9"
    "maxVersion": null
    "priority": 100
    "inRepository": true
    "browserSupport": "gcsbv"
    "lastUpdated": "2026-07-22 16:30:00"
}

zotero(3)(+0000002): Saving translator 'Library Catalog (DRA)'

zotero(3)(+0000000): {
    "translatorID": "fb12ae9e-f473-cab4-0546-27ab88c64101"
    "translatorType": 4
    "label": "Library Catalog (DRA)"
    "creator": "Simon Kornblith"
    "target": "/web2/tramp2\\.exe/(see\\_record/|authority\\_hits/|do_keyword_search|form/|goto/.*\\?.*screen=(MARC)?Record\\.html)"
    "minVersion": "3.0"
    "maxVersion": null
    "priority": 260
    "inRepository": true
    "browserSupport": "gcsbv"
    "lastUpdated": "2026-07-22 16:30:00"
}

zotero(3)(+0000001): Saving translator 'NCBI Nucleotide'

zotero(3)(+0000000): {
    "translatorID": "5e385e77-2f51-41b4-a29b-908e23d5d3e8"
    "translatorType": 4
    "label": "NCBI Nucleotide"
    "creator": "Martin Fenner"
    "target": "^https?://(www\\.)?ncbi\\.nlm\\.nih\\.gov/nuccore/"
    "minVersion": "3.0"
    "maxVersion": null
    "priority": 100
    "inRepository": true
    "browserSupport": "gcs"
    "lastUpdated": "2026-07-22 16:30:00"
}

zotero(3)(+0000001): Saving translator 'SAGE Knowledge'

zotero(3)(+0000000): {
    "translatorID": "d21dcd90-c997-4e14-8fe0-353b8e19a47a"
    "translatorType": 4
    "label": "SAGE Knowledge"
    "creator": "ProQuest, Philipp Zumstein"
    "target": "^https?://sk\\.sagepub\\.com/"
    "minVersion": "3.0"
    "maxVersion": null
    "priority": 100
    "inRepository": true
    "browserSupport": "gcsibv"
    "lastUpdated": "2026-07-22 16:30:00"
}

zotero(3)(+0000001): Saving translator 'SAGE Journals'

zotero(3)(+0000001): {
    "translatorID": "908c1ca2-59b6-4ad8-b026-709b7b927bda"
    "translatorType": 4
    "label": "SAGE Journals"
    "creator": "Sebastian Karcher"
    "target": "^https?://journals\\.sagepub\\.com(/doi/((abs|full|pdf)/)?10\\.|/action/doSearch\\?|/toc/)"
    "minVersion": "3.0"
    "maxVersion": null
    "priority": 100
    "inRepository": true
    "browserSupport": "gcsibv"
    "lastUpdated": "2026-07-21 15:35:00"
}

zotero(3)(+0000001): Saving translator 'HeinOnline'

zotero(3)(+0000001): {
    "translatorID": "3dcbb947-f7e3-4bbd-a4e5-717f3701d624"
    "translatorType": 4
    "label": "HeinOnline"
    "creator": "Frank Bennett"
    "target": "^https?://access\\.heinonline\\.com/HOL/(LuceneSearch|Page|IFLPMetaData|AuthorProfile)\\?"
    "minVersion": "3.0"
    "maxVersion": null
    "priority": 100
    "inRepository": true
    "browserSupport": "gcsibv"
    "lastUpdated": "2026-07-07 16:00:00"
}

zotero(3)(+0000001): Saving translator 'SVT Nyheter'

zotero(3)(+0000000): {
    "translatorID": "4c6d887e-341d-4edb-b651-ea702a8918d7"
    "translatorType": 4
    "label": "SVT Nyheter"
    "creator": "Sebastian Berlin"
    "target": "^https?://www\\.svt\\.se/nyheter/"
    "minVersion": "3.0"
    "maxVersion": null
    "priority": 100
    "inRepository": true
    "browserSupport": "gcsibv"
    "lastUpdated": "2026-07-06 18:55:00"
}

zotero(3)(+0000001): Saving translator 'Neural Information Processing Systems'

zotero(3)(+0000001): {
    "translatorID": "c816f8ad-4c73-4f6d-914e-a6e7212746cf"
    "translatorType": 4
    "label": "Neural Information Processing Systems"
    "creator": "Fei Qi, Sebastian Karcher, Guy Aglionby, and Abe Jellinek"
    "target": "^https?://(papers|proceedings)\\.n(eur)?ips\\.cc/"
    "minVersion": "3.0"
    "maxVersion": null
    "priority": 100
    "inRepository": true
    "browserSupport": "gcsibv"
    "lastUpdated": "2026-06-26 16:20:00"
}

zotero(3)(+0000001): Saving translator 'Anne Frank Knowledge Base'

zotero(3)(+0000000): {
    "translatorID": "cd29a8b7-1b52-4c8c-b2af-7cfc5cbbecb9"
    "translatorType": 4
    "label": "Anne Frank Knowledge Base"
    "creator": "Vera de Kok"
    "target": "^https?://research\\.annefrank\\.org/(?:en|nl|api)/"
    "minVersion": "5.0"
    "maxVersion": null
    "priority": 100
    "inRepository": true
    "browserSupport": "gcsibv"
    "lastUpdated": "2026-06-26 16:10:00"
}

zotero(3)(+0000002): Saving translator 'RDF'

zotero(3)(+0000001): {
    "translatorID": "5e3ad958-ac79-463d-812b-a86a9235c28f"
    "translatorType": 1
    "label": "RDF"
    "creator": "Simon Kornblith"
    "target": "rdf"
    "minVersion": "2.1.9"
    "maxVersion": null
    "priority": 100
    "inRepository": true
    "configOptions": {
        "async": true
        "dataMode": "rdf/xml"
    }
    "lastUpdated": "2026-06-19 20:35:00"
}

zotero(3)(+0000001): Saving translator 'EBSCO Discovery Layer'

zotero(3)(+0000001): {
    "translatorID": "660fcf3e-3414-41b8-97a5-e672fc2e491d"
    "translatorType": 4
    "label": "EBSCO Discovery Layer"
    "creator": "Sebastian Karcher"
    "target": "^https?://(discovery|research)\\.ebsco\\.com/"
    "minVersion": "5.0"
    "maxVersion": null
    "priority": 100
    "inRepository": true
    "browserSupport": "gcsibv"
    "lastUpdated": "2026-06-15 17:00:00"
}

zotero(3)(+0000001): Saving translator 'YouTube'

zotero(3)(+0000000): {
    "translatorID": "d3b1d34c-f8a1-43bb-9dd6-27aa6403b217"
    "translatorType": 4
    "label": "YouTube"
    "creator": "Sean Takats, Michael Berkowitz, Matt Burton, Rintze Zelle, and Geoff Banh"
    "target": "^https?://([^/]+\\.)?youtube\\.com/"
    "minVersion": "3.0"
    "maxVersion": null
    "priority": 100
    "inRepository": true
    "browserSupport": "gcsibv"
    "lastUpdated": "2026-06-05 16:15:00"
}

zotero(3)(+0000001): Saving translator 'ScienceDirect'

zotero(3)(+0000000): {
    "translatorID": "b6d0a7a-d076-48ae-b2f0-b6de28b194e"
    "translatorType": 4
    "label": "ScienceDirect"
    "creator": "Michael Berkowitz and Aurimas Vinckevicius"
    "target": "^https?://[^/]*science-?direct\\.com[^/]*/((science/)?(article/|chapter/|(journal|bookseries|handbook)/\\d|book/(?:[a-z-]+/)?\\d)|search[?/]|journal/[^/]+/vol)"
    "minVersion": "3.0"
    "maxVersion": null
    "priority": 100
    "inRepository": true
    "browserSupport": "gcsibv"
    "lastUpdated": "2026-06-05 15:45:00"
}

zotero(3)(+0000003): Saving translator 'PKP Catalog Systems'

zotero(3)(+0000000): {
    "translatorID": "99b62ba4-065c-4e83-a5c0-d8cc0c75d388"
    "translatorType": 4
    "label": "PKP Catalog Systems"
    "creator": "Aurimas Vinckevicius and Abe Jellinek"
    "target": "/(article|preprint|issue)/view/|/catalog/book/|/search/search|/index\\.php/default"
    "minVersion": "2.1.9"
    "maxVersion": null
    "priority": 200
    "inRepository": true
    "browserSupport": "gcsibv"
    "lastUpdated": "2026-06-04 20:45:00"
}

zotero(3)(+0000002): Saving translator 'clinicaltrials.gov'

zotero(3)(+0000001): {
    "translatorID": "874d70a0-6b95-4391-a681-c56dabaa1411"
    "translatorType": 4
    "label": "clinicaltrials.gov"
    "creator": "Ryan Velazquez and contributors"
    "target": "^https://(classic\\.clinicaltrials\\.gov/ct2/(show|results)|(www\\.)?clinicaltrials\\.gov/(study|search))\\b"
    "minVersion": "5.0"
    "maxVersion": null
    "priority": 100
    "inRepository": true
    "browserSupport": "gcsibv"
    "lastUpdated": "2026-06-04 15:50:00"
}

zotero(3)(+0000001): Saving translator 'NIST Publications'

zotero(3)(+0000000): {
    "translatorID": "9bba4c1b-7189-49c5-845f-ca20026d9e51"
    "translatorType": 4
    "label": "NIST Publications"
    "creator": "Abe Jellinek"
    "target": "^https?://www\\.nist\\.gov/publications(/|\\?|$)"
    "minVersion": "5.0"
    "maxVersion": null
    "priority": 100
    "inRepository": true
    "browserSupport": "gcsibv"
    "lastUpdated": "2026-05-26 18:05:00"
}

zotero(3)(+0000002): Saving translator 'ForumMagnum'

zotero(3)(+0000000): {
    "translatorID": "d9f957ca-6393-48ba-b179-59c384e37a12"
    "translatorType": 4
    "label": "ForumMagnum"
    "creator": "Federico Stafforini"
    "target": "^https://(forum\\.effectivealtruism\\.org|www\\.lesswrong\\.com)/"
    "minVersion": "5.0"
    "maxVersion": null
    "priority": 100
    "inRepository": true
    "browserSupport": "gcsibv"
    "lastUpdated": "2026-05-22 19:05:00"
}

zotero(3)(+0000002): Saving translator 'newspapers.com'

zotero(3)(+0000000): {
    "translatorID": "22dd8e35-02da-4968-b306-6efe0779a48d"
    "translatorType": 4
    "label": "newspapers.com"
    "creator": "Peter Binkley"
    "target": "^https?://[^/]+\\.newspapers\\.com/(article|image|newspage)/"
    "minVersion": "3.0"
    "maxVersion": null
    "priority": 100
    "inRepository": true
    "browserSupport": "gcsibv"
    "lastUpdated": "2026-05-21 16:15:00"
}

zotero(3)(+0000001): Saving translator 'PubMed XML'

zotero(3)(+0000000): {
    "translatorID": "fcf41bed-0cbc-3704-85c7-8062a0068a7a"
    "translatorType": 1
    "label": "PubMed XML"
    "creator": "Simon Kornblith, Michael Berkowitz, Avram Lyon, and Rintze Zelle"
    "target": "xml"
    "minVersion": "2.1.9"
    "maxVersion": null
    "priority": 100
    "inRepository": true
    "configOptions": {
        "dataMode": "xml/dom"
    }
    "lastUpdated": "2026-05-21 15:00:00"
}

zotero(3)(+0000002): Saving style 'http://www.zotero.org/styles/american-chemical-society'

zotero(3)(+0000002): Saving style 'http://www.zotero.org/styles/american-medical-association'

zotero(3)(+0000001): Saving style 'http://www.zotero.org/styles/american-political-science-association'

zotero(3)(+0000001): Saving style 'http://www.zotero.org/styles/american-sociological-association'

zotero(3)(+0000002): Saving style 'http://www.zotero.org/styles/apa'

zotero(3)(+0000001): Saving style 'http://www.zotero.org/styles/chicago-author-date'

zotero(3)(+0000002): Saving style 'http://www.zotero.org/styles/chicago-notes-bibliography'

zotero(3)(+0000002): Saving style 'http://www.zotero.org/styles/chicago-shortened-notes-bibliography'

zotero(3)(+0000002): Saving style 'http://www.zotero.org/styles/elsevier-harvard'

zotero(3)(+0000001): Saving style 'http://www.zotero.org/styles/harvard-cite-them-right'

zotero(3)(+0000002): Saving style 'http://www.zotero.org/styles/ieee'

zotero(3)(+0000001): Saving style 'http://www.zotero.org/styles/mhra-notes'

zotero(3)(+0000001): Saving style 'http://www.zotero.org/styles/modern-language-association'

zotero(3)(+0000001): Saving style 'http://www.zotero.org/styles/nature'

zotero(3)(+0000003): Saving style 'http://www.zotero.org/styles/nlm-citation-sequence'

zotero(3)(+0000002): Initializing translators

zotero(4)(+0000000): SELECT rowid, fileName, metadataJSON, lastModifiedTime FROM translatorCache

zotero(3)(+0000016): Getting contents of E:\Kumiko\pythonProject\Zotero\tmp\zotero-0.6.0-smoke-data\translators\Anne Frank Knowledge Base.js

zotero(4)(+0000001): REPLACE INTO translatorCache VALUES (?, ?, ?) ['Anne Frank Knowledge Base.js', '{"translatorID":"cd29a8b7-1b52-4c8c-b2af-7cfc5cbbecb9","translatorType":4,"label":"Anne Frank Knowledge Base","creator":"Vera de Kok","target":"^https?://research\\.annefrank\\.org/(?:en|nl|api)/","priority":100,"lastUpdated":"2026-06-26 16:10:00","browserSupport":"gcsibv","minVersion":"5.0","maxVersion":null,"inRepository":true}', 1785652370033]

zotero(3)(+0000033): Getting contents of E:\Kumiko\pythonProject\Zotero\tmp\zotero-0.6.0-smoke-data\translators\clinicaltrials.gov.js

zotero(4)(+0000001): REPLACE INTO translatorCache VALUES (?, ?, ?) ['clinicaltrials.gov.js', '{"translatorID":"874d70a0-6b95-4391-a681-c56dabaa1411","translatorType":4,"label":"clinicaltrials.gov","creator":"Ryan Velazquez and contributors","target":"^https://(classic\\.clinicaltrials\\.gov/ct2/(show|results)|(www\\.)?clinicaltrials\\.gov/(study|search))\\b","priority":100,"lastUpdated":"2026-06-04 15:50:00","browserSupport":"gcsibv","minVersion":"5.0","maxVersion":null,"inRepository":true}', 1785652370046]

zotero(3)(+0000026): Getting contents of E:\Kumiko\pythonProject\Zotero\tmp\zotero-0.6.0-smoke-data\translators\EBSCO Discovery Layer.js

zotero(4)(+0000000): REPLACE INTO translatorCache VALUES (?, ?, ?) ['EBSCO Discovery Layer.js', '{"translatorID":"660fcf3e-3414-41b8-97a5-e672fc2e491d","translatorType":4,"label":"EBSCO Discovery Layer","creator":"Sebastian Karcher","target":"^https?://(discovery|research)\\.ebsco\\.com/","priority":100,"lastUpdated":"2026-06-15 17:00:00","browserSupport":"gcsibv","minVersion":"5.0","maxVersion":null,"inRepository":true}', 1785652370038]

zotero(3)(+0000019): Getting contents of E:\Kumiko\pythonProject\Zotero\tmp\zotero-0.6.0-smoke-data\translators\ForumMagnum.js

zotero(4)(+0000001): REPLACE INTO translatorCache VALUES (?, ?, ?) ['ForumMagnum.js', '{"translatorID":"d9f957ca-6393-48ba-b179-59c384e37a12","translatorType":4,"label":"ForumMagnum","creator":"Federico Stafforini","target":"^https://(forum\\.effectivealtruism\\.org|www\\.lesswrong\\.com)/","priority":100,"lastUpdated":"2026-05-22 19:05:00","browserSupport":"gcsibv","minVersion":"5.0","maxVersion":null,"inRepository":true}', 1785652370049]

zotero(3)(+0000011): Getting contents of E:\Kumiko\pythonProject\Zotero\tmp\zotero-0.6.0-smoke-data\translators\Google Books.js

zotero(4)(+0000001): REPLACE INTO translatorCache VALUES (?, ?, ?) ['Google Books.js', '{"translatorID":"3e684d82-73a3-9a34-095f-19b112d88bbf","translatorType":4,"label":"Google Books","creator":"Simon Kornblith, Michael Berkowitz, Rintze Zelle, and Sebastian Karcher","target":"^https?://(books|www)\\.google\\.[a-z]+(\\.[a-z]+)?/(books(/.*)?\\?(.*id=.*|.*q=.*)|search\\?.*?(btnG=Search\\+Books|tbm=bks)|books/edition/)|^https?://play\\.google\\.[a-z]+(\\.[a-z]+)?/(store/)?(books|search\\?.*c=books)","priority":100,"lastUpdated":"2026-07-22 16:30:00","browserSupport":"gcsbv","minVersion":"2.1.9","maxVersion":null,"inRepository":true}', 1785652370021]

zotero(3)(+0000012): Getting contents of E:\Kumiko\pythonProject\Zotero\tmp\zotero-0.6.0-smoke-data\translators\HeinOnline.js

zotero(4)(+0000000): REPLACE INTO translatorCache VALUES (?, ?, ?) ['HeinOnline.js', '{"translatorID":"3dcbb947-f7e3-4bbd-a4e5-717f3701d624","translatorType":4,"label":"HeinOnline","creator":"Frank Bennett","target":"^https?://access\\.heinonline\\.com/HOL/(LuceneSearch|Page|IFLPMetaData|AuthorProfile)\\?","priority":100,"lastUpdated":"2026-07-07 16:00:00","browserSupport":"gcsibv","minVersion":"3.0","maxVersion":null,"inRepository":true}', 1785652370029]

zotero(3)(+0000032): Getting contents of E:\Kumiko\pythonProject\Zotero\tmp\zotero-0.6.0-smoke-data\translators\Library Catalog (DRA).js

zotero(4)(+0000001): REPLACE INTO translatorCache VALUES (?, ?, ?) ['Library Catalog (DRA).js', '{"translatorID":"fb12ae9e-f473-cab4-0546-27ab88c64101","translatorType":4,"label":"Library Catalog (DRA)","creator":"Simon Kornblith","target":"/web2/tramp2\\.exe/(see\\_record/|authority\\_hits/|do_keyword_search|form/|goto/.*\\?.*screen=(MARC)?Record\\.html)","priority":260,"lastUpdated":"2026-07-22 16:30:00","browserSupport":"gcsbv","minVersion":"3.0","maxVersion":null,"inRepository":true}', 1785652370023]

zotero(3)(+0000029): Getting contents of E:\Kumiko\pythonProject\Zotero\tmp\zotero-0.6.0-smoke-data\translators\NCBI Nucleotide.js

zotero(4)(+0000001): REPLACE INTO translatorCache VALUES (?, ?, ?) ['NCBI Nucleotide.js', '{"translatorID":"5e385e77-2f51-41b4-a29b-908e23d5d3e8","translatorType":4,"label":"NCBI Nucleotide","creator":"Martin Fenner","target":"^https?://(www\\.)?ncbi\\.nlm\\.nih\\.gov/nuccore/","priority":100,"lastUpdated":"2026-07-22 16:30:00","browserSupport":"gcs","minVersion":"3.0","maxVersion":null,"inRepository":true}', 1785652370024]

zotero(3)(+0000007): Getting contents of E:\Kumiko\pythonProject\Zotero\tmp\zotero-0.6.0-smoke-data\translators\Neural Information Processing Systems.js

zotero(4)(+0000001): REPLACE INTO translatorCache VALUES (?, ?, ?) ['Neural Information Processing Systems.js', '{"translatorID":"c816f8ad-4c73-4f6d-914e-a6e7212746cf","translatorType":4,"label":"Neural Information Processing Systems","creator":"Fei Qi, Sebastian Karcher, Guy Aglionby, and Abe Jellinek","target":"^https?://(papers|proceedings)\\.n(eur)?ips\\.cc/","priority":100,"lastUpdated":"2026-06-26 16:20:00","browserSupport":"gcsibv","minVersion":"3.0","maxVersion":null,"inRepository":true}', 1785652370032]

zotero(3)(+0000009): Getting contents of E:\Kumiko\pythonProject\Zotero\tmp\zotero-0.6.0-smoke-data\translators\newspapers.com.js

zotero(4)(+0000001): REPLACE INTO translatorCache VALUES (?, ?, ?) ['newspapers.com.js', '{"translatorID":"22dd8e35-02da-4968-b306-6efe0779a48d","translatorType":4,"label":"newspapers.com","creator":"Peter Binkley","target":"^https?://[^/]+\\.newspapers\\.com/(article|image|newspage)/","priority":100,"lastUpdated":"2026-05-21 16:15:00","browserSupport":"gcsibv","minVersion":"3.0","maxVersion":null,"inRepository":true}', 1785652370051]

zotero(3)(+0000007): Getting contents of E:\Kumiko\pythonProject\Zotero\tmp\zotero-0.6.0-smoke-data\translators\NIST Publications.js

zotero(4)(+0000000): REPLACE INTO translatorCache VALUES (?, ?, ?) ['NIST Publications.js', '{"translatorID":"9bba4c1b-7189-49c5-845f-ca20026d9e51","translatorType":4,"label":"NIST Publications","creator":"Abe Jellinek","target":"^https?://www\\.nist\\.gov/publications(/|\\?|$)","priority":100,"lastUpdated":"2026-05-26 18:05:00","browserSupport":"gcsibv","minVersion":"5.0","maxVersion":null,"inRepository":true}', 1785652370047]

zotero(3)(+0000012): Getting contents of E:\Kumiko\pythonProject\Zotero\tmp\zotero-0.6.0-smoke-data\translators\Open WorldCat.js

zotero(4)(+0000000): REPLACE INTO translatorCache VALUES (?, ?, ?) ['Open WorldCat.js', '{"translatorID":"c73a4a8c-3ef1-4ec8-8229-7531ee384cc4","translatorType":12,"label":"Open WorldCat","creator":"Simon Kornblith, Sebastian Karcher, Abe Jellinek","target":"^https?://([^/]+\\.)?worldcat\\.org/","priority":100,"lastUpdated":"2026-07-31 18:50:00","browserSupport":"gcsibv","minVersion":"5.0","maxVersion":null,"inRepository":true}', 1785652370018]

zotero(3)(+0000016): Getting contents of E:\Kumiko\pythonProject\Zotero\tmp\zotero-0.6.0-smoke-data\translators\PKP Catalog Systems.js

zotero(4)(+0000001): REPLACE INTO translatorCache VALUES (?, ?, ?) ['PKP Catalog Systems.js', '{"translatorID":"99b62ba4-065c-4e83-a5c0-d8cc0c75d388","translatorType":4,"label":"PKP Catalog Systems","creator":"Aurimas Vinckevicius and Abe Jellinek","target":"/(article|preprint|issue)/view/|/catalog/book/|/search/search|/index\\.php/default","priority":200,"lastUpdated":"2026-06-04 20:45:00","browserSupport":"gcsibv","minVersion":"2.1.9","maxVersion":null,"inRepository":true}', 1785652370043]

zotero(3)(+0000008): Getting contents of E:\Kumiko\pythonProject\Zotero\tmp\zotero-0.6.0-smoke-data\translators\Primo Normalized XML.js

zotero(4)(+0000001): REPLACE INTO translatorCache VALUES (?, ?, ?) ['Primo Normalized XML.js', '{"translatorID":"efd737c9-a227-4113-866e-d57fbc0684ca","translatorType":1,"label":"Primo Normalized XML","creator":"Philipp Zumstein","target":"xml","priority":100,"lastUpdated":"2026-07-23 16:00:00","browserSupport":"g","minVersion":"3.0","maxVersion":null,"inRepository":true,"configOptions":{"dataMode":"xml/dom"}}', 1785652370020]

zotero(3)(+0000010): Getting contents of E:\Kumiko\pythonProject\Zotero\tmp\zotero-0.6.0-smoke-data\translators\PubMed XML.js

zotero(4)(+0000001): REPLACE INTO translatorCache VALUES (?, ?, ?) ['PubMed XML.js', '{"translatorID":"fcf41bed-0cbc-3704-85c7-8062a0068a7a","translatorType":1,"label":"PubMed XML","creator":"Simon Kornblith, Michael Berkowitz, Avram Lyon, and Rintze Zelle","target":"xml","priority":100,"lastUpdated":"2026-05-21 15:00:00","browserSupport":"g","minVersion":"2.1.9","maxVersion":null,"inRepository":true,"configOptions":{"dataMode":"xml/dom"}}', 1785652370052]

zotero(3)(+0000009): Getting contents of E:\Kumiko\pythonProject\Zotero\tmp\zotero-0.6.0-smoke-data\translators\RDF.js

zotero(4)(+0000001): REPLACE INTO translatorCache VALUES (?, ?, ?) ['RDF.js', '{"translatorID":"5e3ad958-ac79-463d-812b-a86a9235c28f","translatorType":1,"label":"RDF","creator":"Simon Kornblith","target":"rdf","priority":100,"lastUpdated":"2026-06-19 20:35:00","browserSupport":"g","minVersion":"2.1.9","maxVersion":null,"inRepository":true,"configOptions":{"async":true,"dataMode":"rdf/xml"}}', 1785652370036]

zotero(3)(+0000011): Getting contents of E:\Kumiko\pythonProject\Zotero\tmp\zotero-0.6.0-smoke-data\translators\SAGE Journals.js

zotero(4)(+0000001): REPLACE INTO translatorCache VALUES (?, ?, ?) ['SAGE Journals.js', '{"translatorID":"908c1ca2-59b6-4ad8-b026-709b7b927bda","translatorType":4,"label":"SAGE Journals","creator":"Sebastian Karcher","target":"^https?://journals\\.sagepub\\.com(/doi/((abs|full|pdf)/)?10\\.|/action/doSearch\\?|/toc/)","priority":100,"lastUpdated":"2026-07-21 15:35:00","browserSupport":"gcsibv","minVersion":"3.0","maxVersion":null,"inRepository":true}', 1785652370026]

zotero(3)(+0000008): Getting contents of E:\Kumiko\pythonProject\Zotero\tmp\zotero-0.6.0-smoke-data\translators\SAGE Knowledge.js

zotero(4)(+0000000): REPLACE INTO translatorCache VALUES (?, ?, ?) ['SAGE Knowledge.js', '{"translatorID":"d21dcd90-c997-4e14-8fe0-353b8e19a47a","translatorType":4,"label":"SAGE Knowledge","creator":"ProQuest, Philipp Zumstein","target":"^https?://sk\\.sagepub\\.com/","priority":100,"lastUpdated":"2026-07-22 16:30:00","browserSupport":"gcsibv","minVersion":"3.0","maxVersion":null,"inRepository":true}', 1785652370025]

zotero(3)(+0000011): Getting contents of E:\Kumiko\pythonProject\Zotero\tmp\zotero-0.6.0-smoke-data\translators\ScienceDirect.js

zotero(4)(+0000000): REPLACE INTO translatorCache VALUES (?, ?, ?) ['ScienceDirect.js', '{"translatorID":"b6d0a7a-d076-48ae-b2f0-b6de28b194e","translatorType":4,"label":"ScienceDirect","creator":"Michael Berkowitz and Aurimas Vinckevicius","target":"^https?://[^/]*science-?direct\\.com[^/]*/((science/)?(article/|chapter/|(journal|bookseries|handbook)/\\d|book/(?:[a-z-]+/)?\\d)|search[?/]|journal/[^/]+/vol)","priority":100,"lastUpdated":"2026-06-05 15:45:00","browserSupport":"gcsibv","minVersion":"3.0","maxVersion":null,"inRepository":true}', 1785652370040]

zotero(3)(+0000018): Getting contents of E:\Kumiko\pythonProject\Zotero\tmp\zotero-0.6.0-smoke-data\translators\SVT Nyheter.js

zotero(4)(+0000001): REPLACE INTO translatorCache VALUES (?, ?, ?) ['SVT Nyheter.js', '{"translatorID":"4c6d887e-341d-4edb-b651-ea702a8918d7","translatorType":4,"label":"SVT Nyheter","creator":"Sebastian Berlin","target":"^https?://www\\.svt\\.se/nyheter/","priority":100,"lastUpdated":"2026-07-06 18:55:00","browserSupport":"gcsibv","minVersion":"3.0","maxVersion":null,"inRepository":true}', 1785652370030]

zotero(3)(+0000033): Getting contents of E:\Kumiko\pythonProject\Zotero\tmp\zotero-0.6.0-smoke-data\translators\YouTube.js

zotero(4)(+0000001): REPLACE INTO translatorCache VALUES (?, ?, ?) ['YouTube.js', '{"translatorID":"d3b1d34c-f8a1-43bb-9dd6-27aa6403b217","translatorType":4,"label":"YouTube","creator":"Sean Takats, Michael Berkowitz, Matt Burton, Rintze Zelle, and Geoff Banh","target":"^https?://([^/]+\\.)?youtube\\.com/","priority":100,"lastUpdated":"2026-06-05 16:15:00","browserSupport":"gcsibv","minVersion":"3.0","maxVersion":null,"inRepository":true}', 1785652370039]

zotero(3)(+0000009): Cached 748 translators in 361 ms

zotero(3)(+0000001): Initializing styles

zotero(3)(+0000001): Getting contents of E:\Kumiko\pythonProject\Zotero\tmp\zotero-0.6.0-smoke-data\styles\american-chemical-society.csl

zotero(3)(+0000001): Getting contents of E:\Kumiko\pythonProject\Zotero\tmp\zotero-0.6.0-smoke-data\styles\american-medical-association.csl

zotero(3)(+0000001): Getting contents of E:\Kumiko\pythonProject\Zotero\tmp\zotero-0.6.0-smoke-data\styles\american-political-science-association.csl

zotero(3)(+0000001): Getting contents of E:\Kumiko\pythonProject\Zotero\tmp\zotero-0.6.0-smoke-data\styles\american-sociological-association.csl

zotero(3)(+0000000): Getting contents of E:\Kumiko\pythonProject\Zotero\tmp\zotero-0.6.0-smoke-data\styles\apa.csl

zotero(3)(+0000003): Getting contents of E:\Kumiko\pythonProject\Zotero\tmp\zotero-0.6.0-smoke-data\styles\chicago-author-date.csl

zotero(3)(+0000006): Getting contents of E:\Kumiko\pythonProject\Zotero\tmp\zotero-0.6.0-smoke-data\styles\chicago-notes-bibliography.csl

zotero(3)(+0000007): Getting contents of E:\Kumiko\pythonProject\Zotero\tmp\zotero-0.6.0-smoke-data\styles\chicago-shortened-notes-bibliography.csl

zotero(3)(+0000005): Getting contents of E:\Kumiko\pythonProject\Zotero\tmp\zotero-0.6.0-smoke-data\styles\elsevier-harvard.csl

zotero(3)(+0000001): Getting contents of E:\Kumiko\pythonProject\Zotero\tmp\zotero-0.6.0-smoke-data\styles\harvard-cite-them-right.csl

zotero(3)(+0000002): Getting contents of E:\Kumiko\pythonProject\Zotero\tmp\zotero-0.6.0-smoke-data\styles\ieee.csl

zotero(3)(+0000001): Getting contents of E:\Kumiko\pythonProject\Zotero\tmp\zotero-0.6.0-smoke-data\styles\mhra-notes.csl

zotero(3)(+0000004): Getting contents of E:\Kumiko\pythonProject\Zotero\tmp\zotero-0.6.0-smoke-data\styles\modern-language-association.csl

zotero(3)(+0000002): Getting contents of E:\Kumiko\pythonProject\Zotero\tmp\zotero-0.6.0-smoke-data\styles\nature.csl

zotero(3)(+0000001): Getting contents of E:\Kumiko\pythonProject\Zotero\tmp\zotero-0.6.0-smoke-data\styles\nlm-citation-sequence.csl

zotero(3)(+0000001): Getting contents of [xpconnect wrapped nsIChannel]

zotero(3)(+0000001): Cached 15 styles in 38 ms

zotero(3)(+0000000): Getting contents of [xpconnect wrapped nsIChannel]

zotero(4)(+0000001): Beginning DB transaction J94f0WOl

zotero(4)(+0000000): REPLACE INTO version (schema,version) VALUES (?,?) ['repository', 1785652364]

zotero(4)(+0000001): REPLACE INTO version (schema,version) VALUES (?,?) ['lastcheck', 1785652370]

zotero(4)(+0000006): Committed DB transaction J94f0WOl

zotero(3)(+0000000): Initializing DB backup idle observer

zotero(3)(+0000001): HTTP GET https://api.zotero.org/retractions/list

zotero(4)(+0000018): Beginning DB transaction zD6DzfJr

zotero(3)(+0000039): Cached CSL.Engine instance with {"locale":"zh-CN","automaticJournalAbbreviations":false} for http://www.zotero.org/styles/chicago-shortened-notes-bibliography

zotero(3)(+0000000): Preloading 1412e9e2-51e1-42ec-aa35-e036a895534b for Quick Copy

zotero(3)(+0000000): Getting contents of E:\Kumiko\pythonProject\Zotero\tmp\zotero-0.6.0-smoke-data\translators\Note Markdown.js

zotero(4)(+0000001): Committed DB transaction zD6DzfJr

zotero(3)(+0000000): Purged data tables in 40 ms

zotero(3)(+0000000): Preloading 897a81c2-9f60-4bec-ae6b-85a5030b8be5 for Quick Copy

zotero(3)(+0000000): Getting contents of E:\Kumiko\pythonProject\Zotero\tmp\zotero-0.6.0-smoke-data\translators\Note HTML.js

zotero(4)(+0000006): SELECT key AS domainPath, value AS format FROM settings WHERE setting='quickCopySite'

